workload_id,config,cost_usd,latency_ms,status
WL_0001,greedily_cheapest,0.004493,23.5,optimal
WL_0001,cost_only,inf,inf,infeasible
WL_0001,cost_latency,inf,inf,infeasible
WL_0001,cost_latency_redundancy,inf,inf,infeasible
WL_0001,full_balanced,inf,inf,infeasible
WL_0002,greedily_cheapest,0.535019,20.0,optimal
WL_0002,cost_only,1.750005,22.0,optimal
WL_0002,cost_latency,1.750005,22.0,optimal
WL_0002,cost_latency_redundancy,1.750005,22.0,optimal
WL_0002,full_balanced,1.750005,22.0,optimal
WL_0003,greedily_cheapest,0.0228,20.0,optimal
WL_0003,cost_only,0.0228,20.0,optimal
WL_0003,cost_latency,0.0228,20.0,optimal
WL_0003,cost_latency_redundancy,0.0228,20.0,optimal
WL_0003,full_balanced,0.0228,20.0,optimal
WL_0004,greedily_cheapest,0.334454,20.0,optimal
WL_0004,cost_only,0.334454,20.0,optimal
WL_0004,cost_latency,0.334454,20.0,optimal
WL_0004,cost_latency_redundancy,0.334454,20.0,optimal
WL_0004,full_balanced,0.334454,20.0,optimal
WL_0005,greedily_cheapest,0.000268,20.0,optimal
WL_0005,cost_only,0.000268,20.0,optimal
WL_0005,cost_latency,0.000268,20.0,optimal
WL_0005,cost_latency_redundancy,0.000268,20.0,optimal
WL_0005,full_balanced,0.000268,20.0,optimal
WL_0006,greedily_cheapest,0.00277,20.0,optimal
WL_0006,cost_only,0.00277,20.0,optimal
WL_0006,cost_latency,0.00277,20.0,optimal
WL_0006,cost_latency_redundancy,0.00277,20.0,optimal
WL_0006,full_balanced,0.00277,20.0,optimal
WL_0007,greedily_cheapest,0.047361,20.0,optimal
WL_0007,cost_only,0.065067,50.0,optimal
WL_0007,cost_latency,0.082928,22.0,optimal
WL_0007,cost_latency_redundancy,0.082928,22.0,optimal
WL_0007,full_balanced,0.082928,22.0,optimal
WL_0008,greedily_cheapest,0.177878,20.0,optimal
WL_0008,cost_only,0.177878,20.0,optimal
WL_0008,cost_latency,0.177878,20.0,optimal
WL_0008,cost_latency_redundancy,0.177878,20.0,optimal
WL_0008,full_balanced,0.177878,20.0,optimal
WL_0009,greedily_cheapest,0.001765,100.0,optimal
WL_0009,cost_only,0.001767,20.0,optimal
WL_0009,cost_latency,0.001767,20.0,optimal
WL_0009,cost_latency_redundancy,0.001767,20.0,optimal
WL_0009,full_balanced,0.001767,20.0,optimal
WL_0010,greedily_cheapest,0.117609,20.0,optimal
WL_0010,cost_only,inf,inf,infeasible
WL_0010,cost_latency,inf,inf,infeasible
WL_0010,cost_latency_redundancy,inf,inf,infeasible
WL_0010,full_balanced,inf,inf,infeasible
WL_0011,greedily_cheapest,0.001385,20.0,optimal
WL_0011,cost_only,inf,inf,infeasible
WL_0011,cost_latency,inf,inf,infeasible
WL_0011,cost_latency_redundancy,inf,inf,infeasible
WL_0011,full_balanced,inf,inf,infeasible
WL_0012,greedily_cheapest,0.023074,28.0,optimal
WL_0012,cost_only,0.023074,28.0,optimal
WL_0012,cost_latency,0.023919,20.0,optimal
WL_0012,cost_latency_redundancy,0.023919,20.0,optimal
WL_0012,full_balanced,0.023919,20.0,optimal
WL_0013,greedily_cheapest,0.067882,50.0,optimal
WL_0013,cost_only,inf,inf,infeasible
WL_0013,cost_latency,inf,inf,infeasible
WL_0013,cost_latency_redundancy,inf,inf,infeasible
WL_0013,full_balanced,inf,inf,infeasible
WL_0014,greedily_cheapest,0.003571,28.0,optimal
WL_0014,cost_only,0.003571,28.0,optimal
WL_0014,cost_latency,0.003604,25.0,optimal
WL_0014,cost_latency_redundancy,0.003604,25.0,optimal
WL_0014,full_balanced,0.003604,25.0,optimal
WL_0015,greedily_cheapest,0.001945,64.0,optimal
WL_0015,cost_only,inf,inf,infeasible
WL_0015,cost_latency,inf,inf,infeasible
WL_0015,cost_latency_redundancy,inf,inf,infeasible
WL_0015,full_balanced,inf,inf,infeasible
WL_0016,greedily_cheapest,0.103503,50.0,optimal
WL_0016,cost_only,inf,inf,infeasible
WL_0016,cost_latency,inf,inf,infeasible
WL_0016,cost_latency_redundancy,inf,inf,infeasible
WL_0016,full_balanced,inf,inf,infeasible
WL_0017,greedily_cheapest,2.2e-05,50.0,optimal
WL_0017,cost_only,2.2e-05,50.0,optimal
WL_0017,cost_latency,2.2e-05,50.0,optimal
WL_0017,cost_latency_redundancy,2.2e-05,50.0,optimal
WL_0017,full_balanced,2.2e-05,50.0,optimal
WL_0018,greedily_cheapest,0.607811,75.0,optimal
WL_0018,cost_only,0.607811,75.0,optimal
WL_0018,cost_latency,0.611106,22.5,optimal
WL_0018,cost_latency_redundancy,0.611106,22.5,optimal
WL_0018,full_balanced,0.611106,22.5,optimal
WL_0019,greedily_cheapest,0.053652,28.0,optimal
WL_0019,cost_only,inf,inf,infeasible
WL_0019,cost_latency,inf,inf,infeasible
WL_0019,cost_latency_redundancy,inf,inf,infeasible
WL_0019,full_balanced,inf,inf,infeasible
WL_0020,greedily_cheapest,0.004616,28.0,optimal
WL_0020,cost_only,0.004616,28.0,optimal
WL_0020,cost_latency,0.004733,25.0,optimal
WL_0020,cost_latency_redundancy,0.004733,25.0,optimal
WL_0020,full_balanced,0.004733,25.0,optimal
WL_0021,greedily_cheapest,2.945594,20.0,optimal
WL_0021,cost_only,2.945594,20.0,optimal
WL_0021,cost_latency,2.945594,20.0,optimal
WL_0021,cost_latency_redundancy,2.945594,20.0,optimal
WL_0021,full_balanced,2.945594,20.0,optimal
WL_0022,greedily_cheapest,0.1847,64.0,optimal
WL_0022,cost_only,inf,inf,infeasible
WL_0022,cost_latency,inf,inf,infeasible
WL_0022,cost_latency_redundancy,inf,inf,infeasible
WL_0022,full_balanced,inf,inf,infeasible
WL_0023,greedily_cheapest,0.155237,28.0,optimal
WL_0023,cost_only,inf,inf,infeasible
WL_0023,cost_latency,inf,inf,infeasible
WL_0023,cost_latency_redundancy,inf,inf,infeasible
WL_0023,full_balanced,inf,inf,infeasible
WL_0024,greedily_cheapest,0.065611,26.5,optimal
WL_0024,cost_only,0.065611,26.5,optimal
WL_0024,cost_latency,0.065611,26.5,optimal
WL_0024,cost_latency_redundancy,0.065611,26.5,optimal
WL_0024,full_balanced,0.065611,26.5,optimal
WL_0025,greedily_cheapest,0.001183,100.0,optimal
WL_0025,cost_only,inf,inf,infeasible
WL_0025,cost_latency,inf,inf,infeasible
WL_0025,cost_latency_redundancy,inf,inf,infeasible
WL_0025,full_balanced,inf,inf,infeasible
WL_0026,greedily_cheapest,0.000515,20.0,optimal
WL_0026,cost_only,inf,inf,infeasible
WL_0026,cost_latency,inf,inf,infeasible
WL_0026,cost_latency_redundancy,inf,inf,infeasible
WL_0026,full_balanced,inf,inf,infeasible
WL_0027,greedily_cheapest,0.155109,28.0,optimal
WL_0027,cost_only,0.155109,28.0,optimal
WL_0027,cost_latency,0.15951,25.0,optimal
WL_0027,cost_latency_redundancy,0.15951,25.0,optimal
WL_0027,full_balanced,0.15951,25.0,optimal
WL_0028,greedily_cheapest,2.059741,28.0,optimal
WL_0028,cost_only,2.059741,28.0,optimal
WL_0028,cost_latency,2.130272,25.0,optimal
WL_0028,cost_latency_redundancy,2.130272,25.0,optimal
WL_0028,full_balanced,2.130272,25.0,optimal
WL_0029,greedily_cheapest,0.611665,26.5,optimal
WL_0029,cost_only,0.611665,26.5,optimal
WL_0029,cost_latency,0.611665,26.5,optimal
WL_0029,cost_latency_redundancy,0.611665,26.5,optimal
WL_0029,full_balanced,0.611665,26.5,optimal
WL_0030,greedily_cheapest,5.4e-05,20.0,optimal
WL_0030,cost_only,inf,inf,infeasible
WL_0030,cost_latency,inf,inf,infeasible
WL_0030,cost_latency_redundancy,inf,inf,infeasible
WL_0030,full_balanced,inf,inf,infeasible
WL_0031,greedily_cheapest,0.007731,75.0,optimal
WL_0031,cost_only,0.009264,42.5,optimal
WL_0031,cost_latency,0.009437,23.5,optimal
WL_0031,cost_latency_redundancy,0.009437,23.5,optimal
WL_0031,full_balanced,0.009437,23.5,optimal
WL_0032,greedily_cheapest,3.584449,60.0,optimal
WL_0032,cost_only,3.584449,60.0,optimal
WL_0032,cost_latency,3.613083,22.5,optimal
WL_0032,cost_latency_redundancy,3.613083,22.5,optimal
WL_0032,full_balanced,3.613083,22.5,optimal
WL_0033,greedily_cheapest,1.254348,26.5,optimal
WL_0033,cost_only,inf,inf,infeasible
WL_0033,cost_latency,inf,inf,infeasible
WL_0033,cost_latency_redundancy,inf,inf,infeasible
WL_0033,full_balanced,inf,inf,infeasible
WL_0034,greedily_cheapest,0.009669,28.0,optimal
WL_0034,cost_only,0.009669,28.0,optimal
WL_0034,cost_latency,0.00996,25.0,optimal
WL_0034,cost_latency_redundancy,0.00996,25.0,optimal
WL_0034,full_balanced,0.00996,25.0,optimal
WL_0035,greedily_cheapest,0.948944,60.0,optimal
WL_0035,cost_only,0.948944,60.0,optimal
WL_0035,cost_latency,0.952595,22.5,optimal
WL_0035,cost_latency_redundancy,0.952595,22.5,optimal
WL_0035,full_balanced,0.952595,22.5,optimal
WL_0036,greedily_cheapest,0.000401,100.0,optimal
WL_0036,cost_only,0.000428,50.0,optimal
WL_0036,cost_latency,0.000469,20.0,optimal
WL_0036,cost_latency_redundancy,0.000469,20.0,optimal
WL_0036,full_balanced,0.000469,20.0,optimal
WL_0037,greedily_cheapest,0.050271,50.0,optimal
WL_0037,cost_only,0.050271,50.0,optimal
WL_0037,cost_latency,0.050323,20.0,optimal
WL_0037,cost_latency_redundancy,0.050323,20.0,optimal
WL_0037,full_balanced,0.050323,20.0,optimal
WL_0038,greedily_cheapest,0.002357,28.0,optimal
WL_0038,cost_only,0.002357,28.0,optimal
WL_0038,cost_latency,0.002374,25.0,optimal
WL_0038,cost_latency_redundancy,0.002374,25.0,optimal
WL_0038,full_balanced,0.002374,25.0,optimal
WL_0039,greedily_cheapest,0.014332,50.0,optimal
WL_0039,cost_only,0.014332,50.0,optimal
WL_0039,cost_latency,0.014381,25.0,optimal
WL_0039,cost_latency_redundancy,0.014381,25.0,optimal
WL_0039,full_balanced,0.014381,25.0,optimal
WL_0040,greedily_cheapest,3.038626,26.5,optimal
WL_0040,cost_only,3.038626,26.5,optimal
WL_0040,cost_latency,3.038626,26.5,optimal
WL_0040,cost_latency_redundancy,3.038626,26.5,optimal
WL_0040,full_balanced,3.038626,26.5,optimal
WL_0041,greedily_cheapest,0.344021,60.0,optimal
WL_0041,cost_only,0.344021,60.0,optimal
WL_0041,cost_latency,0.347107,22.5,optimal
WL_0041,cost_latency_redundancy,0.347107,22.5,optimal
WL_0041,full_balanced,0.347107,22.5,optimal
WL_0042,greedily_cheapest,0.023625,60.0,optimal
WL_0042,cost_only,0.02409,32.5,optimal
WL_0042,cost_latency,0.024618,22.5,optimal
WL_0042,cost_latency_redundancy,0.024618,22.5,optimal
WL_0042,full_balanced,0.024618,22.5,optimal
WL_0043,greedily_cheapest,1.514153,26.5,optimal
WL_0043,cost_only,1.514153,26.5,optimal
WL_0043,cost_latency,1.514153,26.5,optimal
WL_0043,cost_latency_redundancy,1.514153,26.5,optimal
WL_0043,full_balanced,1.514153,26.5,optimal
WL_0044,greedily_cheapest,0.026714,75.0,optimal
WL_0044,cost_only,0.031403,45.0,optimal
WL_0044,cost_latency,0.031756,21.0,optimal
WL_0044,cost_latency_redundancy,0.031756,21.0,optimal
WL_0044,full_balanced,0.031756,21.0,optimal
WL_0045,greedily_cheapest,0.00069,64.0,optimal
WL_0045,cost_only,inf,inf,infeasible
WL_0045,cost_latency,inf,inf,infeasible
WL_0045,cost_latency_redundancy,inf,inf,infeasible
WL_0045,full_balanced,inf,inf,infeasible
WL_0046,greedily_cheapest,0.000676,100.0,optimal
WL_0046,cost_only,0.000676,100.0,optimal
WL_0046,cost_latency,0.000694,20.0,optimal
WL_0046,cost_latency_redundancy,0.000694,20.0,optimal
WL_0046,full_balanced,0.000694,20.0,optimal
WL_0047,greedily_cheapest,0.000717,20.0,optimal
WL_0047,cost_only,inf,inf,infeasible
WL_0047,cost_latency,inf,inf,infeasible
WL_0047,cost_latency_redundancy,inf,inf,infeasible
WL_0047,full_balanced,inf,inf,infeasible
WL_0048,greedily_cheapest,0.007306,60.0,optimal
WL_0048,cost_only,0.007306,60.0,optimal
WL_0048,cost_latency,0.007777,35.0,optimal
WL_0048,cost_latency_redundancy,0.007777,35.0,optimal
WL_0048,full_balanced,0.007777,35.0,optimal
WL_0049,greedily_cheapest,0.011177,20.0,optimal
WL_0049,cost_only,0.011177,20.0,optimal
WL_0049,cost_latency,0.011177,20.0,optimal
WL_0049,cost_latency_redundancy,0.011177,20.0,optimal
WL_0049,full_balanced,0.011177,20.0,optimal
WL_0050,greedily_cheapest,0.00429,28.0,optimal
WL_0050,cost_only,0.00429,28.0,optimal
WL_0050,cost_latency,0.004356,25.0,optimal
WL_0050,cost_latency_redundancy,0.004356,25.0,optimal
WL_0050,full_balanced,0.004356,25.0,optimal
WL_0051,greedily_cheapest,0.102239,50.0,optimal
WL_0051,cost_only,inf,inf,infeasible
WL_0051,cost_latency,inf,inf,infeasible
WL_0051,cost_latency_redundancy,inf,inf,infeasible
WL_0051,full_balanced,inf,inf,infeasible
WL_0052,greedily_cheapest,0.005315,50.0,optimal
WL_0052,cost_only,0.005347,20.0,optimal
WL_0052,cost_latency,0.005347,20.0,optimal
WL_0052,cost_latency_redundancy,0.005347,20.0,optimal
WL_0052,full_balanced,0.005347,20.0,optimal
WL_0053,greedily_cheapest,0.003329,50.0,optimal
WL_0053,cost_only,0.003329,50.0,optimal
WL_0053,cost_latency,0.003446,20.0,optimal
WL_0053,cost_latency_redundancy,0.003446,20.0,optimal
WL_0053,full_balanced,0.003446,20.0,optimal
WL_0054,greedily_cheapest,0.003012,60.0,optimal
WL_0054,cost_only,0.003012,60.0,optimal
WL_0054,cost_latency,0.003211,35.0,optimal
WL_0054,cost_latency_redundancy,0.003211,35.0,optimal
WL_0054,full_balanced,0.003211,35.0,optimal
WL_0055,greedily_cheapest,0.061636,20.0,optimal
WL_0055,cost_only,0.061636,20.0,optimal
WL_0055,cost_latency,0.061636,20.0,optimal
WL_0055,cost_latency_redundancy,0.061636,20.0,optimal
WL_0055,full_balanced,0.061636,20.0,optimal
WL_0056,greedily_cheapest,0.490508,20.0,optimal
WL_0056,cost_only,0.506305,100.0,optimal
WL_0056,cost_latency,0.510843,25.0,optimal
WL_0056,cost_latency_redundancy,0.510843,25.0,optimal
WL_0056,full_balanced,0.510843,25.0,optimal
WL_0057,greedily_cheapest,0.01272,28.0,optimal
WL_0057,cost_only,0.01272,28.0,optimal
WL_0057,cost_latency,0.013891,20.0,optimal
WL_0057,cost_latency_redundancy,0.013891,20.0,optimal
WL_0057,full_balanced,0.013891,20.0,optimal
WL_0058,greedily_cheapest,0.016673,75.0,optimal
WL_0058,cost_only,0.019622,50.0,optimal
WL_0058,cost_latency,0.019881,21.0,optimal
WL_0058,cost_latency_redundancy,0.019881,21.0,optimal
WL_0058,full_balanced,0.019881,21.0,optimal
WL_0059,greedily_cheapest,0.052959,60.0,optimal
WL_0059,cost_only,inf,inf,infeasible
WL_0059,cost_latency,inf,inf,infeasible
WL_0059,cost_latency_redundancy,inf,inf,infeasible
WL_0059,full_balanced,inf,inf,infeasible
WL_0060,greedily_cheapest,11.003159,28.0,optimal
WL_0060,cost_only,inf,inf,infeasible
WL_0060,cost_latency,inf,inf,infeasible
WL_0060,cost_latency_redundancy,inf,inf,infeasible
WL_0060,full_balanced,inf,inf,infeasible
WL_0061,greedily_cheapest,0.000953,20.0,optimal
WL_0061,cost_only,0.000953,20.0,optimal
WL_0061,cost_latency,0.000953,20.0,optimal
WL_0061,cost_latency_redundancy,0.000953,20.0,optimal
WL_0061,full_balanced,0.000953,20.0,optimal
WL_0062,greedily_cheapest,0.017183,60.0,optimal
WL_0062,cost_only,0.017669,22.5,optimal
WL_0062,cost_latency,0.017669,22.5,optimal
WL_0062,cost_latency_redundancy,0.017669,22.5,optimal
WL_0062,full_balanced,0.017669,22.5,optimal
WL_0063,greedily_cheapest,0.5794,25.0,optimal
WL_0063,cost_only,0.5794,25.0,optimal
WL_0063,cost_latency,0.5794,25.0,optimal
WL_0063,cost_latency_redundancy,0.5794,25.0,optimal
WL_0063,full_balanced,0.5794,25.0,optimal
WL_0064,greedily_cheapest,0.004039,28.0,optimal
WL_0064,cost_only,0.004039,28.0,optimal
WL_0064,cost_latency,0.004158,25.0,optimal
WL_0064,cost_latency_redundancy,0.004158,25.0,optimal
WL_0064,full_balanced,0.004158,25.0,optimal
WL_0065,greedily_cheapest,0.017853,60.0,optimal
WL_0065,cost_only,inf,inf,infeasible
WL_0065,cost_latency,inf,inf,infeasible
WL_0065,cost_latency_redundancy,inf,inf,infeasible
WL_0065,full_balanced,inf,inf,infeasible
WL_0066,greedily_cheapest,0.619301,56.67,optimal
WL_0066,cost_only,0.619301,56.67,optimal
WL_0066,cost_latency,0.641199,22.33,optimal
WL_0066,cost_latency_redundancy,0.641199,22.33,optimal
WL_0066,full_balanced,0.641199,22.33,optimal
WL_0067,greedily_cheapest,0.176324,64.0,optimal
WL_0067,cost_only,0.206547,34.0,optimal
WL_0067,cost_latency,0.20795,21.0,optimal
WL_0067,cost_latency_redundancy,0.20795,21.0,optimal
WL_0067,full_balanced,0.20795,21.0,optimal
WL_0068,greedily_cheapest,20.966247,26.5,optimal
WL_0068,cost_only,20.966247,26.5,optimal
WL_0068,cost_latency,20.966247,26.5,optimal
WL_0068,cost_latency_redundancy,20.966247,26.5,optimal
WL_0068,full_balanced,20.966247,26.5,optimal
WL_0069,greedily_cheapest,0.005539,20.0,optimal
WL_0069,cost_only,0.005539,20.0,optimal
WL_0069,cost_latency,0.005539,20.0,optimal
WL_0069,cost_latency_redundancy,0.005539,20.0,optimal
WL_0069,full_balanced,0.005539,20.0,optimal
WL_0070,greedily_cheapest,0.007478,75.0,optimal
WL_0070,cost_only,0.007598,47.5,optimal
WL_0070,cost_latency,0.007794,22.5,optimal
WL_0070,cost_latency_redundancy,0.007794,22.5,optimal
WL_0070,full_balanced,0.007794,22.5,optimal
WL_0071,greedily_cheapest,0.00755,20.0,optimal
WL_0071,cost_only,0.00755,20.0,optimal
WL_0071,cost_latency,0.00755,20.0,optimal
WL_0071,cost_latency_redundancy,0.00755,20.0,optimal
WL_0071,full_balanced,0.00755,20.0,optimal
WL_0072,greedily_cheapest,0.001621,20.0,optimal
WL_0072,cost_only,0.001621,20.0,optimal
WL_0072,cost_latency,0.001621,20.0,optimal
WL_0072,cost_latency_redundancy,0.001621,20.0,optimal
WL_0072,full_balanced,0.001621,20.0,optimal
WL_0073,greedily_cheapest,0.002844,20.0,optimal
WL_0073,cost_only,0.002844,20.0,optimal
WL_0073,cost_latency,0.002844,20.0,optimal
WL_0073,cost_latency_redundancy,0.002844,20.0,optimal
WL_0073,full_balanced,0.002844,20.0,optimal
WL_0074,greedily_cheapest,3.072963,20.0,optimal
WL_0074,cost_only,3.072963,20.0,optimal
WL_0074,cost_latency,3.072963,20.0,optimal
WL_0074,cost_latency_redundancy,3.072963,20.0,optimal
WL_0074,full_balanced,3.072963,20.0,optimal
WL_0075,greedily_cheapest,0.000843,100.0,optimal
WL_0075,cost_only,inf,inf,infeasible
WL_0075,cost_latency,inf,inf,infeasible
WL_0075,cost_latency_redundancy,inf,inf,infeasible
WL_0075,full_balanced,inf,inf,infeasible
WL_0076,greedily_cheapest,0.155892,56.67,optimal
WL_0076,cost_only,inf,inf,infeasible
WL_0076,cost_latency,inf,inf,infeasible
WL_0076,cost_latency_redundancy,inf,inf,infeasible
WL_0076,full_balanced,inf,inf,infeasible
WL_0077,greedily_cheapest,0.015259,60.0,optimal
WL_0077,cost_only,0.015259,60.0,optimal
WL_0077,cost_latency,0.016098,22.5,optimal
WL_0077,cost_latency_redundancy,0.016098,22.5,optimal
WL_0077,full_balanced,0.016098,22.5,optimal
WL_0078,greedily_cheapest,0.008103,50.0,optimal
WL_0078,cost_only,0.008103,50.0,optimal
WL_0078,cost_latency,0.00816,20.0,optimal
WL_0078,cost_latency_redundancy,0.00816,20.0,optimal
WL_0078,full_balanced,0.00816,20.0,optimal
WL_0079,greedily_cheapest,0.179477,75.0,optimal
WL_0079,cost_only,inf,inf,infeasible
WL_0079,cost_latency,inf,inf,infeasible
WL_0079,cost_latency_redundancy,inf,inf,infeasible
WL_0079,full_balanced,inf,inf,infeasible
WL_0080,greedily_cheapest,0.000583,64.0,optimal
WL_0080,cost_only,inf,inf,infeasible
WL_0080,cost_latency,inf,inf,infeasible
WL_0080,cost_latency_redundancy,inf,inf,infeasible
WL_0080,full_balanced,inf,inf,infeasible
WL_0081,greedily_cheapest,0.176979,56.0,optimal
WL_0081,cost_only,0.176979,56.0,optimal
WL_0081,cost_latency,0.178575,22.33,optimal
WL_0081,cost_latency_redundancy,0.178575,22.33,optimal
WL_0081,full_balanced,0.178575,22.33,optimal
WL_0082,greedily_cheapest,1.450784,28.0,optimal
WL_0082,cost_only,1.450784,28.0,optimal
WL_0082,cost_latency,1.500478,25.0,optimal
WL_0082,cost_latency_redundancy,1.500478,25.0,optimal
WL_0082,full_balanced,1.500478,25.0,optimal
WL_0083,greedily_cheapest,3.261108,60.0,optimal
WL_0083,cost_only,3.261108,60.0,optimal
WL_0083,cost_latency,3.27465,22.5,optimal
WL_0083,cost_latency_redundancy,3.27465,22.5,optimal
WL_0083,full_balanced,3.27465,22.5,optimal
WL_0084,greedily_cheapest,0.006581,56.67,optimal
WL_0084,cost_only,0.006581,56.67,optimal
WL_0084,cost_latency,0.007022,22.33,optimal
WL_0084,cost_latency_redundancy,0.007022,22.33,optimal
WL_0084,full_balanced,0.007022,22.33,optimal
WL_0085,greedily_cheapest,0.025193,28.0,optimal
WL_0085,cost_only,0.025193,28.0,optimal
WL_0085,cost_latency,0.027494,20.0,optimal
WL_0085,cost_latency_redundancy,0.027494,20.0,optimal
WL_0085,full_balanced,0.027494,20.0,optimal
WL_0086,greedily_cheapest,0.669375,26.5,optimal
WL_0086,cost_only,0.669375,26.5,optimal
WL_0086,cost_latency,0.669375,26.5,optimal
WL_0086,cost_latency_redundancy,0.669375,26.5,optimal
WL_0086,full_balanced,0.669375,26.5,optimal
WL_0087,greedily_cheapest,3.114424,28.0,optimal
WL_0087,cost_only,inf,inf,infeasible
WL_0087,cost_latency,inf,inf,infeasible
WL_0087,cost_latency_redundancy,inf,inf,infeasible
WL_0087,full_balanced,inf,inf,infeasible
WL_0088,greedily_cheapest,0.057791,60.0,optimal
WL_0088,cost_only,0.057791,60.0,optimal
WL_0088,cost_latency,0.059151,22.5,optimal
WL_0088,cost_latency_redundancy,0.059151,22.5,optimal
WL_0088,full_balanced,0.059151,22.5,optimal
WL_0089,greedily_cheapest,0.051162,64.0,optimal
WL_0089,cost_only,0.051162,64.0,optimal
WL_0089,cost_latency,0.052568,22.5,optimal
WL_0089,cost_latency_redundancy,0.052568,22.5,optimal
WL_0089,full_balanced,0.052568,22.5,optimal
WL_0090,greedily_cheapest,2.657211,28.0,optimal
WL_0090,cost_only,2.657211,28.0,optimal
WL_0090,cost_latency,2.748393,25.0,optimal
WL_0090,cost_latency_redundancy,2.748393,25.0,optimal
WL_0090,full_balanced,2.748393,25.0,optimal
WL_0091,greedily_cheapest,0.180373,28.0,optimal
WL_0091,cost_only,0.180373,28.0,optimal
WL_0091,cost_latency,0.182411,20.0,optimal
WL_0091,cost_latency_redundancy,0.182411,20.0,optimal
WL_0091,full_balanced,0.182411,20.0,optimal
WL_0092,greedily_cheapest,15.091866,26.5,optimal
WL_0092,cost_only,15.091866,26.5,optimal
WL_0092,cost_latency,15.091866,26.5,optimal
WL_0092,cost_latency_redundancy,15.091866,26.5,optimal
WL_0092,full_balanced,15.091866,26.5,optimal
WL_0093,greedily_cheapest,0.008356,28.0,optimal
WL_0093,cost_only,inf,inf,infeasible
WL_0093,cost_latency,inf,inf,infeasible
WL_0093,cost_latency_redundancy,inf,inf,infeasible
WL_0093,full_balanced,inf,inf,infeasible
WL_0094,greedily_cheapest,0.079874,28.0,optimal
WL_0094,cost_only,0.079874,28.0,optimal
WL_0094,cost_latency,0.082494,20.0,optimal
WL_0094,cost_latency_redundancy,0.082494,20.0,optimal
WL_0094,full_balanced,0.082494,20.0,optimal
WL_0095,greedily_cheapest,0.100394,64.0,optimal
WL_0095,cost_only,0.100394,64.0,optimal
WL_0095,cost_latency,0.102493,22.5,optimal
WL_0095,cost_latency_redundancy,0.102493,22.5,optimal
WL_0095,full_balanced,0.102493,22.5,optimal
WL_0096,greedily_cheapest,0.036379,28.0,optimal
WL_0096,cost_only,inf,inf,infeasible
WL_0096,cost_latency,inf,inf,infeasible
WL_0096,cost_latency_redundancy,inf,inf,infeasible
WL_0096,full_balanced,inf,inf,infeasible
WL_0097,greedily_cheapest,0.134185,75.0,optimal
WL_0097,cost_only,0.134185,75.0,optimal
WL_0097,cost_latency,0.135478,22.5,optimal
WL_0097,cost_latency_redundancy,0.135478,22.5,optimal
WL_0097,full_balanced,0.135478,22.5,optimal
WL_0098,greedily_cheapest,0.022167,20.0,optimal
WL_0098,cost_only,0.022167,20.0,optimal
WL_0098,cost_latency,0.022167,20.0,optimal
WL_0098,cost_latency_redundancy,0.022167,20.0,optimal
WL_0098,full_balanced,0.022167,20.0,optimal
WL_0099,greedily_cheapest,0.010395,20.0,optimal
WL_0099,cost_only,0.010395,20.0,optimal
WL_0099,cost_latency,0.010395,20.0,optimal
WL_0099,cost_latency_redundancy,0.010395,20.0,optimal
WL_0099,full_balanced,0.010395,20.0,optimal
WL_0100,greedily_cheapest,0.201541,50.0,optimal
WL_0100,cost_only,inf,inf,infeasible
WL_0100,cost_latency,inf,inf,infeasible
WL_0100,cost_latency_redundancy,inf,inf,infeasible
WL_0100,full_balanced,inf,inf,infeasible
WL_0101,greedily_cheapest,0.303495,25.0,optimal
WL_0101,cost_only,inf,inf,infeasible
WL_0101,cost_latency,inf,inf,infeasible
WL_0101,cost_latency_redundancy,inf,inf,infeasible
WL_0101,full_balanced,inf,inf,infeasible
WL_0102,greedily_cheapest,0.056871,28.0,optimal
WL_0102,cost_only,0.056871,28.0,optimal
WL_0102,cost_latency,0.059124,20.0,optimal
WL_0102,cost_latency_redundancy,0.059124,20.0,optimal
WL_0102,full_balanced,0.059124,20.0,optimal
WL_0103,greedily_cheapest,0.001572,20.0,optimal
WL_0103,cost_only,0.001572,20.0,optimal
WL_0103,cost_latency,0.001572,20.0,optimal
WL_0103,cost_latency_redundancy,0.001572,20.0,optimal
WL_0103,full_balanced,0.001572,20.0,optimal
WL_0104,greedily_cheapest,0.025528,64.0,optimal
WL_0104,cost_only,0.025528,64.0,optimal
WL_0104,cost_latency,0.026728,22.5,optimal
WL_0104,cost_latency_redundancy,0.026728,22.5,optimal
WL_0104,full_balanced,0.026728,22.5,optimal
WL_0105,greedily_cheapest,0.772886,26.5,optimal
WL_0105,cost_only,inf,inf,infeasible
WL_0105,cost_latency,inf,inf,infeasible
WL_0105,cost_latency_redundancy,inf,inf,infeasible
WL_0105,full_balanced,inf,inf,infeasible
WL_0106,greedily_cheapest,0.567797,75.0,optimal
WL_0106,cost_only,0.567797,75.0,optimal
WL_0106,cost_latency,0.570676,22.5,optimal
WL_0106,cost_latency_redundancy,0.570676,22.5,optimal
WL_0106,full_balanced,0.570676,22.5,optimal
WL_0107,greedily_cheapest,0.095354,60.0,optimal
WL_0107,cost_only,0.107468,35.0,optimal
WL_0107,cost_latency,0.140511,21.0,optimal
WL_0107,cost_latency_redundancy,0.140511,21.0,optimal
WL_0107,full_balanced,0.140511,21.0,optimal
WL_0108,greedily_cheapest,0.141141,50.0,optimal
WL_0108,cost_only,0.141141,50.0,optimal
WL_0108,cost_latency,0.14229,20.0,optimal
WL_0108,cost_latency_redundancy,0.14229,20.0,optimal
WL_0108,full_balanced,0.14229,20.0,optimal
WL_0109,greedily_cheapest,0.071073,56.67,optimal
WL_0109,cost_only,0.072721,29.0,optimal
WL_0109,cost_latency,0.073345,22.33,optimal
WL_0109,cost_latency_redundancy,0.073345,22.33,optimal
WL_0109,full_balanced,0.073345,22.33,optimal
WL_0110,greedily_cheapest,0.01261,20.0,optimal
WL_0110,cost_only,0.01261,20.0,optimal
WL_0110,cost_latency,0.01261,20.0,optimal
WL_0110,cost_latency_redundancy,0.01261,20.0,optimal
WL_0110,full_balanced,0.01261,20.0,optimal
WL_0111,greedily_cheapest,2e-05,75.0,optimal
WL_0111,cost_only,2e-05,75.0,optimal
WL_0111,cost_latency,2.7e-05,35.0,optimal
WL_0111,cost_latency_redundancy,2.7e-05,35.0,optimal
WL_0111,full_balanced,2.7e-05,35.0,optimal
WL_0112,greedily_cheapest,0.012909,20.0,optimal
WL_0112,cost_only,0.012909,20.0,optimal
WL_0112,cost_latency,0.012909,20.0,optimal
WL_0112,cost_latency_redundancy,0.012909,20.0,optimal
WL_0112,full_balanced,0.012909,20.0,optimal
WL_0113,greedily_cheapest,0.00269,20.0,optimal
WL_0113,cost_only,0.00269,20.0,optimal
WL_0113,cost_latency,0.00269,20.0,optimal
WL_0113,cost_latency_redundancy,0.00269,20.0,optimal
WL_0113,full_balanced,0.00269,20.0,optimal
WL_0114,greedily_cheapest,1.879346,20.0,optimal
WL_0114,cost_only,1.879346,20.0,optimal
WL_0114,cost_latency,1.879346,20.0,optimal
WL_0114,cost_latency_redundancy,1.879346,20.0,optimal
WL_0114,full_balanced,1.879346,20.0,optimal
WL_0115,greedily_cheapest,0.001873,20.0,optimal
WL_0115,cost_only,0.001873,20.0,optimal
WL_0115,cost_latency,0.001873,20.0,optimal
WL_0115,cost_latency_redundancy,0.001873,20.0,optimal
WL_0115,full_balanced,0.001873,20.0,optimal
WL_0116,greedily_cheapest,0.012671,20.0,optimal
WL_0116,cost_only,0.012671,20.0,optimal
WL_0116,cost_latency,0.012671,20.0,optimal
WL_0116,cost_latency_redundancy,0.012671,20.0,optimal
WL_0116,full_balanced,0.012671,20.0,optimal
WL_0117,greedily_cheapest,0.251338,64.0,optimal
WL_0117,cost_only,inf,inf,infeasible
WL_0117,cost_latency,inf,inf,infeasible
WL_0117,cost_latency_redundancy,inf,inf,infeasible
WL_0117,full_balanced,inf,inf,infeasible
WL_0118,greedily_cheapest,0.000313,100.0,optimal
WL_0118,cost_only,0.000313,100.0,optimal
WL_0118,cost_latency,0.000359,20.0,optimal
WL_0118,cost_latency_redundancy,0.000359,20.0,optimal
WL_0118,full_balanced,0.000359,20.0,optimal
WL_0119,greedily_cheapest,0.086206,60.0,optimal
WL_0119,cost_only,inf,inf,infeasible
WL_0119,cost_latency,inf,inf,infeasible
WL_0119,cost_latency_redundancy,inf,inf,infeasible
WL_0119,full_balanced,inf,inf,infeasible
WL_0120,greedily_cheapest,0.546865,50.0,optimal
WL_0120,cost_only,inf,inf,infeasible
WL_0120,cost_latency,inf,inf,infeasible
WL_0120,cost_latency_redundancy,inf,inf,infeasible
WL_0120,full_balanced,inf,inf,infeasible
WL_0121,greedily_cheapest,0.057122,20.0,optimal
WL_0121,cost_only,inf,inf,infeasible
WL_0121,cost_latency,inf,inf,infeasible
WL_0121,cost_latency_redundancy,inf,inf,infeasible
WL_0121,full_balanced,inf,inf,infeasible
WL_0122,greedily_cheapest,0.036634,64.0,optimal
WL_0122,cost_only,0.036634,64.0,optimal
WL_0122,cost_latency,0.038767,22.5,optimal
WL_0122,cost_latency_redundancy,0.038767,22.5,optimal
WL_0122,full_balanced,0.038767,22.5,optimal
WL_0123,greedily_cheapest,0.188231,20.0,optimal
WL_0123,cost_only,0.188231,20.0,optimal
WL_0123,cost_latency,0.188231,20.0,optimal
WL_0123,cost_latency_redundancy,0.188231,20.0,optimal
WL_0123,full_balanced,0.188231,20.0,optimal
WL_0124,greedily_cheapest,0.121451,26.5,optimal
WL_0124,cost_only,0.142757,23.5,optimal
WL_0124,cost_latency,0.142757,23.5,optimal
WL_0124,cost_latency_redundancy,0.142757,23.5,optimal
WL_0124,full_balanced,0.142757,23.5,optimal
WL_0125,greedily_cheapest,0.014953,20.0,optimal
WL_0125,cost_only,inf,inf,infeasible
WL_0125,cost_latency,inf,inf,infeasible
WL_0125,cost_latency_redundancy,inf,inf,infeasible
WL_0125,full_balanced,inf,inf,infeasible
WL_0126,greedily_cheapest,107.939164,26.5,optimal
WL_0126,cost_only,107.939164,26.5,optimal
WL_0126,cost_latency,107.939164,26.5,optimal
WL_0126,cost_latency_redundancy,107.939164,26.5,optimal
WL_0126,full_balanced,107.939164,26.5,optimal
WL_0127,greedily_cheapest,0.0598,28.0,optimal
WL_0127,cost_only,0.0598,28.0,optimal
WL_0127,cost_latency,0.061603,25.0,optimal
WL_0127,cost_latency_redundancy,0.061603,25.0,optimal
WL_0127,full_balanced,0.061603,25.0,optimal
WL_0128,greedily_cheapest,0.481029,28.0,optimal
WL_0128,cost_only,0.481029,28.0,optimal
WL_0128,cost_latency,0.496701,25.0,optimal
WL_0128,cost_latency_redundancy,0.496701,25.0,optimal
WL_0128,full_balanced,0.496701,25.0,optimal
WL_0129,greedily_cheapest,0.123952,50.0,optimal
WL_0129,cost_only,0.123952,50.0,optimal
WL_0129,cost_latency,0.125194,20.0,optimal
WL_0129,cost_latency_redundancy,0.125194,20.0,optimal
WL_0129,full_balanced,0.125194,20.0,optimal
WL_0130,greedily_cheapest,0.55633,26.5,optimal
WL_0130,cost_only,0.55633,26.5,optimal
WL_0130,cost_latency,0.55633,26.5,optimal
WL_0130,cost_latency_redundancy,0.55633,26.5,optimal
WL_0130,full_balanced,0.55633,26.5,optimal
WL_0131,greedily_cheapest,0.008001,64.0,optimal
WL_0131,cost_only,0.008001,64.0,optimal
WL_0131,cost_latency,0.008033,26.5,optimal
WL_0131,cost_latency_redundancy,0.008033,26.5,optimal
WL_0131,full_balanced,0.008033,26.5,optimal
WL_0132,greedily_cheapest,0.017812,20.0,optimal
WL_0132,cost_only,inf,inf,infeasible
WL_0132,cost_latency,inf,inf,infeasible
WL_0132,cost_latency_redundancy,inf,inf,infeasible
WL_0132,full_balanced,inf,inf,infeasible
WL_0133,greedily_cheapest,0.000385,100.0,optimal
WL_0133,cost_only,0.000385,100.0,optimal
WL_0133,cost_latency,0.000427,20.0,optimal
WL_0133,cost_latency_redundancy,0.000427,20.0,optimal
WL_0133,full_balanced,0.000427,20.0,optimal
WL_0134,greedily_cheapest,0.02536,20.0,optimal
WL_0134,cost_only,inf,inf,infeasible
WL_0134,cost_latency,inf,inf,infeasible
WL_0134,cost_latency_redundancy,inf,inf,infeasible
WL_0134,full_balanced,inf,inf,infeasible
WL_0135,greedily_cheapest,0.002861,75.0,optimal
WL_0135,cost_only,0.002861,75.0,optimal
WL_0135,cost_latency,0.003059,22.5,optimal
WL_0135,cost_latency_redundancy,0.003059,22.5,optimal
WL_0135,full_balanced,0.003059,22.5,optimal
WL_0136,greedily_cheapest,7.957326,56.67,optimal
WL_0136,cost_only,inf,inf,infeasible
WL_0136,cost_latency,inf,inf,infeasible
WL_0136,cost_latency_redundancy,inf,inf,infeasible
WL_0136,full_balanced,inf,inf,infeasible
WL_0137,greedily_cheapest,0.004089,50.0,optimal
WL_0137,cost_only,inf,inf,infeasible
WL_0137,cost_latency,inf,inf,infeasible
WL_0137,cost_latency_redundancy,inf,inf,infeasible
WL_0137,full_balanced,inf,inf,infeasible
WL_0138,greedily_cheapest,0.075665,28.0,optimal
WL_0138,cost_only,0.075665,28.0,optimal
WL_0138,cost_latency,0.078094,20.0,optimal
WL_0138,cost_latency_redundancy,0.078094,20.0,optimal
WL_0138,full_balanced,0.078094,20.0,optimal
WL_0139,greedily_cheapest,0.076237,20.0,optimal
WL_0139,cost_only,0.076237,20.0,optimal
WL_0139,cost_latency,0.076237,20.0,optimal
WL_0139,cost_latency_redundancy,0.076237,20.0,optimal
WL_0139,full_balanced,0.076237,20.0,optimal
WL_0140,greedily_cheapest,0.000855,100.0,optimal
WL_0140,cost_only,0.000855,100.0,optimal
WL_0140,cost_latency,0.000915,25.0,optimal
WL_0140,cost_latency_redundancy,0.000915,25.0,optimal
WL_0140,full_balanced,0.000915,25.0,optimal
WL_0141,greedily_cheapest,0.018157,20.0,optimal
WL_0141,cost_only,0.018157,20.0,optimal
WL_0141,cost_latency,0.018157,20.0,optimal
WL_0141,cost_latency_redundancy,0.018157,20.0,optimal
WL_0141,full_balanced,0.018157,20.0,optimal
WL_0142,greedily_cheapest,20.511305,28.0,optimal
WL_0142,cost_only,20.511305,28.0,optimal
WL_0142,cost_latency,21.218397,25.0,optimal
WL_0142,cost_latency_redundancy,21.218397,25.0,optimal
WL_0142,full_balanced,21.218397,25.0,optimal
WL_0143,greedily_cheapest,0.010276,64.0,optimal
WL_0143,cost_only,0.010305,26.5,optimal
WL_0143,cost_latency,0.010305,26.5,optimal
WL_0143,cost_latency_redundancy,0.010305,26.5,optimal
WL_0143,full_balanced,0.010305,26.5,optimal
WL_0144,greedily_cheapest,0.00438,20.0,optimal
WL_0144,cost_only,0.00438,20.0,optimal
WL_0144,cost_latency,0.00438,20.0,optimal
WL_0144,cost_latency_redundancy,0.00438,20.0,optimal
WL_0144,full_balanced,0.00438,20.0,optimal
WL_0145,greedily_cheapest,3.421873,26.5,optimal
WL_0145,cost_only,3.421873,26.5,optimal
WL_0145,cost_latency,3.421873,26.5,optimal
WL_0145,cost_latency_redundancy,3.421873,26.5,optimal
WL_0145,full_balanced,3.421873,26.5,optimal
WL_0146,greedily_cheapest,0.500274,50.0,optimal
WL_0146,cost_only,inf,inf,infeasible
WL_0146,cost_latency,inf,inf,infeasible
WL_0146,cost_latency_redundancy,inf,inf,infeasible
WL_0146,full_balanced,inf,inf,infeasible
WL_0147,greedily_cheapest,3.5e-05,75.0,optimal
WL_0147,cost_only,inf,inf,infeasible
WL_0147,cost_latency,inf,inf,infeasible
WL_0147,cost_latency_redundancy,inf,inf,infeasible
WL_0147,full_balanced,inf,inf,infeasible
WL_0148,greedily_cheapest,0.307731,25.0,optimal
WL_0148,cost_only,0.307731,25.0,optimal
WL_0148,cost_latency,0.307731,25.0,optimal
WL_0148,cost_latency_redundancy,0.307731,25.0,optimal
WL_0148,full_balanced,0.307731,25.0,optimal
WL_0149,greedily_cheapest,0.145419,56.67,optimal
WL_0149,cost_only,0.145419,56.67,optimal
WL_0149,cost_latency,0.149358,22.33,optimal
WL_0149,cost_latency_redundancy,0.149358,22.33,optimal
WL_0149,full_balanced,0.149358,22.33,optimal
WL_0150,greedily_cheapest,0.027343,20.0,optimal
WL_0150,cost_only,0.028108,100.0,optimal
WL_0150,cost_latency,0.029384,25.0,optimal
WL_0150,cost_latency_redundancy,0.029384,25.0,optimal
WL_0150,full_balanced,0.029384,25.0,optimal
WL_0151,greedily_cheapest,0.012533,20.0,optimal
WL_0151,cost_only,0.012533,20.0,optimal
WL_0151,cost_latency,0.012533,20.0,optimal
WL_0151,cost_latency_redundancy,0.012533,20.0,optimal
WL_0151,full_balanced,0.012533,20.0,optimal
WL_0152,greedily_cheapest,0.065383,20.0,optimal
WL_0152,cost_only,0.065383,20.0,optimal
WL_0152,cost_latency,0.065383,20.0,optimal
WL_0152,cost_latency_redundancy,0.065383,20.0,optimal
WL_0152,full_balanced,0.065383,20.0,optimal
WL_0153,greedily_cheapest,0.08402,64.0,optimal
WL_0153,cost_only,0.08402,64.0,optimal
WL_0153,cost_latency,0.087135,22.5,optimal
WL_0153,cost_latency_redundancy,0.087135,22.5,optimal
WL_0153,full_balanced,0.087135,22.5,optimal
WL_0154,greedily_cheapest,0.751822,63.33,optimal
WL_0154,cost_only,inf,inf,infeasible
WL_0154,cost_latency,inf,inf,infeasible
WL_0154,cost_latency_redundancy,inf,inf,infeasible
WL_0154,full_balanced,inf,inf,infeasible
WL_0155,greedily_cheapest,1.255007,26.5,optimal
WL_0155,cost_only,1.255007,26.5,optimal
WL_0155,cost_latency,1.255007,26.5,optimal
WL_0155,cost_latency_redundancy,1.255007,26.5,optimal
WL_0155,full_balanced,1.255007,26.5,optimal
WL_0156,greedily_cheapest,0.036443,28.0,optimal
WL_0156,cost_only,inf,inf,infeasible
WL_0156,cost_latency,inf,inf,infeasible
WL_0156,cost_latency_redundancy,inf,inf,infeasible
WL_0156,full_balanced,inf,inf,infeasible
WL_0157,greedily_cheapest,0.036719,60.0,optimal
WL_0157,cost_only,0.036719,60.0,optimal
WL_0157,cost_latency,0.039051,35.0,optimal
WL_0157,cost_latency_redundancy,0.039051,35.0,optimal
WL_0157,full_balanced,0.039051,35.0,optimal
WL_0158,greedily_cheapest,0.237118,50.0,optimal
WL_0158,cost_only,0.237118,50.0,optimal
WL_0158,cost_latency,0.237786,20.0,optimal
WL_0158,cost_latency_redundancy,0.237786,20.0,optimal
WL_0158,full_balanced,0.237786,20.0,optimal
WL_0159,greedily_cheapest,0.096804,28.0,optimal
WL_0159,cost_only,0.096804,28.0,optimal
WL_0159,cost_latency,0.099504,25.0,optimal
WL_0159,cost_latency_redundancy,0.099504,25.0,optimal
WL_0159,full_balanced,0.099504,25.0,optimal
WL_0160,greedily_cheapest,0.025618,20.0,optimal
WL_0160,cost_only,0.025618,20.0,optimal
WL_0160,cost_latency,0.025618,20.0,optimal
WL_0160,cost_latency_redundancy,0.025618,20.0,optimal
WL_0160,full_balanced,0.025618,20.0,optimal
WL_0161,greedily_cheapest,0.034993,28.0,optimal
WL_0161,cost_only,0.034993,28.0,optimal
WL_0161,cost_latency,0.036057,25.0,optimal
WL_0161,cost_latency_redundancy,0.036057,25.0,optimal
WL_0161,full_balanced,0.036057,25.0,optimal
WL_0162,greedily_cheapest,0.313286,20.0,optimal
WL_0162,cost_only,0.313286,20.0,optimal
WL_0162,cost_latency,0.313286,20.0,optimal
WL_0162,cost_latency_redundancy,0.313286,20.0,optimal
WL_0162,full_balanced,0.313286,20.0,optimal
WL_0163,greedily_cheapest,0.13201,20.0,optimal
WL_0163,cost_only,0.13201,20.0,optimal
WL_0163,cost_latency,0.13201,20.0,optimal
WL_0163,cost_latency_redundancy,0.13201,20.0,optimal
WL_0163,full_balanced,0.13201,20.0,optimal
WL_0164,greedily_cheapest,0.000164,100.0,optimal
WL_0164,cost_only,0.000164,100.0,optimal
WL_0164,cost_latency,0.000165,20.0,optimal
WL_0164,cost_latency_redundancy,0.000165,20.0,optimal
WL_0164,full_balanced,0.000165,20.0,optimal
WL_0165,greedily_cheapest,15.150531,25.0,optimal
WL_0165,cost_only,15.150531,25.0,optimal
WL_0165,cost_latency,15.150531,25.0,optimal
WL_0165,cost_latency_redundancy,15.150531,25.0,optimal
WL_0165,full_balanced,15.150531,25.0,optimal
WL_0166,greedily_cheapest,0.170033,50.0,optimal
WL_0166,cost_only,0.170033,50.0,optimal
WL_0166,cost_latency,0.170513,20.0,optimal
WL_0166,cost_latency_redundancy,0.170513,20.0,optimal
WL_0166,full_balanced,0.170513,20.0,optimal
WL_0167,greedily_cheapest,0.045672,20.0,optimal
WL_0167,cost_only,inf,inf,infeasible
WL_0167,cost_latency,inf,inf,infeasible
WL_0167,cost_latency_redundancy,inf,inf,infeasible
WL_0167,full_balanced,inf,inf,infeasible
WL_0168,greedily_cheapest,66.524152,28.0,optimal
WL_0168,cost_only,66.524152,28.0,optimal
WL_0168,cost_latency,68.819589,25.0,optimal
WL_0168,cost_latency_redundancy,68.819589,25.0,optimal
WL_0168,full_balanced,68.819589,25.0,optimal
WL_0169,greedily_cheapest,0.041126,50.0,optimal
WL_0169,cost_only,0.041126,50.0,optimal
WL_0169,cost_latency,0.042001,20.0,optimal
WL_0169,cost_latency_redundancy,0.042001,20.0,optimal
WL_0169,full_balanced,0.042001,20.0,optimal
WL_0170,greedily_cheapest,0.303052,26.5,optimal
WL_0170,cost_only,0.303052,26.5,optimal
WL_0170,cost_latency,0.303052,26.5,optimal
WL_0170,cost_latency_redundancy,0.303052,26.5,optimal
WL_0170,full_balanced,0.303052,26.5,optimal
WL_0171,greedily_cheapest,0.021197,28.0,optimal
WL_0171,cost_only,inf,inf,infeasible
WL_0171,cost_latency,inf,inf,infeasible
WL_0171,cost_latency_redundancy,inf,inf,infeasible
WL_0171,full_balanced,inf,inf,infeasible
WL_0172,greedily_cheapest,0.003115,75.0,optimal
WL_0172,cost_only,inf,inf,infeasible
WL_0172,cost_latency,inf,inf,infeasible
WL_0172,cost_latency_redundancy,inf,inf,infeasible
WL_0172,full_balanced,inf,inf,infeasible
WL_0173,greedily_cheapest,0.04238,50.0,optimal
WL_0173,cost_only,inf,inf,infeasible
WL_0173,cost_latency,inf,inf,infeasible
WL_0173,cost_latency_redundancy,inf,inf,infeasible
WL_0173,full_balanced,inf,inf,infeasible
WL_0174,greedily_cheapest,1.62196,28.0,optimal
WL_0174,cost_only,1.62196,28.0,optimal
WL_0174,cost_latency,1.677484,25.0,optimal
WL_0174,cost_latency_redundancy,1.677484,25.0,optimal
WL_0174,full_balanced,1.677484,25.0,optimal
WL_0175,greedily_cheapest,0.004683,20.0,optimal
WL_0175,cost_only,inf,inf,infeasible
WL_0175,cost_latency,inf,inf,infeasible
WL_0175,cost_latency_redundancy,inf,inf,infeasible
WL_0175,full_balanced,inf,inf,infeasible
WL_0176,greedily_cheapest,0.218998,20.0,optimal
WL_0176,cost_only,0.218998,20.0,optimal
WL_0176,cost_latency,0.218998,20.0,optimal
WL_0176,cost_latency_redundancy,0.218998,20.0,optimal
WL_0176,full_balanced,0.218998,20.0,optimal
WL_0177,greedily_cheapest,8.9e-05,20.0,optimal
WL_0177,cost_only,8.9e-05,20.0,optimal
WL_0177,cost_latency,8.9e-05,20.0,optimal
WL_0177,cost_latency_redundancy,8.9e-05,20.0,optimal
WL_0177,full_balanced,8.9e-05,20.0,optimal
WL_0178,greedily_cheapest,0.131447,20.0,optimal
WL_0178,cost_only,0.131447,20.0,optimal
WL_0178,cost_latency,0.131447,20.0,optimal
WL_0178,cost_latency_redundancy,0.131447,20.0,optimal
WL_0178,full_balanced,0.131447,20.0,optimal
WL_0179,greedily_cheapest,1.792659,26.5,optimal
WL_0179,cost_only,2.095185,25.0,optimal
WL_0179,cost_latency,2.095185,25.0,optimal
WL_0179,cost_latency_redundancy,2.095185,25.0,optimal
WL_0179,full_balanced,2.095185,25.0,optimal
WL_0180,greedily_cheapest,32.287035,60.0,optimal
WL_0180,cost_only,32.287035,60.0,optimal
WL_0180,cost_latency,32.449483,22.5,optimal
WL_0180,cost_latency_redundancy,32.449483,22.5,optimal
WL_0180,full_balanced,32.449483,22.5,optimal
WL_0181,greedily_cheapest,0.067534,60.0,optimal
WL_0181,cost_only,inf,inf,infeasible
WL_0181,cost_latency,inf,inf,infeasible
WL_0181,cost_latency_redundancy,inf,inf,infeasible
WL_0181,full_balanced,inf,inf,infeasible
WL_0182,greedily_cheapest,0.001968,100.0,optimal
WL_0182,cost_only,0.001968,100.0,optimal
WL_0182,cost_latency,0.002094,20.0,optimal
WL_0182,cost_latency_redundancy,0.002094,20.0,optimal
WL_0182,full_balanced,0.002094,20.0,optimal
WL_0183,greedily_cheapest,0.021692,28.0,optimal
WL_0183,cost_only,0.021692,28.0,optimal
WL_0183,cost_latency,0.022334,25.0,optimal
WL_0183,cost_latency_redundancy,0.022334,25.0,optimal
WL_0183,full_balanced,0.022334,25.0,optimal
WL_0184,greedily_cheapest,0.60192,75.0,optimal
WL_0184,cost_only,0.603041,47.5,optimal
WL_0184,cost_latency,0.604761,22.5,optimal
WL_0184,cost_latency_redundancy,0.604761,22.5,optimal
WL_0184,full_balanced,0.604761,22.5,optimal
WL_0185,greedily_cheapest,0.027324,50.0,optimal
WL_0185,cost_only,inf,inf,infeasible
WL_0185,cost_latency,inf,inf,infeasible
WL_0185,cost_latency_redundancy,inf,inf,infeasible
WL_0185,full_balanced,inf,inf,infeasible
WL_0186,greedily_cheapest,13.220976,26.5,optimal
WL_0186,cost_only,15.459466,25.0,optimal
WL_0186,cost_latency,15.459466,25.0,optimal
WL_0186,cost_latency_redundancy,15.459466,25.0,optimal
WL_0186,full_balanced,15.459466,25.0,optimal
WL_0187,greedily_cheapest,0.007745,20.0,optimal
WL_0187,cost_only,0.008132,100.0,optimal
WL_0187,cost_latency,0.009947,25.0,optimal
WL_0187,cost_latency_redundancy,0.009947,25.0,optimal
WL_0187,full_balanced,0.009947,25.0,optimal
WL_0188,greedily_cheapest,0.662315,28.0,optimal
WL_0188,cost_only,inf,inf,infeasible
WL_0188,cost_latency,inf,inf,infeasible
WL_0188,cost_latency_redundancy,inf,inf,infeasible
WL_0188,full_balanced,inf,inf,infeasible
WL_0189,greedily_cheapest,0.000403,100.0,optimal
WL_0189,cost_only,0.000403,100.0,optimal
WL_0189,cost_latency,0.000422,20.0,optimal
WL_0189,cost_latency_redundancy,0.000422,20.0,optimal
WL_0189,full_balanced,0.000422,20.0,optimal
WL_0190,greedily_cheapest,0.002791,50.0,optimal
WL_0190,cost_only,0.002791,50.0,optimal
WL_0190,cost_latency,0.002825,25.0,optimal
WL_0190,cost_latency_redundancy,0.002825,25.0,optimal
WL_0190,full_balanced,0.002825,25.0,optimal
WL_0191,greedily_cheapest,0.003629,100.0,optimal
WL_0191,cost_only,0.004916,50.0,optimal
WL_0191,cost_latency,0.005102,22.0,optimal
WL_0191,cost_latency_redundancy,0.005102,22.0,optimal
WL_0191,full_balanced,0.005102,22.0,optimal
WL_0192,greedily_cheapest,0.569807,20.0,optimal
WL_0192,cost_only,0.569807,20.0,optimal
WL_0192,cost_latency,0.569807,20.0,optimal
WL_0192,cost_latency_redundancy,0.569807,20.0,optimal
WL_0192,full_balanced,0.569807,20.0,optimal
WL_0193,greedily_cheapest,0.002635,20.0,optimal
WL_0193,cost_only,inf,inf,infeasible
WL_0193,cost_latency,inf,inf,infeasible
WL_0193,cost_latency_redundancy,inf,inf,infeasible
WL_0193,full_balanced,inf,inf,infeasible
WL_0194,greedily_cheapest,0.010719,28.0,optimal
WL_0194,cost_only,0.010719,28.0,optimal
WL_0194,cost_latency,0.011015,25.0,optimal
WL_0194,cost_latency_redundancy,0.011015,25.0,optimal
WL_0194,full_balanced,0.011015,25.0,optimal
WL_0195,greedily_cheapest,0.011554,60.0,optimal
WL_0195,cost_only,0.011554,60.0,optimal
WL_0195,cost_latency,0.01255,22.5,optimal
WL_0195,cost_latency_redundancy,0.01255,22.5,optimal
WL_0195,full_balanced,0.01255,22.5,optimal
WL_0196,greedily_cheapest,0.31831,50.0,optimal
WL_0196,cost_only,0.31831,50.0,optimal
WL_0196,cost_latency,0.319997,20.0,optimal
WL_0196,cost_latency_redundancy,0.319997,20.0,optimal
WL_0196,full_balanced,0.319997,20.0,optimal
WL_0197,greedily_cheapest,0.01628,64.0,optimal
WL_0197,cost_only,0.019237,61.0,optimal
WL_0197,cost_latency,0.019357,23.5,optimal
WL_0197,cost_latency_redundancy,0.019357,23.5,optimal
WL_0197,full_balanced,0.019357,23.5,optimal
WL_0198,greedily_cheapest,0.005013,20.0,optimal
WL_0198,cost_only,0.005013,20.0,optimal
WL_0198,cost_latency,0.005013,20.0,optimal
WL_0198,cost_latency_redundancy,0.005013,20.0,optimal
WL_0198,full_balanced,0.005013,20.0,optimal
WL_0199,greedily_cheapest,0.000382,56.67,optimal
WL_0199,cost_only,0.000741,38.33,optimal
WL_0199,cost_latency,0.000741,38.33,optimal
WL_0199,cost_latency_redundancy,0.000741,38.33,optimal
WL_0199,full_balanced,0.000741,38.33,optimal
WL_0200,greedily_cheapest,0.00889,28.0,optimal
WL_0200,cost_only,0.00889,28.0,optimal
WL_0200,cost_latency,0.009149,25.0,optimal
WL_0200,cost_latency_redundancy,0.009149,25.0,optimal
WL_0200,full_balanced,0.009149,25.0,optimal
WL_0201,greedily_cheapest,0.202019,50.0,optimal
WL_0201,cost_only,0.202019,50.0,optimal
WL_0201,cost_latency,0.202962,20.0,optimal
WL_0201,cost_latency_redundancy,0.202962,20.0,optimal
WL_0201,full_balanced,0.202962,20.0,optimal
WL_0202,greedily_cheapest,0.160483,60.0,optimal
WL_0202,cost_only,0.160483,60.0,optimal
WL_0202,cost_latency,0.162646,22.5,optimal
WL_0202,cost_latency_redundancy,0.162646,22.5,optimal
WL_0202,full_balanced,0.162646,22.5,optimal
WL_0203,greedily_cheapest,1.123905,20.0,optimal
WL_0203,cost_only,1.123905,20.0,optimal
WL_0203,cost_latency,1.123905,20.0,optimal
WL_0203,cost_latency_redundancy,1.123905,20.0,optimal
WL_0203,full_balanced,1.123905,20.0,optimal
WL_0204,greedily_cheapest,0.211373,56.67,optimal
WL_0204,cost_only,0.211373,56.67,optimal
WL_0204,cost_latency,0.223317,22.33,optimal
WL_0204,cost_latency_redundancy,0.223317,22.33,optimal
WL_0204,full_balanced,0.223317,22.33,optimal
WL_0205,greedily_cheapest,0.00613,28.0,optimal
WL_0205,cost_only,0.00613,28.0,optimal
WL_0205,cost_latency,0.006288,25.0,optimal
WL_0205,cost_latency_redundancy,0.006288,25.0,optimal
WL_0205,full_balanced,0.006288,25.0,optimal
WL_0206,greedily_cheapest,0.025454,64.0,optimal
WL_0206,cost_only,0.025454,64.0,optimal
WL_0206,cost_latency,0.027021,22.5,optimal
WL_0206,cost_latency_redundancy,0.027021,22.5,optimal
WL_0206,full_balanced,0.027021,22.5,optimal
WL_0207,greedily_cheapest,0.019339,20.0,optimal
WL_0207,cost_only,0.019339,20.0,optimal
WL_0207,cost_latency,0.019339,20.0,optimal
WL_0207,cost_latency_redundancy,0.019339,20.0,optimal
WL_0207,full_balanced,0.019339,20.0,optimal
WL_0208,greedily_cheapest,2.725842,28.0,optimal
WL_0208,cost_only,2.725842,28.0,optimal
WL_0208,cost_latency,2.819378,25.0,optimal
WL_0208,cost_latency_redundancy,2.819378,25.0,optimal
WL_0208,full_balanced,2.819378,25.0,optimal
WL_0209,greedily_cheapest,0.008415,20.0,optimal
WL_0209,cost_only,0.008415,20.0,optimal
WL_0209,cost_latency,0.008415,20.0,optimal
WL_0209,cost_latency_redundancy,0.008415,20.0,optimal
WL_0209,full_balanced,0.008415,20.0,optimal
WL_0210,greedily_cheapest,574.371082,28.0,optimal
WL_0210,cost_only,574.371082,28.0,optimal
WL_0210,cost_latency,594.250852,25.0,optimal
WL_0210,cost_latency_redundancy,594.250852,25.0,optimal
WL_0210,full_balanced,594.250852,25.0,optimal
WL_0211,greedily_cheapest,0.443745,50.0,optimal
WL_0211,cost_only,0.443745,50.0,optimal
WL_0211,cost_latency,0.445042,20.0,optimal
WL_0211,cost_latency_redundancy,0.445042,20.0,optimal
WL_0211,full_balanced,0.445042,20.0,optimal
WL_0212,greedily_cheapest,0.301512,60.0,optimal
WL_0212,cost_only,0.301512,60.0,optimal
WL_0212,cost_latency,0.308341,22.5,optimal
WL_0212,cost_latency_redundancy,0.308341,22.5,optimal
WL_0212,full_balanced,0.308341,22.5,optimal
WL_0213,greedily_cheapest,0.143437,56.67,optimal
WL_0213,cost_only,0.143437,56.67,optimal
WL_0213,cost_latency,0.153219,22.33,optimal
WL_0213,cost_latency_redundancy,0.153219,22.33,optimal
WL_0213,full_balanced,0.153219,22.33,optimal
WL_0214,greedily_cheapest,0.000286,20.0,optimal
WL_0214,cost_only,inf,inf,infeasible
WL_0214,cost_latency,inf,inf,infeasible
WL_0214,cost_latency_redundancy,inf,inf,infeasible
WL_0214,full_balanced,inf,inf,infeasible
WL_0215,greedily_cheapest,0.011539,75.0,optimal
WL_0215,cost_only,0.011539,75.0,optimal
WL_0215,cost_latency,0.011915,22.5,optimal
WL_0215,cost_latency_redundancy,0.011915,22.5,optimal
WL_0215,full_balanced,0.011915,22.5,optimal
WL_0216,greedily_cheapest,0.345049,20.0,optimal
WL_0216,cost_only,0.345049,20.0,optimal
WL_0216,cost_latency,0.345049,20.0,optimal
WL_0216,cost_latency_redundancy,0.345049,20.0,optimal
WL_0216,full_balanced,0.345049,20.0,optimal
WL_0217,greedily_cheapest,0.004397,50.0,optimal
WL_0217,cost_only,0.004397,50.0,optimal
WL_0217,cost_latency,0.004647,20.0,optimal
WL_0217,cost_latency_redundancy,0.004647,20.0,optimal
WL_0217,full_balanced,0.004647,20.0,optimal
WL_0218,greedily_cheapest,0.001926,20.0,optimal
WL_0218,cost_only,inf,inf,infeasible
WL_0218,cost_latency,inf,inf,infeasible
WL_0218,cost_latency_redundancy,inf,inf,infeasible
WL_0218,full_balanced,inf,inf,infeasible
WL_0219,greedily_cheapest,0.046066,28.0,optimal
WL_0219,cost_only,inf,inf,infeasible
WL_0219,cost_latency,inf,inf,infeasible
WL_0219,cost_latency_redundancy,inf,inf,infeasible
WL_0219,full_balanced,inf,inf,infeasible
WL_0220,greedily_cheapest,0.000487,20.0,optimal
WL_0220,cost_only,0.000487,20.0,optimal
WL_0220,cost_latency,0.000487,20.0,optimal
WL_0220,cost_latency_redundancy,0.000487,20.0,optimal
WL_0220,full_balanced,0.000487,20.0,optimal
WL_0221,greedily_cheapest,2.057558,20.0,optimal
WL_0221,cost_only,2.057558,20.0,optimal
WL_0221,cost_latency,2.057558,20.0,optimal
WL_0221,cost_latency_redundancy,2.057558,20.0,optimal
WL_0221,full_balanced,2.057558,20.0,optimal
WL_0222,greedily_cheapest,0.00039,50.0,optimal
WL_0222,cost_only,inf,inf,infeasible
WL_0222,cost_latency,inf,inf,infeasible
WL_0222,cost_latency_redundancy,inf,inf,infeasible
WL_0222,full_balanced,inf,inf,infeasible
WL_0223,greedily_cheapest,0.196157,20.0,optimal
WL_0223,cost_only,0.196157,20.0,optimal
WL_0223,cost_latency,0.196157,20.0,optimal
WL_0223,cost_latency_redundancy,0.196157,20.0,optimal
WL_0223,full_balanced,0.196157,20.0,optimal
WL_0224,greedily_cheapest,2.5e-05,100.0,optimal
WL_0224,cost_only,3.5e-05,20.0,optimal
WL_0224,cost_latency,3.5e-05,20.0,optimal
WL_0224,cost_latency_redundancy,3.5e-05,20.0,optimal
WL_0224,full_balanced,3.5e-05,20.0,optimal
WL_0225,greedily_cheapest,0.000306,20.0,optimal
WL_0225,cost_only,inf,inf,infeasible
WL_0225,cost_latency,inf,inf,infeasible
WL_0225,cost_latency_redundancy,inf,inf,infeasible
WL_0225,full_balanced,inf,inf,infeasible
WL_0226,greedily_cheapest,0.274791,20.0,optimal
WL_0226,cost_only,0.274791,20.0,optimal
WL_0226,cost_latency,0.274791,20.0,optimal
WL_0226,cost_latency_redundancy,0.274791,20.0,optimal
WL_0226,full_balanced,0.274791,20.0,optimal
WL_0227,greedily_cheapest,1.508377,28.0,optimal
WL_0227,cost_only,1.508377,28.0,optimal
WL_0227,cost_latency,1.55962,25.0,optimal
WL_0227,cost_latency_redundancy,1.55962,25.0,optimal
WL_0227,full_balanced,1.55962,25.0,optimal
WL_0228,greedily_cheapest,0.101204,26.5,optimal
WL_0228,cost_only,0.119461,23.5,optimal
WL_0228,cost_latency,0.119461,23.5,optimal
WL_0228,cost_latency_redundancy,0.119461,23.5,optimal
WL_0228,full_balanced,0.119461,23.5,optimal
WL_0229,greedily_cheapest,0.002688,100.0,optimal
WL_0229,cost_only,0.002688,100.0,optimal
WL_0229,cost_latency,0.002792,20.0,optimal
WL_0229,cost_latency_redundancy,0.002792,20.0,optimal
WL_0229,full_balanced,0.002792,20.0,optimal
WL_0230,greedily_cheapest,0.000673,35.0,optimal
WL_0230,cost_only,0.000673,35.0,optimal
WL_0230,cost_latency,0.000673,35.0,optimal
WL_0230,cost_latency_redundancy,0.000673,35.0,optimal
WL_0230,full_balanced,0.000673,35.0,optimal
WL_0231,greedily_cheapest,0.000507,100.0,optimal
WL_0231,cost_only,inf,inf,infeasible
WL_0231,cost_latency,inf,inf,infeasible
WL_0231,cost_latency_redundancy,inf,inf,infeasible
WL_0231,full_balanced,inf,inf,infeasible
WL_0232,greedily_cheapest,0.013609,60.0,optimal
WL_0232,cost_only,0.013609,60.0,optimal
WL_0232,cost_latency,0.014695,22.5,optimal
WL_0232,cost_latency_redundancy,0.014695,22.5,optimal
WL_0232,full_balanced,0.014695,22.5,optimal
WL_0233,greedily_cheapest,0.133696,50.0,optimal
WL_0233,cost_only,0.133696,50.0,optimal
WL_0233,cost_latency,0.135305,20.0,optimal
WL_0233,cost_latency_redundancy,0.135305,20.0,optimal
WL_0233,full_balanced,0.135305,20.0,optimal
WL_0234,greedily_cheapest,0.038696,28.0,optimal
WL_0234,cost_only,0.039958,25.0,optimal
WL_0234,cost_latency,0.039958,25.0,optimal
WL_0234,cost_latency_redundancy,0.039958,25.0,optimal
WL_0234,full_balanced,0.039958,25.0,optimal
WL_0235,greedily_cheapest,20.239138,60.0,optimal
WL_0235,cost_only,inf,inf,infeasible
WL_0235,cost_latency,inf,inf,infeasible
WL_0235,cost_latency_redundancy,inf,inf,infeasible
WL_0235,full_balanced,inf,inf,infeasible
WL_0236,greedily_cheapest,0.02449,20.0,optimal
WL_0236,cost_only,inf,inf,infeasible
WL_0236,cost_latency,inf,inf,infeasible
WL_0236,cost_latency_redundancy,inf,inf,infeasible
WL_0236,full_balanced,inf,inf,infeasible
WL_0237,greedily_cheapest,0.002263,100.0,optimal
WL_0237,cost_only,0.002263,100.0,optimal
WL_0237,cost_latency,0.002275,25.0,optimal
WL_0237,cost_latency_redundancy,0.002275,25.0,optimal
WL_0237,full_balanced,0.002275,25.0,optimal
WL_0238,greedily_cheapest,0.067365,50.0,optimal
WL_0238,cost_only,inf,inf,infeasible
WL_0238,cost_latency,inf,inf,infeasible
WL_0238,cost_latency_redundancy,inf,inf,infeasible
WL_0238,full_balanced,inf,inf,infeasible
WL_0239,greedily_cheapest,0.001473,100.0,optimal
WL_0239,cost_only,inf,inf,infeasible
WL_0239,cost_latency,inf,inf,infeasible
WL_0239,cost_latency_redundancy,inf,inf,infeasible
WL_0239,full_balanced,inf,inf,infeasible
WL_0240,greedily_cheapest,0.080599,20.0,optimal
WL_0240,cost_only,0.080599,20.0,optimal
WL_0240,cost_latency,0.080599,20.0,optimal
WL_0240,cost_latency_redundancy,0.080599,20.0,optimal
WL_0240,full_balanced,0.080599,20.0,optimal
WL_0241,greedily_cheapest,0.007639,75.0,optimal
WL_0241,cost_only,0.007639,75.0,optimal
WL_0241,cost_latency,0.008005,22.5,optimal
WL_0241,cost_latency_redundancy,0.008005,22.5,optimal
WL_0241,full_balanced,0.008005,22.5,optimal
WL_0242,greedily_cheapest,0.00165,20.0,optimal
WL_0242,cost_only,inf,inf,infeasible
WL_0242,cost_latency,inf,inf,infeasible
WL_0242,cost_latency_redundancy,inf,inf,infeasible
WL_0242,full_balanced,inf,inf,infeasible
WL_0243,greedily_cheapest,0.010033,20.0,optimal
WL_0243,cost_only,inf,inf,infeasible
WL_0243,cost_latency,inf,inf,infeasible
WL_0243,cost_latency_redundancy,inf,inf,infeasible
WL_0243,full_balanced,inf,inf,infeasible
WL_0244,greedily_cheapest,1.133226,28.0,optimal
WL_0244,cost_only,1.133226,28.0,optimal
WL_0244,cost_latency,1.172489,25.0,optimal
WL_0244,cost_latency_redundancy,1.172489,25.0,optimal
WL_0244,full_balanced,1.172489,25.0,optimal
WL_0245,greedily_cheapest,0.004007,28.0,optimal
WL_0245,cost_only,0.004007,28.0,optimal
WL_0245,cost_latency,0.004124,25.0,optimal
WL_0245,cost_latency_redundancy,0.004124,25.0,optimal
WL_0245,full_balanced,0.004124,25.0,optimal
WL_0246,greedily_cheapest,0.052217,28.0,optimal
WL_0246,cost_only,inf,inf,infeasible
WL_0246,cost_latency,inf,inf,infeasible
WL_0246,cost_latency_redundancy,inf,inf,infeasible
WL_0246,full_balanced,inf,inf,infeasible
WL_0247,greedily_cheapest,4.2e-05,20.0,optimal
WL_0247,cost_only,4.6e-05,50.0,optimal
WL_0247,cost_latency,4.6e-05,50.0,optimal
WL_0247,cost_latency_redundancy,4.6e-05,50.0,optimal
WL_0247,full_balanced,4.6e-05,50.0,optimal
WL_0248,greedily_cheapest,0.039975,28.0,optimal
WL_0248,cost_only,0.039975,28.0,optimal
WL_0248,cost_latency,0.042636,20.0,optimal
WL_0248,cost_latency_redundancy,0.042636,20.0,optimal
WL_0248,full_balanced,0.042636,20.0,optimal
WL_0249,greedily_cheapest,0.927236,60.0,optimal
WL_0249,cost_only,0.927236,60.0,optimal
WL_0249,cost_latency,0.951305,22.5,optimal
WL_0249,cost_latency_redundancy,0.951305,22.5,optimal
WL_0249,full_balanced,0.951305,22.5,optimal
WL_0250,greedily_cheapest,0.301287,75.0,optimal
WL_0250,cost_only,inf,inf,infeasible
WL_0250,cost_latency,inf,inf,infeasible
WL_0250,cost_latency_redundancy,inf,inf,infeasible
WL_0250,full_balanced,inf,inf,infeasible
WL_0251,greedily_cheapest,0.004499,28.0,optimal
WL_0251,cost_only,0.004499,28.0,optimal
WL_0251,cost_latency,0.004625,25.0,optimal
WL_0251,cost_latency_redundancy,0.004625,25.0,optimal
WL_0251,full_balanced,0.004625,25.0,optimal
WL_0252,greedily_cheapest,0.908623,60.0,optimal
WL_0252,cost_only,0.908623,60.0,optimal
WL_0252,cost_latency,0.913042,22.5,optimal
WL_0252,cost_latency_redundancy,0.913042,22.5,optimal
WL_0252,full_balanced,0.913042,22.5,optimal
WL_0253,greedily_cheapest,0.68018,20.0,optimal
WL_0253,cost_only,0.68018,20.0,optimal
WL_0253,cost_latency,0.68018,20.0,optimal
WL_0253,cost_latency_redundancy,0.68018,20.0,optimal
WL_0253,full_balanced,0.68018,20.0,optimal
WL_0254,greedily_cheapest,0.074337,60.0,optimal
WL_0254,cost_only,0.074337,60.0,optimal
WL_0254,cost_latency,0.079893,22.5,optimal
WL_0254,cost_latency_redundancy,0.079893,22.5,optimal
WL_0254,full_balanced,0.079893,22.5,optimal
WL_0255,greedily_cheapest,0.00052,100.0,optimal
WL_0255,cost_only,inf,inf,infeasible
WL_0255,cost_latency,inf,inf,infeasible
WL_0255,cost_latency_redundancy,inf,inf,infeasible
WL_0255,full_balanced,inf,inf,infeasible
WL_0256,greedily_cheapest,0.05901,64.0,optimal
WL_0256,cost_only,inf,inf,infeasible
WL_0256,cost_latency,inf,inf,infeasible
WL_0256,cost_latency_redundancy,inf,inf,infeasible
WL_0256,full_balanced,inf,inf,infeasible
WL_0257,greedily_cheapest,12.145978,28.0,optimal
WL_0257,cost_only,inf,inf,infeasible
WL_0257,cost_latency,inf,inf,infeasible
WL_0257,cost_latency_redundancy,inf,inf,infeasible
WL_0257,full_balanced,inf,inf,infeasible
WL_0258,greedily_cheapest,3.1e-05,20.0,optimal
WL_0258,cost_only,3.1e-05,20.0,optimal
WL_0258,cost_latency,3.1e-05,20.0,optimal
WL_0258,cost_latency_redundancy,3.1e-05,20.0,optimal
WL_0258,full_balanced,3.1e-05,20.0,optimal
WL_0259,greedily_cheapest,0.143963,50.0,optimal
WL_0259,cost_only,0.144153,20.0,optimal
WL_0259,cost_latency,0.144153,20.0,optimal
WL_0259,cost_latency_redundancy,0.144153,20.0,optimal
WL_0259,full_balanced,0.144153,20.0,optimal
WL_0260,greedily_cheapest,0.072083,20.0,optimal
WL_0260,cost_only,inf,inf,infeasible
WL_0260,cost_latency,inf,inf,infeasible
WL_0260,cost_latency_redundancy,inf,inf,infeasible
WL_0260,full_balanced,inf,inf,infeasible
WL_0261,greedily_cheapest,0.00203,100.0,optimal
WL_0261,cost_only,0.002043,50.0,optimal
WL_0261,cost_latency,0.002192,20.0,optimal
WL_0261,cost_latency_redundancy,0.002192,20.0,optimal
WL_0261,full_balanced,0.002192,20.0,optimal
WL_0262,greedily_cheapest,0.032925,50.0,optimal
WL_0262,cost_only,0.032925,50.0,optimal
WL_0262,cost_latency,0.033236,20.0,optimal
WL_0262,cost_latency_redundancy,0.033236,20.0,optimal
WL_0262,full_balanced,0.033236,20.0,optimal
WL_0263,greedily_cheapest,0.000106,64.0,optimal
WL_0263,cost_only,inf,inf,infeasible
WL_0263,cost_latency,inf,inf,infeasible
WL_0263,cost_latency_redundancy,inf,inf,infeasible
WL_0263,full_balanced,inf,inf,infeasible
WL_0264,greedily_cheapest,2.2e-05,50.0,optimal
WL_0264,cost_only,2.2e-05,50.0,optimal
WL_0264,cost_latency,2.3e-05,20.0,optimal
WL_0264,cost_latency_redundancy,2.3e-05,20.0,optimal
WL_0264,full_balanced,2.3e-05,20.0,optimal
WL_0265,greedily_cheapest,0.008883,50.0,optimal
WL_0265,cost_only,0.008883,50.0,optimal
WL_0265,cost_latency,0.008924,20.0,optimal
WL_0265,cost_latency_redundancy,0.008924,20.0,optimal
WL_0265,full_balanced,0.008924,20.0,optimal
WL_0266,greedily_cheapest,0.112493,28.0,optimal
WL_0266,cost_only,0.112493,28.0,optimal
WL_0266,cost_latency,0.115544,25.0,optimal
WL_0266,cost_latency_redundancy,0.115544,25.0,optimal
WL_0266,full_balanced,0.115544,25.0,optimal
WL_0267,greedily_cheapest,20.403137,28.0,optimal
WL_0267,cost_only,inf,inf,infeasible
WL_0267,cost_latency,inf,inf,infeasible
WL_0267,cost_latency_redundancy,inf,inf,infeasible
WL_0267,full_balanced,inf,inf,infeasible
WL_0268,greedily_cheapest,7.2e-05,100.0,optimal
WL_0268,cost_only,7.2e-05,100.0,optimal
WL_0268,cost_latency,9.2e-05,20.0,optimal
WL_0268,cost_latency_redundancy,9.2e-05,20.0,optimal
WL_0268,full_balanced,9.2e-05,20.0,optimal
WL_0269,greedily_cheapest,0.230443,28.0,optimal
WL_0269,cost_only,0.230443,28.0,optimal
WL_0269,cost_latency,0.238065,25.0,optimal
WL_0269,cost_latency_redundancy,0.238065,25.0,optimal
WL_0269,full_balanced,0.238065,25.0,optimal
WL_0270,greedily_cheapest,0.011601,20.0,optimal
WL_0270,cost_only,inf,inf,infeasible
WL_0270,cost_latency,inf,inf,infeasible
WL_0270,cost_latency_redundancy,inf,inf,infeasible
WL_0270,full_balanced,inf,inf,infeasible
WL_0271,greedily_cheapest,1.934308,20.0,optimal
WL_0271,cost_only,2.000033,100.0,optimal
WL_0271,cost_latency,2.012619,25.0,optimal
WL_0271,cost_latency_redundancy,2.012619,25.0,optimal
WL_0271,full_balanced,2.012619,25.0,optimal
WL_0272,greedily_cheapest,0.000592,75.0,optimal
WL_0272,cost_only,0.000592,75.0,optimal
WL_0272,cost_latency,0.000636,26.5,optimal
WL_0272,cost_latency_redundancy,0.000636,26.5,optimal
WL_0272,full_balanced,0.000636,26.5,optimal
WL_0273,greedily_cheapest,0.056133,60.0,optimal
WL_0273,cost_only,inf,inf,infeasible
WL_0273,cost_latency,inf,inf,infeasible
WL_0273,cost_latency_redundancy,inf,inf,infeasible
WL_0273,full_balanced,inf,inf,infeasible
WL_0274,greedily_cheapest,0.000922,60.0,optimal
WL_0274,cost_only,0.000922,60.0,optimal
WL_0274,cost_latency,0.000988,35.0,optimal
WL_0274,cost_latency_redundancy,0.000988,35.0,optimal
WL_0274,full_balanced,0.000988,35.0,optimal
WL_0275,greedily_cheapest,0.004712,75.0,optimal
WL_0275,cost_only,0.004712,75.0,optimal
WL_0275,cost_latency,0.005022,22.5,optimal
WL_0275,cost_latency_redundancy,0.005022,22.5,optimal
WL_0275,full_balanced,0.005022,22.5,optimal
WL_0276,greedily_cheapest,0.04543,60.0,optimal
WL_0276,cost_only,inf,inf,infeasible
WL_0276,cost_latency,inf,inf,infeasible
WL_0276,cost_latency_redundancy,inf,inf,infeasible
WL_0276,full_balanced,inf,inf,infeasible
WL_0277,greedily_cheapest,0.061838,50.0,optimal
WL_0277,cost_only,0.061838,50.0,optimal
WL_0277,cost_latency,0.062035,20.0,optimal
WL_0277,cost_latency_redundancy,0.062035,20.0,optimal
WL_0277,full_balanced,0.062035,20.0,optimal
WL_0278,greedily_cheapest,0.001563,100.0,optimal
WL_0278,cost_only,0.001563,100.0,optimal
WL_0278,cost_latency,0.00159,20.0,optimal
WL_0278,cost_latency_redundancy,0.00159,20.0,optimal
WL_0278,full_balanced,0.00159,20.0,optimal
WL_0279,greedily_cheapest,0.022008,20.0,optimal
WL_0279,cost_only,0.022008,20.0,optimal
WL_0279,cost_latency,0.022008,20.0,optimal
WL_0279,cost_latency_redundancy,0.022008,20.0,optimal
WL_0279,full_balanced,0.022008,20.0,optimal
WL_0280,greedily_cheapest,0.014029,75.0,optimal
WL_0280,cost_only,0.014212,47.5,optimal
WL_0280,cost_latency,0.014445,22.5,optimal
WL_0280,cost_latency_redundancy,0.014445,22.5,optimal
WL_0280,full_balanced,0.014445,22.5,optimal
WL_0281,greedily_cheapest,0.002986,20.0,optimal
WL_0281,cost_only,0.002986,20.0,optimal
WL_0281,cost_latency,0.002986,20.0,optimal
WL_0281,cost_latency_redundancy,0.002986,20.0,optimal
WL_0281,full_balanced,0.002986,20.0,optimal
WL_0282,greedily_cheapest,3.758742,28.0,optimal
WL_0282,cost_only,inf,inf,infeasible
WL_0282,cost_latency,inf,inf,infeasible
WL_0282,cost_latency_redundancy,inf,inf,infeasible
WL_0282,full_balanced,inf,inf,infeasible
WL_0283,greedily_cheapest,0.117348,20.0,optimal
WL_0283,cost_only,inf,inf,infeasible
WL_0283,cost_latency,inf,inf,infeasible
WL_0283,cost_latency_redundancy,inf,inf,infeasible
WL_0283,full_balanced,inf,inf,infeasible
WL_0284,greedily_cheapest,0.083762,28.0,optimal
WL_0284,cost_only,0.083762,28.0,optimal
WL_0284,cost_latency,0.086047,25.0,optimal
WL_0284,cost_latency_redundancy,0.086047,25.0,optimal
WL_0284,full_balanced,0.086047,25.0,optimal
WL_0285,greedily_cheapest,0.764118,20.0,optimal
WL_0285,cost_only,0.764118,20.0,optimal
WL_0285,cost_latency,0.764118,20.0,optimal
WL_0285,cost_latency_redundancy,0.764118,20.0,optimal
WL_0285,full_balanced,0.764118,20.0,optimal
WL_0286,greedily_cheapest,0.000305,100.0,optimal
WL_0286,cost_only,0.000305,100.0,optimal
WL_0286,cost_latency,0.000319,25.0,optimal
WL_0286,cost_latency_redundancy,0.000319,25.0,optimal
WL_0286,full_balanced,0.000319,25.0,optimal
WL_0287,greedily_cheapest,0.341888,28.0,optimal
WL_0287,cost_only,inf,inf,infeasible
WL_0287,cost_latency,inf,inf,infeasible
WL_0287,cost_latency_redundancy,inf,inf,infeasible
WL_0287,full_balanced,inf,inf,infeasible
WL_0288,greedily_cheapest,0.00236,20.0,optimal
WL_0288,cost_only,0.00236,20.0,optimal
WL_0288,cost_latency,0.00236,20.0,optimal
WL_0288,cost_latency_redundancy,0.00236,20.0,optimal
WL_0288,full_balanced,0.00236,20.0,optimal
WL_0289,greedily_cheapest,0.009676,60.0,optimal
WL_0289,cost_only,inf,inf,infeasible
WL_0289,cost_latency,inf,inf,infeasible
WL_0289,cost_latency_redundancy,inf,inf,infeasible
WL_0289,full_balanced,inf,inf,infeasible
WL_0290,greedily_cheapest,0.426558,28.0,optimal
WL_0290,cost_only,0.426558,28.0,optimal
WL_0290,cost_latency,0.440358,25.0,optimal
WL_0290,cost_latency_redundancy,0.440358,25.0,optimal
WL_0290,full_balanced,0.440358,25.0,optimal
WL_0291,greedily_cheapest,0.000281,20.0,optimal
WL_0291,cost_only,0.000281,20.0,optimal
WL_0291,cost_latency,0.000281,20.0,optimal
WL_0291,cost_latency_redundancy,0.000281,20.0,optimal
WL_0291,full_balanced,0.000281,20.0,optimal
WL_0292,greedily_cheapest,0.38669,28.0,optimal
WL_0292,cost_only,0.38669,28.0,optimal
WL_0292,cost_latency,0.399396,25.0,optimal
WL_0292,cost_latency_redundancy,0.399396,25.0,optimal
WL_0292,full_balanced,0.399396,25.0,optimal
WL_0293,greedily_cheapest,0.006293,75.0,optimal
WL_0293,cost_only,0.00657,22.5,optimal
WL_0293,cost_latency,0.00657,22.5,optimal
WL_0293,cost_latency_redundancy,0.00657,22.5,optimal
WL_0293,full_balanced,0.00657,22.5,optimal
WL_0294,greedily_cheapest,6.170237,28.0,optimal
WL_0294,cost_only,6.170237,28.0,optimal
WL_0294,cost_latency,6.382595,25.0,optimal
WL_0294,cost_latency_redundancy,6.382595,25.0,optimal
WL_0294,full_balanced,6.382595,25.0,optimal
WL_0295,greedily_cheapest,0.006819,20.0,optimal
WL_0295,cost_only,0.006819,20.0,optimal
WL_0295,cost_latency,0.006819,20.0,optimal
WL_0295,cost_latency_redundancy,0.006819,20.0,optimal
WL_0295,full_balanced,0.006819,20.0,optimal
WL_0296,greedily_cheapest,0.03778,28.0,optimal
WL_0296,cost_only,0.03778,28.0,optimal
WL_0296,cost_latency,0.040521,20.0,optimal
WL_0296,cost_latency_redundancy,0.040521,20.0,optimal
WL_0296,full_balanced,0.040521,20.0,optimal
WL_0297,greedily_cheapest,0.466367,20.0,optimal
WL_0297,cost_only,0.466367,20.0,optimal
WL_0297,cost_latency,0.466367,20.0,optimal
WL_0297,cost_latency_redundancy,0.466367,20.0,optimal
WL_0297,full_balanced,0.466367,20.0,optimal
WL_0298,greedily_cheapest,0.024843,60.0,optimal
WL_0298,cost_only,0.025443,32.5,optimal
WL_0298,cost_latency,0.026146,22.5,optimal
WL_0298,cost_latency_redundancy,0.026146,22.5,optimal
WL_0298,full_balanced,0.026146,22.5,optimal
WL_0299,greedily_cheapest,0.043196,20.0,optimal
WL_0299,cost_only,inf,inf,infeasible
WL_0299,cost_latency,inf,inf,infeasible
WL_0299,cost_latency_redundancy,inf,inf,infeasible
WL_0299,full_balanced,inf,inf,infeasible
WL_0300,greedily_cheapest,0.000274,20.0,optimal
WL_0300,cost_only,inf,inf,infeasible
WL_0300,cost_latency,inf,inf,infeasible
WL_0300,cost_latency_redundancy,inf,inf,infeasible
WL_0300,full_balanced,inf,inf,infeasible
WL_0301,greedily_cheapest,0.007871,28.0,optimal
WL_0301,cost_only,0.007871,28.0,optimal
WL_0301,cost_latency,0.008521,20.0,optimal
WL_0301,cost_latency_redundancy,0.008521,20.0,optimal
WL_0301,full_balanced,0.008521,20.0,optimal
WL_0302,greedily_cheapest,0.04077,28.0,optimal
WL_0302,cost_only,inf,inf,infeasible
WL_0302,cost_latency,inf,inf,infeasible
WL_0302,cost_latency_redundancy,inf,inf,infeasible
WL_0302,full_balanced,inf,inf,infeasible
WL_0303,greedily_cheapest,0.429742,56.67,optimal
WL_0303,cost_only,0.434188,29.0,optimal
WL_0303,cost_latency,0.435852,22.33,optimal
WL_0303,cost_latency_redundancy,0.435852,22.33,optimal
WL_0303,full_balanced,0.435852,22.33,optimal
WL_0304,greedily_cheapest,0.353039,50.0,optimal
WL_0304,cost_only,0.353039,50.0,optimal
WL_0304,cost_latency,0.353652,20.0,optimal
WL_0304,cost_latency_redundancy,0.353652,20.0,optimal
WL_0304,full_balanced,0.353652,20.0,optimal
WL_0305,greedily_cheapest,0.050197,50.0,optimal
WL_0305,cost_only,0.050197,50.0,optimal
WL_0305,cost_latency,0.05073,20.0,optimal
WL_0305,cost_latency_redundancy,0.05073,20.0,optimal
WL_0305,full_balanced,0.05073,20.0,optimal
WL_0306,greedily_cheapest,0.188031,75.0,optimal
WL_0306,cost_only,0.223463,42.5,optimal
WL_0306,cost_latency,0.224045,23.5,optimal
WL_0306,cost_latency_redundancy,0.224045,23.5,optimal
WL_0306,full_balanced,0.224045,23.5,optimal
WL_0307,greedily_cheapest,1.517267,60.0,optimal
WL_0307,cost_only,inf,inf,infeasible
WL_0307,cost_latency,inf,inf,infeasible
WL_0307,cost_latency_redundancy,inf,inf,infeasible
WL_0307,full_balanced,inf,inf,infeasible
WL_0308,greedily_cheapest,0.021163,28.0,optimal
WL_0308,cost_only,0.021868,25.0,optimal
WL_0308,cost_latency,0.021868,25.0,optimal
WL_0308,cost_latency_redundancy,0.021868,25.0,optimal
WL_0308,full_balanced,0.021868,25.0,optimal
WL_0309,greedily_cheapest,0.035164,20.0,optimal
WL_0309,cost_only,0.035164,20.0,optimal
WL_0309,cost_latency,0.035164,20.0,optimal
WL_0309,cost_latency_redundancy,0.035164,20.0,optimal
WL_0309,full_balanced,0.035164,20.0,optimal
WL_0310,greedily_cheapest,0.081008,75.0,optimal
WL_0310,cost_only,inf,inf,infeasible
WL_0310,cost_latency,inf,inf,infeasible
WL_0310,cost_latency_redundancy,inf,inf,infeasible
WL_0310,full_balanced,inf,inf,infeasible
WL_0311,greedily_cheapest,2.180522,25.0,optimal
WL_0311,cost_only,inf,inf,infeasible
WL_0311,cost_latency,inf,inf,infeasible
WL_0311,cost_latency_redundancy,inf,inf,infeasible
WL_0311,full_balanced,inf,inf,infeasible
WL_0312,greedily_cheapest,0.070559,20.0,optimal
WL_0312,cost_only,inf,inf,infeasible
WL_0312,cost_latency,inf,inf,infeasible
WL_0312,cost_latency_redundancy,inf,inf,infeasible
WL_0312,full_balanced,inf,inf,infeasible
WL_0313,greedily_cheapest,2.003804,66.67,optimal
WL_0313,cost_only,2.003804,66.67,optimal
WL_0313,cost_latency,2.009939,22.33,optimal
WL_0313,cost_latency_redundancy,2.009939,22.33,optimal
WL_0313,full_balanced,2.009939,22.33,optimal
WL_0314,greedily_cheapest,0.260061,56.67,optimal
WL_0314,cost_only,0.260061,56.67,optimal
WL_0314,cost_latency,0.267295,22.33,optimal
WL_0314,cost_latency_redundancy,0.267295,22.33,optimal
WL_0314,full_balanced,0.267295,22.33,optimal
WL_0315,greedily_cheapest,1.668409,20.0,optimal
WL_0315,cost_only,1.668409,20.0,optimal
WL_0315,cost_latency,1.668409,20.0,optimal
WL_0315,cost_latency_redundancy,1.668409,20.0,optimal
WL_0315,full_balanced,1.668409,20.0,optimal
WL_0316,greedily_cheapest,0.100891,75.0,optimal
WL_0316,cost_only,inf,inf,infeasible
WL_0316,cost_latency,inf,inf,infeasible
WL_0316,cost_latency_redundancy,inf,inf,infeasible
WL_0316,full_balanced,inf,inf,infeasible
WL_0317,greedily_cheapest,0.004109,20.0,optimal
WL_0317,cost_only,0.004504,100.0,optimal
WL_0317,cost_latency,0.005743,45.0,optimal
WL_0317,cost_latency_redundancy,0.005743,45.0,optimal
WL_0317,full_balanced,0.005743,45.0,optimal
WL_0318,greedily_cheapest,0.029676,50.0,optimal
WL_0318,cost_only,0.029676,50.0,optimal
WL_0318,cost_latency,0.030382,20.0,optimal
WL_0318,cost_latency_redundancy,0.030382,20.0,optimal
WL_0318,full_balanced,0.030382,20.0,optimal
WL_0319,greedily_cheapest,0.018862,20.0,optimal
WL_0319,cost_only,inf,inf,infeasible
WL_0319,cost_latency,inf,inf,infeasible
WL_0319,cost_latency_redundancy,inf,inf,infeasible
WL_0319,full_balanced,inf,inf,infeasible
WL_0320,greedily_cheapest,0.018589,50.0,optimal
WL_0320,cost_only,0.018589,50.0,optimal
WL_0320,cost_latency,0.018728,20.0,optimal
WL_0320,cost_latency_redundancy,0.018728,20.0,optimal
WL_0320,full_balanced,0.018728,20.0,optimal
WL_0321,greedily_cheapest,0.01006,20.0,optimal
WL_0321,cost_only,0.01006,20.0,optimal
WL_0321,cost_latency,0.01006,20.0,optimal
WL_0321,cost_latency_redundancy,0.01006,20.0,optimal
WL_0321,full_balanced,0.01006,20.0,optimal
WL_0322,greedily_cheapest,0.689004,75.0,optimal
WL_0322,cost_only,0.689004,75.0,optimal
WL_0322,cost_latency,0.69195,22.5,optimal
WL_0322,cost_latency_redundancy,0.69195,22.5,optimal
WL_0322,full_balanced,0.69195,22.5,optimal
WL_0323,greedily_cheapest,0.012879,28.0,optimal
WL_0323,cost_only,0.012879,28.0,optimal
WL_0323,cost_latency,0.013293,25.0,optimal
WL_0323,cost_latency_redundancy,0.013293,25.0,optimal
WL_0323,full_balanced,0.013293,25.0,optimal
WL_0324,greedily_cheapest,0.831675,20.0,optimal
WL_0324,cost_only,0.831675,20.0,optimal
WL_0324,cost_latency,0.831675,20.0,optimal
WL_0324,cost_latency_redundancy,0.831675,20.0,optimal
WL_0324,full_balanced,0.831675,20.0,optimal
WL_0325,greedily_cheapest,0.043146,28.0,optimal
WL_0325,cost_only,inf,inf,infeasible
WL_0325,cost_latency,inf,inf,infeasible
WL_0325,cost_latency_redundancy,inf,inf,infeasible
WL_0325,full_balanced,inf,inf,infeasible
WL_0326,greedily_cheapest,0.002497,28.0,optimal
WL_0326,cost_only,0.002497,28.0,optimal
WL_0326,cost_latency,0.002572,25.0,optimal
WL_0326,cost_latency_redundancy,0.002572,25.0,optimal
WL_0326,full_balanced,0.002572,25.0,optimal
WL_0327,greedily_cheapest,1.236645,20.0,optimal
WL_0327,cost_only,inf,inf,infeasible
WL_0327,cost_latency,inf,inf,infeasible
WL_0327,cost_latency_redundancy,inf,inf,infeasible
WL_0327,full_balanced,inf,inf,infeasible
WL_0328,greedily_cheapest,0.08122,60.0,optimal
WL_0328,cost_only,inf,inf,infeasible
WL_0328,cost_latency,inf,inf,infeasible
WL_0328,cost_latency_redundancy,inf,inf,infeasible
WL_0328,full_balanced,inf,inf,infeasible
WL_0329,greedily_cheapest,0.40565,50.0,optimal
WL_0329,cost_only,0.40565,50.0,optimal
WL_0329,cost_latency,0.406431,20.0,optimal
WL_0329,cost_latency_redundancy,0.406431,20.0,optimal
WL_0329,full_balanced,0.406431,20.0,optimal
WL_0330,greedily_cheapest,0.000609,35.0,optimal
WL_0330,cost_only,0.000862,75.0,optimal
WL_0330,cost_latency,0.001975,47.5,optimal
WL_0330,cost_latency_redundancy,0.001975,47.5,optimal
WL_0330,full_balanced,0.001975,47.5,optimal
WL_0331,greedily_cheapest,0.004263,20.0,optimal
WL_0331,cost_only,0.004263,20.0,optimal
WL_0331,cost_latency,0.004263,20.0,optimal
WL_0331,cost_latency_redundancy,0.004263,20.0,optimal
WL_0331,full_balanced,0.004263,20.0,optimal
WL_0332,greedily_cheapest,0.0777,50.0,optimal
WL_0332,cost_only,inf,inf,infeasible
WL_0332,cost_latency,inf,inf,infeasible
WL_0332,cost_latency_redundancy,inf,inf,infeasible
WL_0332,full_balanced,inf,inf,infeasible
WL_0333,greedily_cheapest,0.031129,60.0,optimal
WL_0333,cost_only,inf,inf,infeasible
WL_0333,cost_latency,inf,inf,infeasible
WL_0333,cost_latency_redundancy,inf,inf,infeasible
WL_0333,full_balanced,inf,inf,infeasible
WL_0334,greedily_cheapest,0.003073,100.0,optimal
WL_0334,cost_only,0.003073,100.0,optimal
WL_0334,cost_latency,0.003175,20.0,optimal
WL_0334,cost_latency_redundancy,0.003175,20.0,optimal
WL_0334,full_balanced,0.003175,20.0,optimal
WL_0335,greedily_cheapest,0.391937,20.0,optimal
WL_0335,cost_only,0.391937,20.0,optimal
WL_0335,cost_latency,0.391937,20.0,optimal
WL_0335,cost_latency_redundancy,0.391937,20.0,optimal
WL_0335,full_balanced,0.391937,20.0,optimal
WL_0336,greedily_cheapest,0.076574,28.0,optimal
WL_0336,cost_only,0.076574,28.0,optimal
WL_0336,cost_latency,0.078042,20.0,optimal
WL_0336,cost_latency_redundancy,0.078042,20.0,optimal
WL_0336,full_balanced,0.078042,20.0,optimal
WL_0337,greedily_cheapest,0.270967,26.5,optimal
WL_0337,cost_only,0.270967,26.5,optimal
WL_0337,cost_latency,0.270967,26.5,optimal
WL_0337,cost_latency_redundancy,0.270967,26.5,optimal
WL_0337,full_balanced,0.270967,26.5,optimal
WL_0338,greedily_cheapest,0.031921,75.0,optimal
WL_0338,cost_only,0.032396,26.5,optimal
WL_0338,cost_latency,0.032601,22.5,optimal
WL_0338,cost_latency_redundancy,0.032601,22.5,optimal
WL_0338,full_balanced,0.032601,22.5,optimal
WL_0339,greedily_cheapest,0.342253,50.0,optimal
WL_0339,cost_only,inf,inf,infeasible
WL_0339,cost_latency,inf,inf,infeasible
WL_0339,cost_latency_redundancy,inf,inf,infeasible
WL_0339,full_balanced,inf,inf,infeasible
WL_0340,greedily_cheapest,0.117685,28.0,optimal
WL_0340,cost_only,inf,inf,infeasible
WL_0340,cost_latency,inf,inf,infeasible
WL_0340,cost_latency_redundancy,inf,inf,infeasible
WL_0340,full_balanced,inf,inf,infeasible
WL_0341,greedily_cheapest,0.003087,100.0,optimal
WL_0341,cost_only,inf,inf,infeasible
WL_0341,cost_latency,inf,inf,infeasible
WL_0341,cost_latency_redundancy,inf,inf,infeasible
WL_0341,full_balanced,inf,inf,infeasible
WL_0342,greedily_cheapest,2.685786,26.5,optimal
WL_0342,cost_only,inf,inf,infeasible
WL_0342,cost_latency,inf,inf,infeasible
WL_0342,cost_latency_redundancy,inf,inf,infeasible
WL_0342,full_balanced,inf,inf,infeasible
WL_0343,greedily_cheapest,0.005466,20.0,optimal
WL_0343,cost_only,inf,inf,infeasible
WL_0343,cost_latency,inf,inf,infeasible
WL_0343,cost_latency_redundancy,inf,inf,infeasible
WL_0343,full_balanced,inf,inf,infeasible
WL_0344,greedily_cheapest,0.034819,28.0,optimal
WL_0344,cost_only,0.034819,28.0,optimal
WL_0344,cost_latency,0.036415,20.0,optimal
WL_0344,cost_latency_redundancy,0.036415,20.0,optimal
WL_0344,full_balanced,0.036415,20.0,optimal
WL_0345,greedily_cheapest,0.191428,50.0,optimal
WL_0345,cost_only,0.191428,50.0,optimal
WL_0345,cost_latency,0.194225,22.33,optimal
WL_0345,cost_latency_redundancy,0.194225,22.33,optimal
WL_0345,full_balanced,0.194225,22.33,optimal
WL_0346,greedily_cheapest,0.000651,20.0,optimal
WL_0346,cost_only,0.000651,20.0,optimal
WL_0346,cost_latency,0.000651,20.0,optimal
WL_0346,cost_latency_redundancy,0.000651,20.0,optimal
WL_0346,full_balanced,0.000651,20.0,optimal
WL_0347,greedily_cheapest,0.000118,56.67,optimal
WL_0347,cost_only,inf,inf,infeasible
WL_0347,cost_latency,inf,inf,infeasible
WL_0347,cost_latency_redundancy,inf,inf,infeasible
WL_0347,full_balanced,inf,inf,infeasible
WL_0348,greedily_cheapest,0.236108,25.0,optimal
WL_0348,cost_only,0.236108,25.0,optimal
WL_0348,cost_latency,0.236108,25.0,optimal
WL_0348,cost_latency_redundancy,0.236108,25.0,optimal
WL_0348,full_balanced,0.236108,25.0,optimal
WL_0349,greedily_cheapest,0.002831,100.0,optimal
WL_0349,cost_only,0.002831,100.0,optimal
WL_0349,cost_latency,0.002998,25.0,optimal
WL_0349,cost_latency_redundancy,0.002998,25.0,optimal
WL_0349,full_balanced,0.002998,25.0,optimal
WL_0350,greedily_cheapest,0.312589,50.0,optimal
WL_0350,cost_only,0.312589,50.0,optimal
WL_0350,cost_latency,0.315323,22.33,optimal
WL_0350,cost_latency_redundancy,0.315323,22.33,optimal
WL_0350,full_balanced,0.315323,22.33,optimal
WL_0351,greedily_cheapest,0.978084,28.0,optimal
WL_0351,cost_only,inf,inf,infeasible
WL_0351,cost_latency,inf,inf,infeasible
WL_0351,cost_latency_redundancy,inf,inf,infeasible
WL_0351,full_balanced,inf,inf,infeasible
WL_0352,greedily_cheapest,33.949926,26.5,optimal
WL_0352,cost_only,inf,inf,infeasible
WL_0352,cost_latency,inf,inf,infeasible
WL_0352,cost_latency_redundancy,inf,inf,infeasible
WL_0352,full_balanced,inf,inf,infeasible
WL_0353,greedily_cheapest,0.000425,20.0,optimal
WL_0353,cost_only,0.000425,20.0,optimal
WL_0353,cost_latency,0.000425,20.0,optimal
WL_0353,cost_latency_redundancy,0.000425,20.0,optimal
WL_0353,full_balanced,0.000425,20.0,optimal
WL_0354,greedily_cheapest,0.023869,75.0,optimal
WL_0354,cost_only,inf,inf,infeasible
WL_0354,cost_latency,inf,inf,infeasible
WL_0354,cost_latency_redundancy,inf,inf,infeasible
WL_0354,full_balanced,inf,inf,infeasible
WL_0355,greedily_cheapest,3.009247,26.5,optimal
WL_0355,cost_only,3.009247,26.5,optimal
WL_0355,cost_latency,3.009247,26.5,optimal
WL_0355,cost_latency_redundancy,3.009247,26.5,optimal
WL_0355,full_balanced,3.009247,26.5,optimal
WL_0356,greedily_cheapest,0.006141,64.0,optimal
WL_0356,cost_only,inf,inf,infeasible
WL_0356,cost_latency,inf,inf,infeasible
WL_0356,cost_latency_redundancy,inf,inf,infeasible
WL_0356,full_balanced,inf,inf,infeasible
WL_0357,greedily_cheapest,2.331875,26.5,optimal
WL_0357,cost_only,inf,inf,infeasible
WL_0357,cost_latency,inf,inf,infeasible
WL_0357,cost_latency_redundancy,inf,inf,infeasible
WL_0357,full_balanced,inf,inf,infeasible
WL_0358,greedily_cheapest,0.085233,28.0,optimal
WL_0358,cost_only,inf,inf,infeasible
WL_0358,cost_latency,inf,inf,infeasible
WL_0358,cost_latency_redundancy,inf,inf,infeasible
WL_0358,full_balanced,inf,inf,infeasible
WL_0359,greedily_cheapest,0.165336,75.0,optimal
WL_0359,cost_only,0.165336,75.0,optimal
WL_0359,cost_latency,0.166766,22.5,optimal
WL_0359,cost_latency_redundancy,0.166766,22.5,optimal
WL_0359,full_balanced,0.166766,22.5,optimal
WL_0360,greedily_cheapest,0.019214,28.0,optimal
WL_0360,cost_only,0.019214,28.0,optimal
WL_0360,cost_latency,0.021009,20.0,optimal
WL_0360,cost_latency_redundancy,0.021009,20.0,optimal
WL_0360,full_balanced,0.021009,20.0,optimal
WL_0361,greedily_cheapest,4.217316,28.0,optimal
WL_0361,cost_only,4.217316,28.0,optimal
WL_0361,cost_latency,4.361958,25.0,optimal
WL_0361,cost_latency_redundancy,4.361958,25.0,optimal
WL_0361,full_balanced,4.361958,25.0,optimal
WL_0362,greedily_cheapest,4.528781,28.0,optimal
WL_0362,cost_only,inf,inf,infeasible
WL_0362,cost_latency,inf,inf,infeasible
WL_0362,cost_latency_redundancy,inf,inf,infeasible
WL_0362,full_balanced,inf,inf,infeasible
WL_0363,greedily_cheapest,0.948042,28.0,optimal
WL_0363,cost_only,0.948042,28.0,optimal
WL_0363,cost_latency,0.980038,25.0,optimal
WL_0363,cost_latency_redundancy,0.980038,25.0,optimal
WL_0363,full_balanced,0.980038,25.0,optimal
WL_0364,greedily_cheapest,0.133086,50.0,optimal
WL_0364,cost_only,0.133086,50.0,optimal
WL_0364,cost_latency,0.133342,20.0,optimal
WL_0364,cost_latency_redundancy,0.133342,20.0,optimal
WL_0364,full_balanced,0.133342,20.0,optimal
WL_0365,greedily_cheapest,12.174368,26.5,optimal
WL_0365,cost_only,inf,inf,infeasible
WL_0365,cost_latency,inf,inf,infeasible
WL_0365,cost_latency_redundancy,inf,inf,infeasible
WL_0365,full_balanced,inf,inf,infeasible
WL_0366,greedily_cheapest,0.014481,75.0,optimal
WL_0366,cost_only,inf,inf,infeasible
WL_0366,cost_latency,inf,inf,infeasible
WL_0366,cost_latency_redundancy,inf,inf,infeasible
WL_0366,full_balanced,inf,inf,infeasible
WL_0367,greedily_cheapest,0.240958,50.0,optimal
WL_0367,cost_only,inf,inf,infeasible
WL_0367,cost_latency,inf,inf,infeasible
WL_0367,cost_latency_redundancy,inf,inf,infeasible
WL_0367,full_balanced,inf,inf,infeasible
WL_0368,greedily_cheapest,0.016569,60.0,optimal
WL_0368,cost_only,0.016569,60.0,optimal
WL_0368,cost_latency,0.017292,22.5,optimal
WL_0368,cost_latency_redundancy,0.017292,22.5,optimal
WL_0368,full_balanced,0.017292,22.5,optimal
WL_0369,greedily_cheapest,1.722406,28.0,optimal
WL_0369,cost_only,1.722406,28.0,optimal
WL_0369,cost_latency,1.780977,25.0,optimal
WL_0369,cost_latency_redundancy,1.780977,25.0,optimal
WL_0369,full_balanced,1.780977,25.0,optimal
WL_0370,greedily_cheapest,0.030083,28.0,optimal
WL_0370,cost_only,inf,inf,infeasible
WL_0370,cost_latency,inf,inf,infeasible
WL_0370,cost_latency_redundancy,inf,inf,infeasible
WL_0370,full_balanced,inf,inf,infeasible
WL_0371,greedily_cheapest,0.020229,56.67,optimal
WL_0371,cost_only,inf,inf,infeasible
WL_0371,cost_latency,inf,inf,infeasible
WL_0371,cost_latency_redundancy,inf,inf,infeasible
WL_0371,full_balanced,inf,inf,infeasible
WL_0372,greedily_cheapest,7.52899,26.5,optimal
WL_0372,cost_only,inf,inf,infeasible
WL_0372,cost_latency,inf,inf,infeasible
WL_0372,cost_latency_redundancy,inf,inf,infeasible
WL_0372,full_balanced,inf,inf,infeasible
WL_0373,greedily_cheapest,0.019017,20.0,optimal
WL_0373,cost_only,0.019017,20.0,optimal
WL_0373,cost_latency,0.019017,20.0,optimal
WL_0373,cost_latency_redundancy,0.019017,20.0,optimal
WL_0373,full_balanced,0.019017,20.0,optimal
WL_0374,greedily_cheapest,14.248072,26.5,optimal
WL_0374,cost_only,inf,inf,infeasible
WL_0374,cost_latency,inf,inf,infeasible
WL_0374,cost_latency_redundancy,inf,inf,infeasible
WL_0374,full_balanced,inf,inf,infeasible
WL_0375,greedily_cheapest,0.316733,20.0,optimal
WL_0375,cost_only,0.316733,20.0,optimal
WL_0375,cost_latency,0.316733,20.0,optimal
WL_0375,cost_latency_redundancy,0.316733,20.0,optimal
WL_0375,full_balanced,0.316733,20.0,optimal
WL_0376,greedily_cheapest,0.015064,64.0,optimal
WL_0376,cost_only,inf,inf,infeasible
WL_0376,cost_latency,inf,inf,infeasible
WL_0376,cost_latency_redundancy,inf,inf,infeasible
WL_0376,full_balanced,inf,inf,infeasible
WL_0377,greedily_cheapest,0.156168,20.0,optimal
WL_0377,cost_only,inf,inf,infeasible
WL_0377,cost_latency,inf,inf,infeasible
WL_0377,cost_latency_redundancy,inf,inf,infeasible
WL_0377,full_balanced,inf,inf,infeasible
WL_0378,greedily_cheapest,0.345572,75.0,optimal
WL_0378,cost_only,0.345572,75.0,optimal
WL_0378,cost_latency,0.348027,22.5,optimal
WL_0378,cost_latency_redundancy,0.348027,22.5,optimal
WL_0378,full_balanced,0.348027,22.5,optimal
WL_0379,greedily_cheapest,5.209273,20.0,optimal
WL_0379,cost_only,5.209273,20.0,optimal
WL_0379,cost_latency,5.209273,20.0,optimal
WL_0379,cost_latency_redundancy,5.209273,20.0,optimal
WL_0379,full_balanced,5.209273,20.0,optimal
WL_0380,greedily_cheapest,0.024551,28.0,optimal
WL_0380,cost_only,0.024551,28.0,optimal
WL_0380,cost_latency,0.026785,20.0,optimal
WL_0380,cost_latency_redundancy,0.026785,20.0,optimal
WL_0380,full_balanced,0.026785,20.0,optimal
WL_0381,greedily_cheapest,0.009948,64.0,optimal
WL_0381,cost_only,0.009948,64.0,optimal
WL_0381,cost_latency,0.010443,22.5,optimal
WL_0381,cost_latency_redundancy,0.010443,22.5,optimal
WL_0381,full_balanced,0.010443,22.5,optimal
WL_0382,greedily_cheapest,0.003568,60.0,optimal
WL_0382,cost_only,0.00378,22.5,optimal
WL_0382,cost_latency,0.00378,22.5,optimal
WL_0382,cost_latency_redundancy,0.00378,22.5,optimal
WL_0382,full_balanced,0.00378,22.5,optimal
WL_0383,greedily_cheapest,0.003177,64.0,optimal
WL_0383,cost_only,inf,inf,infeasible
WL_0383,cost_latency,inf,inf,infeasible
WL_0383,cost_latency_redundancy,inf,inf,infeasible
WL_0383,full_balanced,inf,inf,infeasible
WL_0384,greedily_cheapest,0.093816,64.0,optimal
WL_0384,cost_only,0.094062,26.5,optimal
WL_0384,cost_latency,0.096379,22.5,optimal
WL_0384,cost_latency_redundancy,0.096379,22.5,optimal
WL_0384,full_balanced,0.096379,22.5,optimal
WL_0385,greedily_cheapest,0.013968,28.0,optimal
WL_0385,cost_only,0.013968,28.0,optimal
WL_0385,cost_latency,0.015032,20.0,optimal
WL_0385,cost_latency_redundancy,0.015032,20.0,optimal
WL_0385,full_balanced,0.015032,20.0,optimal
WL_0386,greedily_cheapest,0.145448,50.0,optimal
WL_0386,cost_only,0.145448,50.0,optimal
WL_0386,cost_latency,0.146748,20.0,optimal
WL_0386,cost_latency_redundancy,0.146748,20.0,optimal
WL_0386,full_balanced,0.146748,20.0,optimal
WL_0387,greedily_cheapest,0.028583,20.0,optimal
WL_0387,cost_only,0.028583,20.0,optimal
WL_0387,cost_latency,0.028583,20.0,optimal
WL_0387,cost_latency_redundancy,0.028583,20.0,optimal
WL_0387,full_balanced,0.028583,20.0,optimal
WL_0388,greedily_cheapest,0.016934,20.0,optimal
WL_0388,cost_only,0.016934,20.0,optimal
WL_0388,cost_latency,0.016934,20.0,optimal
WL_0388,cost_latency_redundancy,0.016934,20.0,optimal
WL_0388,full_balanced,0.016934,20.0,optimal
WL_0389,greedily_cheapest,0.334111,20.0,optimal
WL_0389,cost_only,0.334111,20.0,optimal
WL_0389,cost_latency,0.334111,20.0,optimal
WL_0389,cost_latency_redundancy,0.334111,20.0,optimal
WL_0389,full_balanced,0.334111,20.0,optimal
WL_0390,greedily_cheapest,0.000361,20.0,optimal
WL_0390,cost_only,0.000361,20.0,optimal
WL_0390,cost_latency,0.000361,20.0,optimal
WL_0390,cost_latency_redundancy,0.000361,20.0,optimal
WL_0390,full_balanced,0.000361,20.0,optimal
WL_0391,greedily_cheapest,0.004879,75.0,optimal
WL_0391,cost_only,inf,inf,infeasible
WL_0391,cost_latency,inf,inf,infeasible
WL_0391,cost_latency_redundancy,inf,inf,infeasible
WL_0391,full_balanced,inf,inf,infeasible
WL_0392,greedily_cheapest,1.049981,26.5,optimal
WL_0392,cost_only,1.049981,26.5,optimal
WL_0392,cost_latency,1.049981,26.5,optimal
WL_0392,cost_latency_redundancy,1.049981,26.5,optimal
WL_0392,full_balanced,1.049981,26.5,optimal
WL_0393,greedily_cheapest,0.001062,100.0,optimal
WL_0393,cost_only,0.001062,100.0,optimal
WL_0393,cost_latency,0.001112,25.0,optimal
WL_0393,cost_latency_redundancy,0.001112,25.0,optimal
WL_0393,full_balanced,0.001112,25.0,optimal
WL_0394,greedily_cheapest,0.342643,20.0,optimal
WL_0394,cost_only,0.342643,20.0,optimal
WL_0394,cost_latency,0.342643,20.0,optimal
WL_0394,cost_latency_redundancy,0.342643,20.0,optimal
WL_0394,full_balanced,0.342643,20.0,optimal
WL_0395,greedily_cheapest,3.28409,60.0,optimal
WL_0395,cost_only,3.28409,60.0,optimal
WL_0395,cost_latency,3.291545,22.5,optimal
WL_0395,cost_latency_redundancy,3.291545,22.5,optimal
WL_0395,full_balanced,3.291545,22.5,optimal
WL_0396,greedily_cheapest,0.052275,28.0,optimal
WL_0396,cost_only,0.052275,28.0,optimal
WL_0396,cost_latency,0.054586,20.0,optimal
WL_0396,cost_latency_redundancy,0.054586,20.0,optimal
WL_0396,full_balanced,0.054586,20.0,optimal
WL_0397,greedily_cheapest,0.011404,64.0,optimal
WL_0397,cost_only,inf,inf,infeasible
WL_0397,cost_latency,inf,inf,infeasible
WL_0397,cost_latency_redundancy,inf,inf,infeasible
WL_0397,full_balanced,inf,inf,infeasible
WL_0398,greedily_cheapest,0.001125,20.0,optimal
WL_0398,cost_only,0.001125,20.0,optimal
WL_0398,cost_latency,0.001125,20.0,optimal
WL_0398,cost_latency_redundancy,0.001125,20.0,optimal
WL_0398,full_balanced,0.001125,20.0,optimal
WL_0399,greedily_cheapest,0.207528,64.0,optimal
WL_0399,cost_only,inf,inf,infeasible
WL_0399,cost_latency,inf,inf,infeasible
WL_0399,cost_latency_redundancy,inf,inf,infeasible
WL_0399,full_balanced,inf,inf,infeasible
WL_0400,greedily_cheapest,0.279058,56.67,optimal
WL_0400,cost_only,0.282824,38.33,optimal
WL_0400,cost_latency,0.296375,22.33,optimal
WL_0400,cost_latency_redundancy,0.296375,22.33,optimal
WL_0400,full_balanced,0.296375,22.33,optimal
WL_0401,greedily_cheapest,0.000365,100.0,optimal
WL_0401,cost_only,inf,inf,infeasible
WL_0401,cost_latency,inf,inf,infeasible
WL_0401,cost_latency_redundancy,inf,inf,infeasible
WL_0401,full_balanced,inf,inf,infeasible
WL_0402,greedily_cheapest,0.326338,28.0,optimal
WL_0402,cost_only,inf,inf,infeasible
WL_0402,cost_latency,inf,inf,infeasible
WL_0402,cost_latency_redundancy,inf,inf,infeasible
WL_0402,full_balanced,inf,inf,infeasible
WL_0403,greedily_cheapest,0.295471,64.0,optimal
WL_0403,cost_only,0.35027,61.0,optimal
WL_0403,cost_latency,0.350982,23.5,optimal
WL_0403,cost_latency_redundancy,0.350982,23.5,optimal
WL_0403,full_balanced,0.350982,23.5,optimal
WL_0404,greedily_cheapest,0.017795,20.0,optimal
WL_0404,cost_only,0.017795,20.0,optimal
WL_0404,cost_latency,0.017795,20.0,optimal
WL_0404,cost_latency_redundancy,0.017795,20.0,optimal
WL_0404,full_balanced,0.017795,20.0,optimal
WL_0405,greedily_cheapest,0.005204,50.0,optimal
WL_0405,cost_only,inf,inf,infeasible
WL_0405,cost_latency,inf,inf,infeasible
WL_0405,cost_latency_redundancy,inf,inf,infeasible
WL_0405,full_balanced,inf,inf,infeasible
WL_0406,greedily_cheapest,2.672527,28.0,optimal
WL_0406,cost_only,2.672527,28.0,optimal
WL_0406,cost_latency,2.764392,25.0,optimal
WL_0406,cost_latency_redundancy,2.764392,25.0,optimal
WL_0406,full_balanced,2.764392,25.0,optimal
WL_0407,greedily_cheapest,0.018999,64.0,optimal
WL_0407,cost_only,inf,inf,infeasible
WL_0407,cost_latency,inf,inf,infeasible
WL_0407,cost_latency_redundancy,inf,inf,infeasible
WL_0407,full_balanced,inf,inf,infeasible
WL_0408,greedily_cheapest,0.018712,60.0,optimal
WL_0408,cost_only,inf,inf,infeasible
WL_0408,cost_latency,inf,inf,infeasible
WL_0408,cost_latency_redundancy,inf,inf,infeasible
WL_0408,full_balanced,inf,inf,infeasible
WL_0409,greedily_cheapest,0.005528,20.0,optimal
WL_0409,cost_only,0.005528,20.0,optimal
WL_0409,cost_latency,0.005528,20.0,optimal
WL_0409,cost_latency_redundancy,0.005528,20.0,optimal
WL_0409,full_balanced,0.005528,20.0,optimal
WL_0410,greedily_cheapest,0.903103,28.0,optimal
WL_0410,cost_only,inf,inf,infeasible
WL_0410,cost_latency,inf,inf,infeasible
WL_0410,cost_latency_redundancy,inf,inf,infeasible
WL_0410,full_balanced,inf,inf,infeasible
WL_0411,greedily_cheapest,0.281707,20.0,optimal
WL_0411,cost_only,0.281707,20.0,optimal
WL_0411,cost_latency,0.281707,20.0,optimal
WL_0411,cost_latency_redundancy,0.281707,20.0,optimal
WL_0411,full_balanced,0.281707,20.0,optimal
WL_0412,greedily_cheapest,0.006315,28.0,optimal
WL_0412,cost_only,inf,inf,infeasible
WL_0412,cost_latency,inf,inf,infeasible
WL_0412,cost_latency_redundancy,inf,inf,infeasible
WL_0412,full_balanced,inf,inf,infeasible
WL_0413,greedily_cheapest,1.2e-05,100.0,optimal
WL_0413,cost_only,inf,inf,infeasible
WL_0413,cost_latency,inf,inf,infeasible
WL_0413,cost_latency_redundancy,inf,inf,infeasible
WL_0413,full_balanced,inf,inf,infeasible
WL_0414,greedily_cheapest,1.314252,60.0,optimal
WL_0414,cost_only,inf,inf,infeasible
WL_0414,cost_latency,inf,inf,infeasible
WL_0414,cost_latency_redundancy,inf,inf,infeasible
WL_0414,full_balanced,inf,inf,infeasible
WL_0415,greedily_cheapest,1.481549,25.0,optimal
WL_0415,cost_only,1.481549,25.0,optimal
WL_0415,cost_latency,1.481549,25.0,optimal
WL_0415,cost_latency_redundancy,1.481549,25.0,optimal
WL_0415,full_balanced,1.481549,25.0,optimal
WL_0416,greedily_cheapest,6e-05,35.0,optimal
WL_0416,cost_only,6e-05,35.0,optimal
WL_0416,cost_latency,6e-05,35.0,optimal
WL_0416,cost_latency_redundancy,6e-05,35.0,optimal
WL_0416,full_balanced,6e-05,35.0,optimal
WL_0417,greedily_cheapest,3.551782,20.0,optimal
WL_0417,cost_only,3.551782,20.0,optimal
WL_0417,cost_latency,3.551782,20.0,optimal
WL_0417,cost_latency_redundancy,3.551782,20.0,optimal
WL_0417,full_balanced,3.551782,20.0,optimal
WL_0418,greedily_cheapest,0.009196,20.0,optimal
WL_0418,cost_only,0.009196,20.0,optimal
WL_0418,cost_latency,0.009196,20.0,optimal
WL_0418,cost_latency_redundancy,0.009196,20.0,optimal
WL_0418,full_balanced,0.009196,20.0,optimal
WL_0419,greedily_cheapest,15.49656,26.5,optimal
WL_0419,cost_only,inf,inf,infeasible
WL_0419,cost_latency,inf,inf,infeasible
WL_0419,cost_latency_redundancy,inf,inf,infeasible
WL_0419,full_balanced,inf,inf,infeasible
WL_0420,greedily_cheapest,0.026055,60.0,optimal
WL_0420,cost_only,inf,inf,infeasible
WL_0420,cost_latency,inf,inf,infeasible
WL_0420,cost_latency_redundancy,inf,inf,infeasible
WL_0420,full_balanced,inf,inf,infeasible
WL_0421,greedily_cheapest,2.949895,20.0,optimal
WL_0421,cost_only,2.949895,20.0,optimal
WL_0421,cost_latency,2.949895,20.0,optimal
WL_0421,cost_latency_redundancy,2.949895,20.0,optimal
WL_0421,full_balanced,2.949895,20.0,optimal
WL_0422,greedily_cheapest,51.591181,28.0,optimal
WL_0422,cost_only,inf,inf,infeasible
WL_0422,cost_latency,inf,inf,infeasible
WL_0422,cost_latency_redundancy,inf,inf,infeasible
WL_0422,full_balanced,inf,inf,infeasible
WL_0423,greedily_cheapest,0.01597,75.0,optimal
WL_0423,cost_only,0.01597,75.0,optimal
WL_0423,cost_latency,0.016412,22.5,optimal
WL_0423,cost_latency_redundancy,0.016412,22.5,optimal
WL_0423,full_balanced,0.016412,22.5,optimal
WL_0424,greedily_cheapest,0.000531,20.0,optimal
WL_0424,cost_only,0.000531,20.0,optimal
WL_0424,cost_latency,0.000531,20.0,optimal
WL_0424,cost_latency_redundancy,0.000531,20.0,optimal
WL_0424,full_balanced,0.000531,20.0,optimal
WL_0425,greedily_cheapest,0.568185,75.0,optimal
WL_0425,cost_only,0.568185,75.0,optimal
WL_0425,cost_latency,0.570846,22.5,optimal
WL_0425,cost_latency_redundancy,0.570846,22.5,optimal
WL_0425,full_balanced,0.570846,22.5,optimal
WL_0426,greedily_cheapest,45.212075,26.5,optimal
WL_0426,cost_only,45.212075,26.5,optimal
WL_0426,cost_latency,45.212075,26.5,optimal
WL_0426,cost_latency_redundancy,45.212075,26.5,optimal
WL_0426,full_balanced,45.212075,26.5,optimal
WL_0427,greedily_cheapest,0.02275,28.0,optimal
WL_0427,cost_only,0.023447,25.0,optimal
WL_0427,cost_latency,0.023447,25.0,optimal
WL_0427,cost_latency_redundancy,0.023447,25.0,optimal
WL_0427,full_balanced,0.023447,25.0,optimal
WL_0428,greedily_cheapest,0.105817,56.67,optimal
WL_0428,cost_only,inf,inf,infeasible
WL_0428,cost_latency,inf,inf,infeasible
WL_0428,cost_latency_redundancy,inf,inf,infeasible
WL_0428,full_balanced,inf,inf,infeasible
WL_0429,greedily_cheapest,0.007325,60.0,optimal
WL_0429,cost_only,0.007325,60.0,optimal
WL_0429,cost_latency,0.007797,35.0,optimal
WL_0429,cost_latency_redundancy,0.007797,35.0,optimal
WL_0429,full_balanced,0.007797,35.0,optimal
WL_0430,greedily_cheapest,0.000243,64.0,optimal
WL_0430,cost_only,0.000243,64.0,optimal
WL_0430,cost_latency,0.000264,26.5,optimal
WL_0430,cost_latency_redundancy,0.000264,26.5,optimal
WL_0430,full_balanced,0.000264,26.5,optimal
WL_0431,greedily_cheapest,0.01549,28.0,optimal
WL_0431,cost_only,inf,inf,infeasible
WL_0431,cost_latency,inf,inf,infeasible
WL_0431,cost_latency_redundancy,inf,inf,infeasible
WL_0431,full_balanced,inf,inf,infeasible
WL_0432,greedily_cheapest,8.6e-05,100.0,optimal
WL_0432,cost_only,0.000123,22.0,optimal
WL_0432,cost_latency,0.000123,22.0,optimal
WL_0432,cost_latency_redundancy,0.000123,22.0,optimal
WL_0432,full_balanced,0.000123,22.0,optimal
WL_0433,greedily_cheapest,0.01843,75.0,optimal
WL_0433,cost_only,0.01843,75.0,optimal
WL_0433,cost_latency,0.018903,22.5,optimal
WL_0433,cost_latency_redundancy,0.018903,22.5,optimal
WL_0433,full_balanced,0.018903,22.5,optimal
WL_0434,greedily_cheapest,0.09217,60.0,optimal
WL_0434,cost_only,inf,inf,infeasible
WL_0434,cost_latency,inf,inf,infeasible
WL_0434,cost_latency_redundancy,inf,inf,infeasible
WL_0434,full_balanced,inf,inf,infeasible
WL_0435,greedily_cheapest,0.203578,20.0,optimal
WL_0435,cost_only,0.203578,20.0,optimal
WL_0435,cost_latency,0.203578,20.0,optimal
WL_0435,cost_latency_redundancy,0.203578,20.0,optimal
WL_0435,full_balanced,0.203578,20.0,optimal
WL_0436,greedily_cheapest,0.214526,75.0,optimal
WL_0436,cost_only,0.214526,75.0,optimal
WL_0436,cost_latency,0.216438,22.5,optimal
WL_0436,cost_latency_redundancy,0.216438,22.5,optimal
WL_0436,full_balanced,0.216438,22.5,optimal
WL_0437,greedily_cheapest,0.22759,60.0,optimal
WL_0437,cost_only,0.245896,22.5,optimal
WL_0437,cost_latency,0.245896,22.5,optimal
WL_0437,cost_latency_redundancy,0.245896,22.5,optimal
WL_0437,full_balanced,0.245896,22.5,optimal
WL_0438,greedily_cheapest,0.00023,100.0,optimal
WL_0438,cost_only,0.00023,100.0,optimal
WL_0438,cost_latency,0.000287,20.0,optimal
WL_0438,cost_latency_redundancy,0.000287,20.0,optimal
WL_0438,full_balanced,0.000287,20.0,optimal
WL_0439,greedily_cheapest,0.000147,100.0,optimal
WL_0439,cost_only,0.000147,100.0,optimal
WL_0439,cost_latency,0.000171,25.0,optimal
WL_0439,cost_latency_redundancy,0.000171,25.0,optimal
WL_0439,full_balanced,0.000171,25.0,optimal
WL_0440,greedily_cheapest,0.003032,20.0,optimal
WL_0440,cost_only,inf,inf,infeasible
WL_0440,cost_latency,inf,inf,infeasible
WL_0440,cost_latency_redundancy,inf,inf,infeasible
WL_0440,full_balanced,inf,inf,infeasible
WL_0441,greedily_cheapest,0.093784,56.67,optimal
WL_0441,cost_only,0.093784,56.67,optimal
WL_0441,cost_latency,0.096758,22.33,optimal
WL_0441,cost_latency_redundancy,0.096758,22.33,optimal
WL_0441,full_balanced,0.096758,22.33,optimal
WL_0442,greedily_cheapest,0.00564,20.0,optimal
WL_0442,cost_only,0.00564,20.0,optimal
WL_0442,cost_latency,0.00564,20.0,optimal
WL_0442,cost_latency_redundancy,0.00564,20.0,optimal
WL_0442,full_balanced,0.00564,20.0,optimal
WL_0443,greedily_cheapest,0.000454,100.0,optimal
WL_0443,cost_only,0.000462,28.0,optimal
WL_0443,cost_latency,0.000465,25.0,optimal
WL_0443,cost_latency_redundancy,0.000465,25.0,optimal
WL_0443,full_balanced,0.000465,25.0,optimal
WL_0444,greedily_cheapest,0.01336,20.0,optimal
WL_0444,cost_only,0.01336,20.0,optimal
WL_0444,cost_latency,0.01336,20.0,optimal
WL_0444,cost_latency_redundancy,0.01336,20.0,optimal
WL_0444,full_balanced,0.01336,20.0,optimal
WL_0445,greedily_cheapest,0.003789,50.0,optimal
WL_0445,cost_only,0.003841,25.0,optimal
WL_0445,cost_latency,0.003841,25.0,optimal
WL_0445,cost_latency_redundancy,0.003841,25.0,optimal
WL_0445,full_balanced,0.003841,25.0,optimal
WL_0446,greedily_cheapest,0.001534,20.0,optimal
WL_0446,cost_only,0.001846,100.0,optimal
WL_0446,cost_latency,0.003054,45.0,optimal
WL_0446,cost_latency_redundancy,0.003054,45.0,optimal
WL_0446,full_balanced,0.003054,45.0,optimal
WL_0447,greedily_cheapest,0.033414,20.0,optimal
WL_0447,cost_only,0.033414,20.0,optimal
WL_0447,cost_latency,0.033414,20.0,optimal
WL_0447,cost_latency_redundancy,0.033414,20.0,optimal
WL_0447,full_balanced,0.033414,20.0,optimal
WL_0448,greedily_cheapest,0.006525,28.0,optimal
WL_0448,cost_only,0.006525,28.0,optimal
WL_0448,cost_latency,0.006733,25.0,optimal
WL_0448,cost_latency_redundancy,0.006733,25.0,optimal
WL_0448,full_balanced,0.006733,25.0,optimal
WL_0449,greedily_cheapest,0.002575,100.0,optimal
WL_0449,cost_only,inf,inf,infeasible
WL_0449,cost_latency,inf,inf,infeasible
WL_0449,cost_latency_redundancy,inf,inf,infeasible
WL_0449,full_balanced,inf,inf,infeasible
WL_0450,greedily_cheapest,0.001563,100.0,optimal
WL_0450,cost_only,0.001592,28.0,optimal
WL_0450,cost_latency,0.001743,20.0,optimal
WL_0450,cost_latency_redundancy,0.001743,20.0,optimal
WL_0450,full_balanced,0.001743,20.0,optimal
WL_0451,greedily_cheapest,0.010269,20.0,optimal
WL_0451,cost_only,0.010269,20.0,optimal
WL_0451,cost_latency,0.010269,20.0,optimal
WL_0451,cost_latency_redundancy,0.010269,20.0,optimal
WL_0451,full_balanced,0.010269,20.0,optimal
WL_0452,greedily_cheapest,0.53013,60.0,optimal
WL_0452,cost_only,inf,inf,infeasible
WL_0452,cost_latency,inf,inf,infeasible
WL_0452,cost_latency_redundancy,inf,inf,infeasible
WL_0452,full_balanced,inf,inf,infeasible
WL_0453,greedily_cheapest,0.003928,75.0,optimal
WL_0453,cost_only,0.003928,75.0,optimal
WL_0453,cost_latency,0.004196,22.5,optimal
WL_0453,cost_latency_redundancy,0.004196,22.5,optimal
WL_0453,full_balanced,0.004196,22.5,optimal
WL_0454,greedily_cheapest,0.010905,20.0,optimal
WL_0454,cost_only,0.010905,20.0,optimal
WL_0454,cost_latency,0.010905,20.0,optimal
WL_0454,cost_latency_redundancy,0.010905,20.0,optimal
WL_0454,full_balanced,0.010905,20.0,optimal
WL_0455,greedily_cheapest,3.9e-05,20.0,optimal
WL_0455,cost_only,4.2e-05,50.0,optimal
WL_0455,cost_latency,4.2e-05,50.0,optimal
WL_0455,cost_latency_redundancy,4.2e-05,50.0,optimal
WL_0455,full_balanced,4.2e-05,50.0,optimal
WL_0456,greedily_cheapest,0.019625,28.0,optimal
WL_0456,cost_only,0.019625,28.0,optimal
WL_0456,cost_latency,0.021319,20.0,optimal
WL_0456,cost_latency_redundancy,0.021319,20.0,optimal
WL_0456,full_balanced,0.021319,20.0,optimal
WL_0457,greedily_cheapest,0.008083,20.0,optimal
WL_0457,cost_only,0.008083,20.0,optimal
WL_0457,cost_latency,0.008083,20.0,optimal
WL_0457,cost_latency_redundancy,0.008083,20.0,optimal
WL_0457,full_balanced,0.008083,20.0,optimal
WL_0458,greedily_cheapest,0.013007,28.0,optimal
WL_0458,cost_only,0.013007,28.0,optimal
WL_0458,cost_latency,0.013401,25.0,optimal
WL_0458,cost_latency_redundancy,0.013401,25.0,optimal
WL_0458,full_balanced,0.013401,25.0,optimal
WL_0459,greedily_cheapest,0.000716,20.0,optimal
WL_0459,cost_only,inf,inf,infeasible
WL_0459,cost_latency,inf,inf,infeasible
WL_0459,cost_latency_redundancy,inf,inf,infeasible
WL_0459,full_balanced,inf,inf,infeasible
WL_0460,greedily_cheapest,0.027291,64.0,optimal
WL_0460,cost_only,0.027291,64.0,optimal
WL_0460,cost_latency,0.027356,26.5,optimal
WL_0460,cost_latency_redundancy,0.027356,26.5,optimal
WL_0460,full_balanced,0.027356,26.5,optimal
WL_0461,greedily_cheapest,2.779562,20.0,optimal
WL_0461,cost_only,2.779562,20.0,optimal
WL_0461,cost_latency,2.779562,20.0,optimal
WL_0461,cost_latency_redundancy,2.779562,20.0,optimal
WL_0461,full_balanced,2.779562,20.0,optimal
WL_0462,greedily_cheapest,0.376373,28.0,optimal
WL_0462,cost_only,inf,inf,infeasible
WL_0462,cost_latency,inf,inf,infeasible
WL_0462,cost_latency_redundancy,inf,inf,infeasible
WL_0462,full_balanced,inf,inf,infeasible
WL_0463,greedily_cheapest,0.003681,50.0,optimal
WL_0463,cost_only,0.003681,50.0,optimal
WL_0463,cost_latency,0.003833,20.0,optimal
WL_0463,cost_latency_redundancy,0.003833,20.0,optimal
WL_0463,full_balanced,0.003833,20.0,optimal
WL_0464,greedily_cheapest,2.381298,28.0,optimal
WL_0464,cost_only,2.381298,28.0,optimal
WL_0464,cost_latency,2.381298,28.0,optimal
WL_0464,cost_latency_redundancy,2.381298,28.0,optimal
WL_0464,full_balanced,2.381298,28.0,optimal
WL_0465,greedily_cheapest,0.11361,28.0,optimal
WL_0465,cost_only,0.11361,28.0,optimal
WL_0465,cost_latency,0.115811,20.0,optimal
WL_0465,cost_latency_redundancy,0.115811,20.0,optimal
WL_0465,full_balanced,0.115811,20.0,optimal
WL_0466,greedily_cheapest,0.863027,28.0,optimal
WL_0466,cost_only,0.863027,28.0,optimal
WL_0466,cost_latency,0.863027,28.0,optimal
WL_0466,cost_latency_redundancy,0.863027,28.0,optimal
WL_0466,full_balanced,0.863027,28.0,optimal
WL_0467,greedily_cheapest,0.036851,20.0,optimal
WL_0467,cost_only,0.036851,20.0,optimal
WL_0467,cost_latency,0.036851,20.0,optimal
WL_0467,cost_latency_redundancy,0.036851,20.0,optimal
WL_0467,full_balanced,0.036851,20.0,optimal
WL_0468,greedily_cheapest,0.890233,75.0,optimal
WL_0468,cost_only,0.890233,75.0,optimal
WL_0468,cost_latency,0.893566,22.5,optimal
WL_0468,cost_latency_redundancy,0.893566,22.5,optimal
WL_0468,full_balanced,0.893566,22.5,optimal
WL_0469,greedily_cheapest,0.000748,20.0,optimal
WL_0469,cost_only,0.000748,20.0,optimal
WL_0469,cost_latency,0.000748,20.0,optimal
WL_0469,cost_latency_redundancy,0.000748,20.0,optimal
WL_0469,full_balanced,0.000748,20.0,optimal
WL_0470,greedily_cheapest,0.048981,64.0,optimal
WL_0470,cost_only,0.048981,64.0,optimal
WL_0470,cost_latency,0.050453,22.5,optimal
WL_0470,cost_latency_redundancy,0.050453,22.5,optimal
WL_0470,full_balanced,0.050453,22.5,optimal
WL_0471,greedily_cheapest,0.407487,28.0,optimal
WL_0471,cost_only,inf,inf,infeasible
WL_0471,cost_latency,inf,inf,infeasible
WL_0471,cost_latency_redundancy,inf,inf,infeasible
WL_0471,full_balanced,inf,inf,infeasible
WL_0472,greedily_cheapest,0.000663,100.0,optimal
WL_0472,cost_only,0.000663,100.0,optimal
WL_0472,cost_latency,0.00067,25.0,optimal
WL_0472,cost_latency_redundancy,0.00067,25.0,optimal
WL_0472,full_balanced,0.00067,25.0,optimal
WL_0473,greedily_cheapest,0.012479,64.0,optimal
WL_0473,cost_only,inf,inf,infeasible
WL_0473,cost_latency,inf,inf,infeasible
WL_0473,cost_latency_redundancy,inf,inf,infeasible
WL_0473,full_balanced,inf,inf,infeasible
WL_0474,greedily_cheapest,13.576831,28.0,optimal
WL_0474,cost_only,13.576831,28.0,optimal
WL_0474,cost_latency,14.045289,25.0,optimal
WL_0474,cost_latency_redundancy,14.045289,25.0,optimal
WL_0474,full_balanced,14.045289,25.0,optimal
WL_0475,greedily_cheapest,0.09413,60.0,optimal
WL_0475,cost_only,0.111044,75.0,optimal
WL_0475,cost_latency,0.150339,23.5,optimal
WL_0475,cost_latency_redundancy,0.150339,23.5,optimal
WL_0475,full_balanced,0.150339,23.5,optimal
WL_0476,greedily_cheapest,0.005023,60.0,optimal
WL_0476,cost_only,0.005023,60.0,optimal
WL_0476,cost_latency,0.005452,22.5,optimal
WL_0476,cost_latency_redundancy,0.005452,22.5,optimal
WL_0476,full_balanced,0.005452,22.5,optimal
WL_0477,greedily_cheapest,0.366856,50.0,optimal
WL_0477,cost_only,0.366856,50.0,optimal
WL_0477,cost_latency,0.367725,20.0,optimal
WL_0477,cost_latency_redundancy,0.367725,20.0,optimal
WL_0477,full_balanced,0.367725,20.0,optimal
WL_0478,greedily_cheapest,0.006584,60.0,optimal
WL_0478,cost_only,0.006584,60.0,optimal
WL_0478,cost_latency,0.007898,22.5,optimal
WL_0478,cost_latency_redundancy,0.007898,22.5,optimal
WL_0478,full_balanced,0.007898,22.5,optimal
WL_0479,greedily_cheapest,225.464315,56.67,optimal
WL_0479,cost_only,225.464315,56.67,optimal
WL_0479,cost_latency,226.15426,22.33,optimal
WL_0479,cost_latency_redundancy,226.15426,22.33,optimal
WL_0479,full_balanced,226.15426,22.33,optimal
WL_0480,greedily_cheapest,2.81865,56.67,optimal
WL_0480,cost_only,2.81865,56.67,optimal
WL_0480,cost_latency,2.831084,22.33,optimal
WL_0480,cost_latency_redundancy,2.831084,22.33,optimal
WL_0480,full_balanced,2.831084,22.33,optimal
WL_0481,greedily_cheapest,0.006479,20.0,optimal
WL_0481,cost_only,0.006479,20.0,optimal
WL_0481,cost_latency,0.006479,20.0,optimal
WL_0481,cost_latency_redundancy,0.006479,20.0,optimal
WL_0481,full_balanced,0.006479,20.0,optimal
WL_0482,greedily_cheapest,0.312253,26.5,optimal
WL_0482,cost_only,0.312253,26.5,optimal
WL_0482,cost_latency,0.312253,26.5,optimal
WL_0482,cost_latency_redundancy,0.312253,26.5,optimal
WL_0482,full_balanced,0.312253,26.5,optimal
WL_0483,greedily_cheapest,0.000583,100.0,optimal
WL_0483,cost_only,inf,inf,infeasible
WL_0483,cost_latency,inf,inf,infeasible
WL_0483,cost_latency_redundancy,inf,inf,infeasible
WL_0483,full_balanced,inf,inf,infeasible
WL_0484,greedily_cheapest,0.008967,20.0,optimal
WL_0484,cost_only,inf,inf,infeasible
WL_0484,cost_latency,inf,inf,infeasible
WL_0484,cost_latency_redundancy,inf,inf,infeasible
WL_0484,full_balanced,inf,inf,infeasible
WL_0485,greedily_cheapest,0.002552,100.0,optimal
WL_0485,cost_only,inf,inf,infeasible
WL_0485,cost_latency,inf,inf,infeasible
WL_0485,cost_latency_redundancy,inf,inf,infeasible
WL_0485,full_balanced,inf,inf,infeasible
WL_0486,greedily_cheapest,0.006,28.0,optimal
WL_0486,cost_only,0.006,28.0,optimal
WL_0486,cost_latency,0.006148,25.0,optimal
WL_0486,cost_latency_redundancy,0.006148,25.0,optimal
WL_0486,full_balanced,0.006148,25.0,optimal
WL_0487,greedily_cheapest,0.152231,28.0,optimal
WL_0487,cost_only,0.152231,28.0,optimal
WL_0487,cost_latency,0.157149,25.0,optimal
WL_0487,cost_latency_redundancy,0.157149,25.0,optimal
WL_0487,full_balanced,0.157149,25.0,optimal
WL_0488,greedily_cheapest,0.016963,28.0,optimal
WL_0488,cost_only,0.016963,28.0,optimal
WL_0488,cost_latency,0.017464,25.0,optimal
WL_0488,cost_latency_redundancy,0.017464,25.0,optimal
WL_0488,full_balanced,0.017464,25.0,optimal
WL_0489,greedily_cheapest,1.296514,56.67,optimal
WL_0489,cost_only,inf,inf,infeasible
WL_0489,cost_latency,inf,inf,infeasible
WL_0489,cost_latency_redundancy,inf,inf,infeasible
WL_0489,full_balanced,inf,inf,infeasible
WL_0490,greedily_cheapest,0.127878,60.0,optimal
WL_0490,cost_only,0.151262,30.0,optimal
WL_0490,cost_latency,0.153401,21.0,optimal
WL_0490,cost_latency_redundancy,0.153401,21.0,optimal
WL_0490,full_balanced,0.153401,21.0,optimal
WL_0491,greedily_cheapest,0.138305,28.0,optimal
WL_0491,cost_only,0.138305,28.0,optimal
WL_0491,cost_latency,0.140347,20.0,optimal
WL_0491,cost_latency_redundancy,0.140347,20.0,optimal
WL_0491,full_balanced,0.140347,20.0,optimal
WL_0492,greedily_cheapest,0.269471,20.0,optimal
WL_0492,cost_only,0.269471,20.0,optimal
WL_0492,cost_latency,0.269471,20.0,optimal
WL_0492,cost_latency_redundancy,0.269471,20.0,optimal
WL_0492,full_balanced,0.269471,20.0,optimal
WL_0493,greedily_cheapest,1.392764,28.0,optimal
WL_0493,cost_only,1.392764,28.0,optimal
WL_0493,cost_latency,1.440105,25.0,optimal
WL_0493,cost_latency_redundancy,1.440105,25.0,optimal
WL_0493,full_balanced,1.440105,25.0,optimal
WL_0494,greedily_cheapest,0.249517,28.0,optimal
WL_0494,cost_only,0.249517,28.0,optimal
WL_0494,cost_latency,0.257264,25.0,optimal
WL_0494,cost_latency_redundancy,0.257264,25.0,optimal
WL_0494,full_balanced,0.257264,25.0,optimal
WL_0495,greedily_cheapest,2.468197,20.0,optimal
WL_0495,cost_only,2.468197,20.0,optimal
WL_0495,cost_latency,2.468197,20.0,optimal
WL_0495,cost_latency_redundancy,2.468197,20.0,optimal
WL_0495,full_balanced,2.468197,20.0,optimal
WL_0496,greedily_cheapest,0.032688,20.0,optimal
WL_0496,cost_only,0.032688,20.0,optimal
WL_0496,cost_latency,0.032688,20.0,optimal
WL_0496,cost_latency_redundancy,0.032688,20.0,optimal
WL_0496,full_balanced,0.032688,20.0,optimal
WL_0497,greedily_cheapest,0.001336,100.0,optimal
WL_0497,cost_only,inf,inf,infeasible
WL_0497,cost_latency,inf,inf,infeasible
WL_0497,cost_latency_redundancy,inf,inf,infeasible
WL_0497,full_balanced,inf,inf,infeasible
WL_0498,greedily_cheapest,0.029302,56.67,optimal
WL_0498,cost_only,inf,inf,infeasible
WL_0498,cost_latency,inf,inf,infeasible
WL_0498,cost_latency_redundancy,inf,inf,infeasible
WL_0498,full_balanced,inf,inf,infeasible
WL_0499,greedily_cheapest,0.00701,28.0,optimal
WL_0499,cost_only,inf,inf,infeasible
WL_0499,cost_latency,inf,inf,infeasible
WL_0499,cost_latency_redundancy,inf,inf,infeasible
WL_0499,full_balanced,inf,inf,infeasible
WL_0500,greedily_cheapest,0.01914,64.0,optimal
WL_0500,cost_only,0.01914,64.0,optimal
WL_0500,cost_latency,0.019185,26.5,optimal
WL_0500,cost_latency_redundancy,0.019185,26.5,optimal
WL_0500,full_balanced,0.019185,26.5,optimal
