workload_id,file_size_mb,redundancy,access_pattern,primary_goal,milp_status,milp_time_ms,milp_cost_usd,milp_latency_ms,milp_clouds,single_cloud_aws_feasible,single_cloud_aws_cost_usd,single_cloud_aws_cost_diff_pct,single_cloud_aws_latency_ms,single_cloud_aws_latency_diff_pct,single_cloud_aws_redundancy_requested,single_cloud_aws_redundancy_achieved,single_cloud_aws_budget_violation,single_cloud_aws_sla_violation,greedy_cheapest_feasible,greedy_cheapest_cost_usd,greedy_cheapest_cost_diff_pct,greedy_cheapest_latency_ms,greedy_cheapest_latency_diff_pct,greedy_cheapest_redundancy_requested,greedy_cheapest_redundancy_achieved,greedy_cheapest_budget_violation,greedy_cheapest_sla_violation,round_robin_feasible,round_robin_cost_usd,round_robin_cost_diff_pct,round_robin_latency_ms,round_robin_latency_diff_pct,round_robin_redundancy_requested,round_robin_redundancy_achieved,round_robin_budget_violation,round_robin_sla_violation,random_feasible,random_cost_usd,random_cost_diff_pct,random_latency_ms,random_latency_diff_pct,random_redundancy_requested,random_redundancy_achieved,random_budget_violation,random_sla_violation
WL_0001,0.0,2,hot,COST_MINIMIZATION,infeasible,74.84,,,None,False,0.002242,inf,25.0,inf,2,1,False,False,True,0.004493,inf,23.5,inf,2,2,False,False,True,0.005078,inf,26.5,inf,2,2,False,False,True,0.005088,inf,25.0,inf,2,2,False,False
WL_0002,51200.0,1,archival,LATENCY_MINIMIZATION,optimal,67.73,1.750005,22.0,GCP,True,1.600005,9.374970703216562,25.0,-12.0,1,1,False,False,True,0.535019,227.09212196202378,20.0,10.0,1,1,False,False,False,0.650005,169.22946746563488,100.0,-78.0,1,1,False,True,False,1.250011,39.999168007321536,40.0,-45.0,1,1,False,True
WL_0003,138.72,1,cold,MAX_REDUNDANCY,optimal,58.16,0.080056,48.33,"AWS, AZURE, GCP",True,0.026293,204.4764766287605,25.0,93.32,1,1,False,False,True,0.0228,251.12280701754383,20.0,141.64999999999998,1,1,False,False,True,0.026293,204.4764766287605,25.0,93.32,1,1,False,False,True,0.025226,217.35510980734168,28.0,72.60714285714285,1,1,False,False
WL_0004,798.8,1,cold,COST_MINIMIZATION,optimal,80.53,0.334454,20.0,AZURE,True,0.361988,-7.606329491585358,25.0,-20.0,1,1,False,False,True,0.334454,0.0,20.0,0.0,1,1,False,False,True,0.361988,-7.606329491585358,25.0,-20.0,1,1,False,False,True,0.47666,-29.833843829983635,22.0,-9.090909090909092,1,1,False,False
WL_0005,23.78,1,archival,LATENCY_MINIMIZATION,optimal,73.23,0.000268,20.0,AZURE,True,0.000748,-64.1711229946524,25.0,-20.0,1,1,False,False,True,0.000268,0.0,20.0,0.0,1,1,False,False,True,0.000307,-12.703583061889242,100.0,-80.0,1,1,False,False,True,0.00051,-47.450980392156865,45.0,-55.55555555555556,1,1,False,False
WL_0006,23.78,1,cold,COST_MINIMIZATION,optimal,48.21,0.00277,20.0,AZURE,True,0.003261,-15.056731064090773,25.0,-20.0,1,1,False,False,True,0.00277,0.0,20.0,0.0,1,1,False,False,True,0.003261,-15.056731064090773,25.0,-20.0,1,1,False,False,True,0.00277,0.0,20.0,0.0,1,1,False,False
WL_0007,893.8,1,cold,LATENCY_MINIMIZATION,optimal,66.0,0.082928,22.0,GCP,True,0.067217,23.373551333739982,25.0,-12.0,1,1,False,False,True,0.047361,75.09765418804501,20.0,10.0,1,1,False,False,True,0.067217,23.373551333739982,25.0,-12.0,1,1,False,False,True,0.050633,63.78251338060159,100.0,-78.0,1,1,False,False
WL_0008,176.25,1,warm,BALANCED,optimal,48.61,0.177878,20.0,AZURE,True,0.186826,-4.789483262500928,25.0,-20.0,1,1,False,False,True,0.177878,0.0,20.0,0.0,1,1,False,False,True,0.186826,-4.789483262500928,25.0,-20.0,1,1,False,False,True,0.17871,-0.4655587264282913,50.0,-60.0,1,1,False,False
WL_0009,14.85,1,cold,COST_MINIMIZATION,optimal,71.33,0.001767,20.0,AZURE,True,0.002041,-13.424791768740812,25.0,-20.0,1,1,False,False,False,0.001765,0.11331444759205846,100.0,-80.0,1,1,False,True,True,0.002041,-13.424791768740812,25.0,-20.0,1,1,False,False,True,0.002606,-32.194934765924785,22.0,-9.090909090909092,1,1,False,False
WL_0010,112.41,1,warm,BALANCED,infeasible,55.84,,,None,True,0.12314,inf,25.0,inf,1,1,False,False,True,0.117609,inf,20.0,inf,1,1,False,False,True,0.12314,inf,25.0,inf,1,1,False,False,True,0.118902,inf,28.0,inf,1,1,False,False
WL_0011,15.03,1,cold,COST_MINIMIZATION,infeasible,49.92,,,None,True,0.001668,inf,25.0,inf,1,1,False,False,True,0.001385,inf,20.0,inf,1,1,False,False,True,0.001668,inf,25.0,inf,1,1,False,False,True,0.001858,inf,50.0,inf,1,1,False,False
WL_0012,14.96,1,warm,LATENCY_MINIMIZATION,optimal,62.16,0.023919,20.0,AZURE,True,0.023857,0.2598817956993736,25.0,-20.0,1,1,False,False,True,0.023074,3.662130536534621,28.0,-28.57142857142857,1,1,False,False,True,0.023857,0.2598817956993736,25.0,-20.0,1,1,False,False,True,0.023116,3.4737843917632723,50.0,-60.0,1,1,False,False
WL_0013,61.62,1,warm,BALANCED,infeasible,73.26,,,None,True,0.070787,inf,25.0,inf,1,1,False,False,True,0.067882,inf,50.0,inf,1,1,False,False,True,0.070787,inf,25.0,inf,1,1,False,False,True,0.093895,inf,22.0,inf,1,1,False,False
WL_0014,0.83,1,warm,COST_MINIMIZATION,optimal,63.77,0.003571,28.0,AZURE,True,0.003604,-0.9156492785793575,25.0,12.0,1,1,False,False,True,0.003571,0.0,28.0,0.0,1,1,False,False,True,0.003604,-0.9156492785793575,25.0,12.0,1,1,False,False,True,0.003589,-0.501532460295353,100.0,-72.0,1,1,False,False
WL_0015,1.21,2,warm,MAX_REDUNDANCY,infeasible,54.03,,,None,False,0.000993,inf,25.0,inf,2,1,False,False,True,0.001945,inf,64.0,inf,2,2,False,False,True,0.001968,inf,26.5,inf,2,2,False,False,True,0.001945,inf,64.0,inf,2,2,False,False
WL_0016,12.34,3,warm,BALANCED,infeasible,71.54,,,None,False,0.031469,inf,25.0,inf,3,1,False,False,True,0.103503,inf,50.0,inf,3,3,False,False,True,0.103732,inf,25.0,inf,3,3,False,False,True,0.104986,inf,41.0,inf,3,3,False,False
WL_0017,5.01,1,archival,COST_MINIMIZATION,optimal,73.13,2.2e-05,50.0,GCP,True,0.000118,-81.35593220338984,25.0,100.0,1,1,False,False,True,2.2e-05,0.0,50.0,0.0,1,1,False,False,True,2.5e-05,-12.000000000000007,100.0,-50.0,1,1,False,False,True,7.1e-05,-69.01408450704226,45.0,11.11111111111111,1,1,False,False
WL_0018,71.2,2,warm,COST_MINIMIZATION,optimal,79.94,0.607811,75.0,"AWS, AZURE",False,0.309818,96.18324306528349,25.0,200.0,2,1,False,False,True,0.607811,0.0,75.0,0.0,2,2,False,False,True,0.609306,-0.24536111576121425,26.5,183.0188679245283,2,2,False,False,True,0.711766,-14.605221378936339,36.0,108.33333333333333,2,2,False,False
WL_0019,6.18,1,hot,LATENCY_MINIMIZATION,infeasible,53.94,,,None,True,0.055307,inf,25.0,inf,1,1,False,False,True,0.053652,inf,28.0,inf,1,1,False,False,True,0.055307,inf,25.0,inf,1,1,False,False,True,0.053652,inf,28.0,inf,1,1,False,False
WL_0020,2.25,1,warm,LATENCY_MINIMIZATION,optimal,65.51,0.00602,20.0,AZURE,True,0.004733,27.192055778575952,25.0,-20.0,1,1,False,False,True,0.004616,30.415944540727896,28.0,-28.57142857142857,1,1,False,False,True,0.004733,27.192055778575952,25.0,-20.0,1,1,False,False,True,0.004902,22.80701754385965,45.0,-55.55555555555556,1,1,False,False
WL_0021,712.2,1,warm,COST_MINIMIZATION,optimal,72.06,2.945594,20.0,AZURE,True,3.058447,-3.6898792099389106,25.0,-20.0,1,1,False,False,True,2.945594,0.0,20.0,0.0,1,1,False,False,True,3.058447,-3.6898792099389106,25.0,-20.0,1,1,False,False,True,4.065949,-27.554575819814758,40.0,-50.0,1,1,False,False
WL_0022,24.18,2,warm,LATENCY_MINIMIZATION,infeasible,48.74,,,None,False,0.094118,inf,25.0,inf,2,1,False,False,True,0.1847,inf,64.0,inf,2,2,False,False,True,0.185149,inf,26.5,inf,2,2,False,False,True,0.216621,inf,45.0,inf,2,2,False,False
WL_0023,43.47,1,warm,LATENCY_MINIMIZATION,infeasible,55.8,,,None,True,0.160569,inf,25.0,inf,1,1,False,False,True,0.155237,inf,28.0,inf,1,1,False,False,True,0.160569,inf,25.0,inf,1,1,False,False,True,0.159763,inf,100.0,inf,1,1,False,False
WL_0024,2.2,2,hot,LATENCY_MINIMIZATION,optimal,76.14,0.077084,23.5,"AWS, GCP",False,0.033197,132.20170497334098,25.0,-6.0,2,1,False,False,True,0.065611,17.48639709804758,26.5,-11.320754716981133,2,2,False,False,True,0.065611,17.48639709804758,26.5,-11.320754716981133,2,2,False,False,True,0.077084,0.0,23.5,0.0,2,2,False,False
WL_0025,12.79,1,cold,COST_MINIMIZATION,infeasible,88.85,,,None,True,0.00142,inf,25.0,inf,1,1,False,False,True,0.001183,inf,100.0,inf,1,1,False,False,True,0.00142,inf,25.0,inf,1,1,False,False,True,0.001183,inf,100.0,inf,1,1,False,False
WL_0026,47.41,1,archival,MAX_REDUNDANCY,infeasible,86.94,,,None,True,0.001487,inf,25.0,inf,1,1,False,False,True,0.000515,inf,20.0,inf,1,1,False,False,True,0.000607,inf,100.0,inf,1,1,False,False,True,0.000899,inf,50.0,inf,1,1,False,False
WL_0027,3.8,1,hot,COST_MINIMIZATION,optimal,68.58,0.155109,28.0,AZURE,True,0.15951,-2.759074666165141,25.0,12.0,1,1,False,False,True,0.155109,0.0,28.0,0.0,1,1,False,False,True,0.15951,-2.759074666165141,25.0,12.0,1,1,False,False,True,0.15951,-2.759074666165141,25.0,12.0,1,1,False,False
WL_0028,80.52,1,hot,BALANCED,optimal,73.59,2.130272,25.0,AWS,True,2.130272,0.0,25.0,0.0,1,1,False,False,True,2.059741,3.424265478038275,28.0,-10.714285714285714,1,1,False,False,True,2.130272,0.0,25.0,0.0,1,1,False,False,True,2.839109,-24.966882215511976,22.0,13.636363636363635,1,1,False,False
WL_0029,11.42,2,hot,COST_MINIMIZATION,optimal,85.11,0.611665,26.5,"AWS, AZURE",False,0.310718,96.85534793607066,25.0,6.0,2,1,False,False,True,0.611665,0.0,26.5,0.0,2,2,False,False,True,0.611665,0.0,26.5,0.0,2,2,False,False,True,0.611665,0.0,26.5,0.0,2,2,False,False
WL_0030,21.19,1,archival,MAX_REDUNDANCY,infeasible,100.99,,,None,True,0.000481,inf,25.0,inf,1,1,False,False,True,5.4e-05,inf,20.0,inf,1,1,False,False,True,8.8e-05,inf,100.0,inf,1,1,False,False,True,5.4e-05,inf,20.0,inf,1,1,False,False
WL_0031,11.4,2,cold,LATENCY_MINIMIZATION,optimal,81.93,0.009437,23.5,"AWS, GCP",False,0.004084,131.07247796278156,25.0,-6.0,2,1,False,False,False,0.007731,22.06700297503556,75.0,-68.66666666666667,2,2,False,True,True,0.008021,17.653659144745028,26.5,-11.320754716981133,2,2,False,False,True,0.009128,3.3851884312006844,45.0,-47.77777777777778,2,2,False,False
WL_0032,1543.2,2,warm,MAX_REDUNDANCY,optimal,84.59,6.098622,25.0,"AWS, AZURE, GCP",False,1.852224,229.25942002695132,25.0,0.0,2,1,False,False,True,3.584449,70.14112908287996,60.0,-58.333333333333336,2,2,False,False,True,3.640572,67.51823614530902,26.5,-5.660377358490567,2,2,False,False,True,3.625045,68.23575983194691,37.5,-33.33333333333333,2,2,False,False
WL_0033,36.97,2,hot,COST_MINIMIZATION,infeasible,60.8,,,None,False,0.637636,inf,25.0,inf,2,1,False,False,True,1.254348,inf,26.5,inf,2,2,False,False,True,1.254348,inf,26.5,inf,2,2,False,False,True,1.487117,inf,23.5,inf,2,2,False,False
WL_0034,4.58,1,warm,COST_MINIMIZATION,optimal,95.74,0.009669,28.0,AZURE,True,0.00996,-2.9216867469879477,25.0,12.0,1,1,False,False,True,0.009669,0.0,28.0,0.0,1,1,False,False,True,0.00996,-2.9216867469879477,25.0,12.0,1,1,False,False,True,0.009893,-2.264227231375722,50.0,-44.0,1,1,False,False
WL_0035,196.79,2,warm,MAX_REDUNDANCY,optimal,55.68,1.600163,25.0,"AWS, AZURE, GCP",False,0.485429,229.63893792913072,25.0,0.0,2,1,False,False,True,0.948944,68.62565125023184,60.0,-58.333333333333336,2,2,False,False,True,0.954455,67.65201083340754,26.5,-5.660377358490567,2,2,False,False,True,1.125795,42.13626814828631,70.0,-64.28571428571429,2,2,False,False
WL_0036,3.3,1,cold,COST_MINIMIZATION,optimal,69.94,0.000428,50.0,AZURE,True,0.000462,-7.359307359307363,25.0,100.0,1,1,False,False,False,0.000401,6.7331670822942655,100.0,-50.0,1,1,False,True,True,0.000462,-7.359307359307363,25.0,100.0,1,1,False,False,True,0.000428,0.0,50.0,0.0,1,1,False,False
WL_0037,57.67,1,warm,COST_MINIMIZATION,optimal,74.71,0.050271,50.0,AZURE,True,0.052557,-4.349563331240361,25.0,100.0,1,1,False,False,True,0.050271,0.0,50.0,0.0,1,1,False,False,True,0.052557,-4.349563331240361,25.0,100.0,1,1,False,False,True,0.050271,0.0,50.0,0.0,1,1,False,False
WL_0038,0.75,1,warm,COST_MINIMIZATION,optimal,69.5,0.002357,28.0,AZURE,True,0.002374,-0.7160909856781658,25.0,12.0,1,1,False,False,True,0.002357,0.0,28.0,0.0,1,1,False,False,True,0.002374,-0.7160909856781658,25.0,12.0,1,1,False,False,True,0.004645,-49.257265877287395,50.0,-44.0,1,1,False,False
WL_0039,2.67,3,warm,BALANCED,optimal,51.65,0.014381,25.0,"AWS, AZURE, GCP",False,0.004366,229.38616582684378,25.0,0.0,3,1,False,False,True,0.014332,0.34189226904828657,50.0,-50.0,3,3,False,False,True,0.014381,0.0,25.0,0.0,3,3,False,False,True,0.014669,-1.963324016633718,39.0,-35.8974358974359,3,3,False,False
WL_0040,56.3,2,hot,COST_MINIMIZATION,optimal,82.14,3.038626,26.5,"AWS, AZURE",False,1.544793,96.70117614463554,25.0,6.0,2,1,False,False,True,3.038626,0.0,26.5,0.0,2,2,False,False,True,3.038626,0.0,26.5,0.0,2,2,False,False,True,3.603422,-15.673878885126424,23.5,12.76595744680851,2,2,False,False
WL_0041,166.33,2,warm,COST_MINIMIZATION,optimal,85.5,0.344021,60.0,"AWS, AZURE",False,0.177776,93.5137476374764,25.0,140.0,2,1,False,False,True,0.344021,0.0,60.0,0.0,2,2,False,False,True,0.349414,-1.5434413045842414,26.5,126.41509433962264,2,2,False,False,True,0.402339,-14.494741996177348,35.0,71.42857142857143,2,2,False,False
WL_0042,53.51,2,cold,COST_MINIMIZATION,optimal,68.13,0.02409,32.5,"AWS, AZURE",False,0.012973,85.6933631388268,25.0,30.0,2,1,False,False,False,0.023625,1.9682539682539686,60.0,-45.83333333333333,2,2,False,True,True,0.025444,-5.321490331708854,26.5,22.641509433962266,2,2,False,False,True,0.02886,-16.528066528066528,34.0,-4.411764705882353,2,2,False,False
WL_0043,30.14,2,hot,COST_MINIMIZATION,optimal,64.22,1.514153,26.5,"AWS, AZURE",False,0.769641,96.73497123983779,25.0,6.0,2,1,False,False,True,1.514153,0.0,26.5,0.0,2,2,False,False,True,1.514153,0.0,26.5,0.0,2,2,False,False,True,1.769848,-14.447285868616966,25.0,6.0,2,2,False,False
WL_0044,20.8,2,warm,COST_MINIMIZATION,optimal,54.46,0.031403,45.0,"AZURE, GCP",False,0.013855,126.65463731504873,25.0,80.0,2,1,False,False,True,0.026714,17.55259414539192,75.0,-40.0,2,2,False,False,True,0.027233,15.312304924172878,26.5,69.81132075471697,2,2,False,False,True,0.027154,15.647786698092359,32.5,38.46153846153847,2,2,False,False
WL_0045,1.97,2,cold,COST_MINIMIZATION,infeasible,264.85,,,None,False,0.000369,inf,25.0,inf,2,1,False,False,True,0.00069,inf,64.0,inf,2,2,False,False,True,0.000726,inf,26.5,inf,2,2,False,False,True,0.00083,inf,25.0,inf,2,2,False,False
WL_0046,9.0,1,cold,COST_MINIMIZATION,optimal,80.17,0.000676,100.0,AWS,True,0.000843,-19.810201660735473,25.0,300.0,1,1,False,False,True,0.000676,0.0,100.0,0.0,1,1,False,False,True,0.000843,-19.810201660735473,25.0,300.0,1,1,False,False,True,0.000761,-11.169513797634693,45.0,122.22222222222223,1,1,False,False
WL_0047,15.12,1,cold,COST_MINIMIZATION,infeasible,46.89,,,None,True,0.001011,inf,25.0,inf,1,1,False,False,True,0.000717,inf,20.0,inf,1,1,False,False,True,0.001011,inf,25.0,inf,1,1,False,False,True,0.000864,inf,45.0,inf,1,1,False,False
WL_0048,314.6,2,archival,COST_MINIMIZATION,optimal,67.84,0.007306,60.0,"AWS, AZURE",False,0.009837,-25.729389041374407,25.0,140.0,2,1,False,False,True,0.007306,0.0,60.0,0.0,2,2,False,False,True,0.007306,0.0,60.0,0.0,2,2,False,False,True,0.013574,-46.17651392367762,45.0,33.33333333333333,2,2,False,False
WL_0049,75.51,1,cold,COST_MINIMIZATION,optimal,74.4,0.011177,20.0,AZURE,True,0.01299,-13.95688991531948,25.0,-20.0,1,1,False,False,True,0.011177,0.0,20.0,0.0,1,1,False,False,True,0.01299,-13.95688991531948,25.0,-20.0,1,1,False,False,True,0.011709,-4.543513536595791,50.0,-60.0,1,1,False,False
WL_0050,1.12,1,warm,LATENCY_MINIMIZATION,optimal,60.71,0.006883,20.0,AZURE,True,0.004356,58.01193755739212,25.0,-20.0,1,1,False,False,True,0.00429,60.44289044289043,28.0,-28.57142857142857,1,1,False,False,True,0.004356,58.01193755739212,25.0,-20.0,1,1,False,False,True,0.006883,0.0,20.0,0.0,1,1,False,False
WL_0051,72.62,1,warm,LATENCY_MINIMIZATION,infeasible,72.71,,,None,True,0.10641,inf,25.0,inf,1,1,False,False,True,0.102239,inf,50.0,inf,1,1,False,False,True,0.10641,inf,25.0,inf,1,1,False,False,True,0.140642,inf,50.0,inf,1,1,False,False
WL_0052,17.58,1,cold,LATENCY_MINIMIZATION,optimal,73.25,0.005347,20.0,AZURE,True,0.005668,-5.663373323923785,25.0,-20.0,1,1,False,False,False,0.005315,0.6020696142991516,50.0,-60.0,1,1,False,True,True,0.005668,-5.663373323923785,25.0,-20.0,1,1,False,False,False,0.005315,0.6020696142991516,50.0,-60.0,1,1,False,True
WL_0053,9.81,1,cold,BALANCED,optimal,70.43,0.003446,20.0,AZURE,True,0.003516,-1.9908987485779346,25.0,-20.0,1,1,False,False,True,0.003329,3.5145689396215056,50.0,-60.0,1,1,False,False,True,0.003516,-1.9908987485779346,25.0,-20.0,1,1,False,False,True,0.003516,-1.9908987485779346,25.0,-20.0,1,1,False,False
WL_0054,129.08,2,archival,LATENCY_MINIMIZATION,optimal,58.13,0.005785,21.0,"AZURE, GCP",False,0.004039,43.228521911364204,25.0,-16.0,2,1,False,False,True,0.003012,92.06507304116866,60.0,-65.0,2,2,False,False,True,0.003012,92.06507304116866,60.0,-65.0,2,2,False,False,True,0.004806,20.370370370370367,70.0,-70.0,2,2,False,False
WL_0055,298.59,1,cold,COST_MINIMIZATION,optimal,63.53,0.061636,20.0,AZURE,True,0.069704,-11.574658556180419,25.0,-20.0,1,1,False,False,True,0.061636,0.0,20.0,0.0,1,1,False,False,True,0.069704,-11.574658556180419,25.0,-20.0,1,1,False,False,True,0.084836,-27.346881041067462,50.0,-60.0,1,1,False,False
WL_0056,244.6,1,warm,COST_MINIMIZATION,optimal,73.66,0.506305,100.0,AWS,True,0.510843,-0.8883355551510036,25.0,300.0,1,1,False,False,True,0.490508,3.220538706810084,20.0,400.0,1,1,False,False,True,0.510843,-0.8883355551510036,25.0,300.0,1,1,False,False,True,0.679243,-25.460402241907538,22.0,354.54545454545456,1,1,False,False
WL_0057,7.09,1,warm,COST_MINIMIZATION,optimal,62.73,0.01272,28.0,AZURE,True,0.013128,-3.1078610603290704,25.0,12.0,1,1,False,False,True,0.01272,0.0,28.0,0.0,1,1,False,False,True,0.013128,-3.1078610603290704,25.0,12.0,1,1,False,False,True,0.013128,-3.1078610603290704,25.0,12.0,1,1,False,False
WL_0058,20.46,2,cold,BALANCED,optimal,54.98,0.019881,21.0,"AZURE, GCP",False,0.008761,126.92614998287868,25.0,-16.0,2,1,False,False,True,0.016673,19.240688538355418,75.0,-72.0,2,2,False,False,True,0.01721,15.520046484601973,26.5,-20.754716981132077,2,2,False,False,True,0.01721,15.520046484601973,26.5,-20.754716981132077,2,2,False,False
WL_0059,73.67,2,cold,LATENCY_MINIMIZATION,infeasible,62.16,,,None,False,0.028228,inf,25.0,inf,2,1,False,False,True,0.052959,inf,60.0,inf,2,2,False,False,True,0.05542,inf,26.5,inf,2,2,False,False,True,0.054699,inf,36.5,inf,2,2,False,False
WL_0060,267.24,1,hot,LATENCY_MINIMIZATION,infeasible,67.43,,,None,False,11.38198,inf,25.0,inf,1,1,True,False,False,11.003159,inf,28.0,inf,1,1,True,False,False,11.38198,inf,25.0,inf,1,1,True,False,False,15.172924,inf,22.0,inf,1,1,True,False
WL_0061,14.57,1,cold,BALANCED,optimal,58.51,0.000953,20.0,AZURE,True,0.001231,-22.583265637692943,25.0,-20.0,1,1,False,False,True,0.000953,0.0,20.0,0.0,1,1,False,False,True,0.001231,-22.583265637692943,25.0,-20.0,1,1,False,False,True,0.001091,-12.648945921173235,45.0,-55.55555555555556,1,1,False,False
WL_0062,26.2,2,cold,MAX_REDUNDANCY,optimal,88.01,0.029396,29.0,"AWS, AZURE, GCP",False,0.009128,222.04206836108673,25.0,16.0,2,1,False,False,False,0.017183,71.0760635511843,60.0,-51.66666666666667,2,2,False,True,True,0.017921,64.03102505440545,26.5,9.433962264150944,2,2,False,False,False,0.02061,42.62979136341581,61.0,-52.459016393442624,2,2,False,True
WL_0063,4.16,3,hot,COST_MINIMIZATION,optimal,65.06,0.5794,25.0,"AWS, AZURE, GCP",False,0.175615,229.9262591464283,25.0,0.0,3,1,False,False,True,0.5794,0.0,25.0,0.0,3,3,False,False,True,0.5794,0.0,25.0,0.0,3,3,False,False,True,0.5794,0.0,25.0,0.0,3,3,False,False
WL_0064,3.47,1,warm,COST_MINIMIZATION,optimal,86.91,0.004039,28.0,AZURE,True,0.004158,-2.8619528619528665,25.0,12.0,1,1,False,False,True,0.004039,0.0,28.0,0.0,1,1,False,False,True,0.004158,-2.8619528619528665,25.0,12.0,1,1,False,False,True,0.00549,-26.429872495446265,22.0,27.27272727272727,1,1,False,False
WL_0065,192.89,2,cold,MAX_REDUNDANCY,infeasible,79.88,,,None,False,0.012816,inf,25.0,inf,2,1,False,False,False,0.017853,inf,60.0,inf,2,2,False,True,True,0.024937,inf,26.5,inf,2,2,False,False,True,0.028457,inf,23.5,inf,2,2,False,False
WL_0066,572.23,3,cold,COST_MINIMIZATION,optimal,70.26,0.619301,56.67,"AWS, AZURE, GCP",False,0.198958,211.27222830949245,25.0,126.68000000000002,3,1,False,False,True,0.619301,0.0,56.67,0.0,3,3,False,False,True,0.651476,-4.938785158624425,25.0,126.68000000000002,3,3,False,False,True,0.629522,-1.6236128364060405,63.33,-10.516342965419227,3,3,False,False
WL_0067,32.89,2,warm,MAX_REDUNDANCY,optimal,84.29,0.206608,25.0,"AZURE, GCP",False,0.089959,129.66907146589003,25.0,0.0,2,1,False,False,True,0.176324,17.1752001996325,64.0,-60.9375,2,2,False,False,True,0.176934,16.77122542869093,26.5,-5.660377358490567,2,2,False,False,True,0.207441,-0.40155996162763036,39.0,-35.8974358974359,2,2,False,False
WL_0068,282.63,2,hot,COST_MINIMIZATION,optimal,71.53,20.966247,26.5,"AWS, AZURE",False,10.660576,96.67086468873724,25.0,6.0,2,1,False,False,True,20.966247,0.0,26.5,0.0,2,2,False,False,True,20.966247,0.0,26.5,0.0,2,2,False,False,True,24.871634,-15.702173005601486,23.5,12.76595744680851,2,2,False,False
WL_0069,78.28,1,cold,COST_MINIMIZATION,optimal,73.02,0.005539,20.0,AZURE,True,0.007271,-23.820657406133957,25.0,-20.0,1,1,False,False,True,0.005539,0.0,20.0,0.0,1,1,False,False,True,0.007271,-23.820657406133957,25.0,-20.0,1,1,False,False,True,0.00758,-26.926121372031663,50.0,-60.0,1,1,False,False
WL_0070,10.45,2,cold,LATENCY_MINIMIZATION,optimal,91.86,0.007794,22.5,"AWS, AZURE",False,0.003935,98.06861499364675,25.0,-10.0,2,1,False,False,False,0.007478,4.225728804493172,75.0,-70.0,2,2,False,True,True,0.007733,0.7888271046165709,26.5,-15.09433962264151,2,2,False,False,True,0.008828,-11.712732215677402,45.0,-50.0,2,2,False,False
WL_0071,78.25,1,cold,COST_MINIMIZATION,optimal,98.07,0.00755,20.0,AZURE,True,0.009332,-19.095585083583366,25.0,-20.0,1,1,False,False,True,0.00755,0.0,20.0,0.0,1,1,False,False,True,0.009332,-19.095585083583366,25.0,-20.0,1,1,False,False,True,0.011853,-36.30304564245339,22.0,-9.090909090909092,1,1,False,False
WL_0072,823.14,1,archival,LATENCY_MINIMIZATION,optimal,92.76,0.001621,20.0,AZURE,True,0.018494,-91.23499513355682,25.0,-20.0,1,1,False,False,True,0.001621,0.0,20.0,0.0,1,1,False,False,False,0.00322,-49.65838509316771,100.0,-80.0,1,1,False,True,True,0.010058,-83.88347584012726,45.0,-55.55555555555556,1,1,False,False
WL_0073,35.35,1,cold,MAX_REDUNDANCY,optimal,56.57,0.010204,48.33,"AWS, AZURE, GCP",True,0.003599,183.52320088913586,25.0,93.32,1,1,False,False,True,0.002844,258.79043600562585,20.0,141.64999999999998,1,1,False,False,True,0.003599,183.52320088913586,25.0,93.32,1,1,False,False,True,0.003087,230.54745707806933,50.0,-3.3400000000000034,1,1,False,False
WL_0074,868.13,1,warm,COST_MINIMIZATION,optimal,57.42,3.072963,20.0,AZURE,True,3.193873,-3.785685905482148,25.0,-20.0,1,1,False,False,True,3.072963,0.0,20.0,0.0,1,1,False,False,True,3.193873,-3.785685905482148,25.0,-20.0,1,1,False,False,True,3.077922,-0.1611151939522813,50.0,-60.0,1,1,False,False
WL_0075,0.2,1,warm,MAX_REDUNDANCY,infeasible,76.5,,,None,True,0.000847,inf,25.0,inf,1,1,False,False,False,0.000843,inf,100.0,inf,1,1,False,True,True,0.000847,inf,25.0,inf,1,1,False,False,True,0.001139,inf,45.0,inf,1,1,False,False
WL_0076,196.54,3,cold,MAX_REDUNDANCY,infeasible,73.06,,,None,False,0.05107,inf,25.0,inf,3,1,True,False,False,0.155892,inf,56.67,inf,3,3,True,False,False,0.166784,inf,25.0,inf,3,3,True,False,False,0.160923,inf,45.0,inf,3,3,True,False
WL_0077,45.2,2,cold,COST_MINIMIZATION,optimal,66.49,0.015259,60.0,"AWS, AZURE",False,0.008576,77.92677238805969,25.0,140.0,2,1,False,False,True,0.015259,0.0,60.0,0.0,2,2,False,False,True,0.016807,-9.210448027607539,26.5,126.41509433962264,2,2,False,False,True,0.018409,-17.111195610842515,47.5,26.31578947368421,2,2,False,False
WL_0078,20.89,1,cold,COST_MINIMIZATION,optimal,61.33,0.008103,50.0,AZURE,True,0.008573,-5.482328239822698,25.0,100.0,1,1,False,False,True,0.008103,0.0,50.0,0.0,1,1,False,False,True,0.008573,-5.482328239822698,25.0,100.0,1,1,False,False,True,0.008103,0.0,50.0,0.0,1,1,False,False
WL_0079,45.63,2,warm,COST_MINIMIZATION,infeasible,99.05,,,None,False,0.091808,inf,25.0,inf,2,1,False,False,True,0.179477,inf,75.0,inf,2,2,False,False,True,0.180535,inf,26.5,inf,2,2,False,False,True,0.180847,inf,32.5,inf,2,2,False,False
WL_0080,0.71,2,cold,COST_MINIMIZATION,infeasible,85.42,,,None,False,0.000299,inf,25.0,inf,2,1,False,False,True,0.000583,inf,64.0,inf,2,2,False,False,True,0.000596,inf,26.5,inf,2,2,False,False,True,0.000699,inf,70.0,inf,2,2,False,False
WL_0081,24.48,3,warm,COST_MINIMIZATION,optimal,68.73,0.176979,56.0,"AWS, AZURE, GCP",False,0.053845,228.682328907048,25.0,124.0,3,1,False,False,True,0.176979,0.0,56.0,0.0,3,3,False,False,True,0.177464,-0.2732948654375046,25.0,124.0,3,3,False,False,True,0.177422,-0.24968718648194643,31.67,76.8234922639722,3,3,False,False
WL_0082,77.58,1,hot,LATENCY_MINIMIZATION,optimal,56.18,1.999583,22.0,GCP,True,1.500478,33.26306683603492,25.0,-12.0,1,1,False,False,True,1.450784,37.827753821382096,28.0,-21.428571428571427,1,1,False,False,True,1.500478,33.26306683603492,25.0,-12.0,1,1,False,False,True,1.999583,0.0,22.0,0.0,1,1,False,False
WL_0083,729.85,2,warm,MAX_REDUNDANCY,optimal,45.01,5.509648,25.0,"AWS, AZURE, GCP",False,1.671557,229.61173325229117,25.0,0.0,2,1,False,False,True,3.261108,68.95018502913734,60.0,-58.333333333333336,2,2,False,False,True,3.286424,67.64872700540164,26.5,-5.660377358490567,2,2,False,False,True,3.279295,68.01318576096388,37.5,-33.33333333333333,2,2,False,False
WL_0084,13.47,3,cold,COST_MINIMIZATION,optimal,97.77,0.006581,56.67,"AWS, AZURE, GCP",False,0.002208,198.0525362318841,25.0,126.68000000000002,3,1,False,False,True,0.006581,0.0,56.67,0.0,3,3,False,False,True,0.007167,-8.176363890051622,25.0,126.68000000000002,3,3,False,False,True,0.006609,-0.42366469965199344,66.67,-14.999250037498124,3,3,False,False
WL_0085,7.54,1,warm,COST_MINIMIZATION,optimal,75.44,0.025193,28.0,AZURE,True,0.025995,-3.085208693979614,25.0,12.0,1,1,False,False,True,0.025193,0.0,28.0,0.0,1,1,False,False,True,0.025995,-3.085208693979614,25.0,12.0,1,1,False,False,True,0.034773,-27.550110718085868,40.0,-30.0,1,1,False,False
WL_0086,13.92,2,hot,LATENCY_MINIMIZATION,optimal,60.27,0.79285,23.5,"AWS, GCP",False,0.340094,133.12672378812917,25.0,-6.0,2,1,False,False,True,0.669375,18.446311858076562,26.5,-11.320754716981133,2,2,False,False,True,0.669375,18.446311858076562,26.5,-11.320754716981133,2,2,False,False,True,0.669375,18.446311858076562,26.5,-11.320754716981133,2,2,False,False
WL_0087,236.95,1,hot,COST_MINIMIZATION,infeasible,48.46,,,None,False,3.221847,inf,25.0,inf,1,1,True,False,False,3.114424,inf,28.0,inf,1,1,True,False,False,3.221847,inf,25.0,inf,1,1,True,False,False,3.221847,inf,25.0,inf,1,1,True,False
WL_0088,73.3,2,cold,MAX_REDUNDANCY,optimal,54.3,0.060214,26.5,"AWS, AZURE",False,0.030665,96.36067177563996,25.0,6.0,2,1,False,False,True,0.057791,4.1926943641743435,60.0,-55.833333333333336,2,2,False,False,True,0.060214,0.0,26.5,0.0,2,2,False,False,True,0.058158,3.535197221362487,75.0,-64.66666666666666,2,2,False,False
WL_0089,13.16,2,warm,BALANCED,optimal,51.68,0.052568,22.5,"AWS, AZURE",False,0.026126,101.20952308045624,25.0,-10.0,2,1,False,False,True,0.051162,2.7481333802431442,64.0,-64.84375,2,2,False,False,True,0.051406,2.260436524919263,26.5,-15.09433962264151,2,2,False,False,True,0.060028,-12.427533817551812,34.0,-33.82352941176471,2,2,False,False
WL_0090,106.02,1,hot,COST_MINIMIZATION,optimal,49.12,2.657211,28.0,AZURE,True,2.748393,-3.3176478036437973,25.0,12.0,1,1,False,False,True,2.657211,0.0,28.0,0.0,1,1,False,False,True,2.748393,-3.3176478036437973,25.0,12.0,1,1,False,False,True,2.748393,-3.3176478036437973,25.0,12.0,1,1,False,False
WL_0091,46.12,1,warm,COST_MINIMIZATION,optimal,78.4,0.180373,28.0,AZURE,True,0.186568,-3.320505124137047,25.0,12.0,1,1,False,False,True,0.180373,0.0,28.0,0.0,1,1,False,False,True,0.186568,-3.320505124137047,25.0,12.0,1,1,False,False,True,0.185712,-2.8748815370035232,100.0,-72.0,1,1,False,False
WL_0092,263.58,2,hot,LATENCY_MINIMIZATION,optimal,70.97,17.90258,23.5,"AWS, GCP",False,7.673687,133.29828282024013,25.0,-6.0,2,1,False,False,True,15.091866,18.624032309854865,26.5,-11.320754716981133,2,2,False,False,True,15.091866,18.624032309854865,26.5,-11.320754716981133,2,2,False,False,True,17.90258,0.0,23.5,0.0,2,2,False,False
WL_0093,9.33,1,warm,COST_MINIMIZATION,infeasible,73.02,,,None,True,0.008637,inf,25.0,inf,1,1,False,False,True,0.008356,inf,28.0,inf,1,1,False,False,True,0.008637,inf,25.0,inf,1,1,False,False,True,0.008356,inf,28.0,inf,1,1,False,False
WL_0094,19.72,1,warm,LATENCY_MINIMIZATION,optimal,60.58,0.082494,20.0,AZURE,True,0.082562,-0.08236234587340256,25.0,-20.0,1,1,False,False,True,0.079874,3.28016626186243,28.0,-28.57142857142857,1,1,False,False,True,0.082562,-0.08236234587340256,25.0,-20.0,1,1,False,False,False,0.110039,-25.032034097001972,40.0,-50.0,1,1,False,True
WL_0095,17.34,2,warm,COST_MINIMIZATION,optimal,75.33,0.100394,64.0,"AWS, AZURE",False,0.051191,96.11650485436893,25.0,156.0,2,1,False,False,True,0.100394,0.0,64.0,0.0,2,2,False,False,True,0.100715,-0.3187211438216769,26.5,141.50943396226415,2,2,False,False,True,0.119245,-15.80862929263282,23.5,172.3404255319149,2,2,False,False
WL_0096,2.03,1,hot,LATENCY_MINIMIZATION,infeasible,66.32,,,None,True,0.037228,inf,25.0,inf,1,1,False,False,True,0.036379,inf,28.0,inf,1,1,False,False,True,0.037228,inf,25.0,inf,1,1,False,False,True,0.037228,inf,25.0,inf,1,1,False,False
WL_0097,68.67,2,warm,COST_MINIMIZATION,optimal,54.46,0.134185,75.0,"AWS, AZURE",False,0.069208,93.88654490810309,25.0,200.0,2,1,False,False,True,0.134185,0.0,75.0,0.0,2,2,False,False,True,0.136034,-1.3592190187747104,26.5,183.0188679245283,2,2,False,False,True,0.134847,-0.49092675402492897,47.5,57.89473684210527,2,2,False,False
WL_0098,64.02,1,cold,COST_MINIMIZATION,optimal,60.37,0.022167,20.0,AZURE,True,0.02397,-7.521902377972475,25.0,-20.0,1,1,False,False,True,0.022167,0.0,20.0,0.0,1,1,False,False,True,0.02397,-7.521902377972475,25.0,-20.0,1,1,False,False,True,0.022484,-1.4098914783846348,50.0,-60.0,1,1,False,False
WL_0099,38.37,1,cold,BALANCED,optimal,82.58,0.010395,20.0,AZURE,True,0.011334,-8.284806776072001,25.0,-20.0,1,1,False,False,True,0.010395,0.0,20.0,0.0,1,1,False,False,True,0.011334,-8.284806776072001,25.0,-20.0,1,1,False,False,True,0.010549,-1.4598540145985366,50.0,-60.0,1,1,False,False
WL_0100,23.76,3,warm,MAX_REDUNDANCY,infeasible,68.62,,,None,False,0.061272,inf,25.0,inf,3,1,True,False,False,0.201541,inf,50.0,inf,3,3,True,False,False,0.201982,inf,25.0,inf,3,3,True,False,False,0.201982,inf,25.0,inf,3,3,True,False
WL_0101,2.24,3,hot,COST_MINIMIZATION,infeasible,67.15,,,None,False,0.092002,inf,25.0,inf,3,1,False,False,True,0.303495,inf,25.0,inf,3,3,False,False,True,0.303495,inf,25.0,inf,3,3,False,False,True,0.303495,inf,25.0,inf,3,3,False,False
WL_0102,16.38,1,warm,COST_MINIMIZATION,optimal,75.02,0.056871,28.0,AZURE,True,0.058774,-3.2378262497022527,25.0,12.0,1,1,False,False,True,0.056871,0.0,28.0,0.0,1,1,False,False,True,0.058774,-3.2378262497022527,25.0,12.0,1,1,False,False,True,0.057158,-0.5021169390111665,50.0,-44.0,1,1,False,False
WL_0103,19.14,1,cold,LATENCY_MINIMIZATION,optimal,85.99,0.001572,20.0,AZURE,True,0.001952,-19.467213114754095,25.0,-20.0,1,1,False,False,True,0.001572,0.0,20.0,0.0,1,1,False,False,True,0.001952,-19.467213114754095,25.0,-20.0,1,1,False,False,True,0.001952,-19.467213114754095,25.0,-20.0,1,1,False,False
WL_0104,7.63,2,warm,BALANCED,optimal,69.04,0.026728,22.5,"AWS, AZURE",False,0.013039,104.98504486540376,25.0,-10.0,2,1,False,False,True,0.025528,4.700720777185834,64.0,-64.84375,2,2,False,False,True,0.02567,4.121542656797819,26.5,-15.09433962264151,2,2,False,False,True,0.030493,-12.34709605483226,42.5,-47.05882352941176,2,2,False,False
WL_0105,27.51,2,hot,COST_MINIMIZATION,infeasible,46.85,,,None,False,0.392851,inf,25.0,inf,2,1,False,False,True,0.772886,inf,26.5,inf,2,2,False,False,True,0.772886,inf,26.5,inf,2,2,False,False,True,0.916098,inf,23.5,inf,2,2,False,False
WL_0106,85.21,2,warm,COST_MINIMIZATION,optimal,65.12,0.567797,75.0,"AWS, AZURE",False,0.289758,95.95559052726756,25.0,200.0,2,1,False,False,True,0.567797,0.0,75.0,0.0,2,2,False,False,True,0.569813,-0.35380028184685464,26.5,183.0188679245283,2,2,False,False,True,0.673955,-15.751496761653222,75.0,0.0,2,2,False,False
WL_0107,1651.48,2,cold,BALANCED,optimal,79.98,0.140511,21.0,"AZURE, GCP",False,0.080645,74.23398846797694,25.0,-16.0,2,1,False,False,True,0.095354,47.35721626780209,60.0,-65.0,2,2,False,False,True,0.156292,-10.097125892560074,26.5,-20.754716981132077,2,2,False,False,True,0.109069,28.827622880928583,32.5,-35.38461538461539,2,2,False,False
WL_0108,53.85,1,warm,MAX_REDUNDANCY,optimal,56.63,0.335857,25.0,"AZURE, GCP",True,0.146235,129.66936779840668,25.0,0.0,1,1,False,False,True,0.141141,137.95849540530395,50.0,-50.0,1,1,False,False,True,0.146235,129.66936779840668,25.0,0.0,1,1,False,False,True,0.141141,137.95849540530395,50.0,-50.0,1,1,False,False
WL_0109,63.57,3,cold,LATENCY_MINIMIZATION,optimal,70.52,0.073345,22.33,"AWS, AZURE, GCP",False,0.02268,223.3906525573192,25.0,-10.680000000000007,3,1,False,False,False,0.071073,3.1967132385012538,56.67,-60.5964355037939,3,3,False,True,True,0.074278,-1.2560919787824165,25.0,-10.680000000000007,3,3,False,False,False,0.072128,1.6872781721384151,35.0,-36.2,3,3,False,True
WL_0110,32.73,1,cold,MAX_REDUNDANCY,optimal,62.9,0.042963,48.33,"AWS, AZURE, GCP",True,0.013418,220.18929795796694,25.0,93.32,1,1,False,False,True,0.01261,240.70578905630455,20.0,141.64999999999998,1,1,False,False,True,0.013418,220.18929795796694,25.0,93.32,1,1,False,False,True,0.012934,232.17102211226228,28.0,72.60714285714285,1,1,False,False
WL_0111,0.82,2,archival,BALANCED,optimal,232.45,2.7e-05,35.0,"AZURE, GCP",False,2.3e-05,17.391304347826082,25.0,40.0,2,1,False,False,True,2e-05,34.999999999999986,75.0,-53.333333333333336,2,2,False,False,True,2.3e-05,17.391304347826082,60.0,-41.66666666666667,2,2,False,False,True,2.3e-05,17.391304347826082,60.0,-41.66666666666667,2,2,False,False
WL_0112,36.02,1,cold,MAX_REDUNDANCY,optimal,53.38,0.04409,48.33,"AWS, AZURE, GCP",True,0.013815,219.14585595367356,25.0,93.32,1,1,False,False,True,0.012909,241.54465876520254,20.0,141.64999999999998,1,1,False,False,True,0.013815,219.14585595367356,25.0,93.32,1,1,False,False,False,0.013146,235.38719001977788,100.0,-51.67,1,1,False,True
WL_0113,42.84,1,cold,BALANCED,optimal,54.65,0.00269,20.0,AZURE,True,0.003606,-25.402107598447028,25.0,-20.0,1,1,False,False,True,0.00269,0.0,20.0,0.0,1,1,False,False,True,0.003606,-25.402107598447028,25.0,-20.0,1,1,False,False,True,0.003005,-10.482529118136432,50.0,-60.0,1,1,False,False
WL_0114,5237.19,1,cold,MAX_REDUNDANCY,optimal,75.11,6.721491,25.0,"AWS, AZURE, GCP",True,2.050919,227.73069048558233,25.0,0.0,1,1,False,False,True,1.879346,257.6505337495065,20.0,25.0,1,1,False,False,True,2.050919,227.73069048558233,25.0,0.0,1,1,False,False,True,2.050919,227.73069048558233,25.0,0.0,1,1,False,False
WL_0115,25.85,1,cold,LATENCY_MINIMIZATION,optimal,105.26,0.001873,20.0,AZURE,True,0.002406,-22.152950955943478,25.0,-20.0,1,1,False,False,True,0.001873,0.0,20.0,0.0,1,1,False,False,True,0.002406,-22.152950955943478,25.0,-20.0,1,1,False,False,True,0.001873,0.0,20.0,0.0,1,1,False,False
WL_0116,69.42,1,cold,COST_MINIMIZATION,optimal,48.71,0.012671,20.0,AZURE,True,0.014385,-11.915189433437611,25.0,-20.0,1,1,False,False,True,0.012671,0.0,20.0,0.0,1,1,False,False,True,0.014385,-11.915189433437611,25.0,-20.0,1,1,False,False,True,0.013691,-7.450149733401505,45.0,-55.55555555555556,1,1,False,False
WL_0117,35.43,2,warm,BALANCED,infeasible,62.84,,,None,False,0.128118,inf,25.0,inf,2,1,False,False,True,0.251338,inf,64.0,inf,2,2,False,False,True,0.251996,inf,26.5,inf,2,2,False,False,True,0.299857,inf,37.5,inf,2,2,False,False
WL_0118,3.67,1,cold,BALANCED,optimal,68.44,0.000359,20.0,AZURE,True,0.000381,-5.774278215223096,25.0,-20.0,1,1,False,False,True,0.000313,14.69648562300319,100.0,-80.0,1,1,False,False,True,0.000381,-5.774278215223096,25.0,-20.0,1,1,False,False,True,0.000452,-20.57522123893805,40.0,-50.0,1,1,False,False
WL_0119,373.42,2,cold,LATENCY_MINIMIZATION,infeasible,67.68,,,None,False,0.051064,inf,25.0,inf,2,1,True,False,False,0.086206,inf,60.0,inf,2,2,True,False,False,0.099906,inf,26.5,inf,2,2,True,False,False,0.112715,inf,32.5,inf,2,2,True,False
WL_0120,170.87,1,warm,BALANCED,infeasible,67.55,,,None,False,0.567259,inf,25.0,inf,1,1,True,False,False,0.546865,inf,50.0,inf,1,1,True,False,False,0.567259,inf,25.0,inf,1,1,True,False,False,0.567259,inf,25.0,inf,1,1,True,False
WL_0121,184.77,1,cold,LATENCY_MINIMIZATION,infeasible,52.54,,,None,False,0.062632,inf,25.0,inf,1,1,True,False,False,0.057122,inf,20.0,inf,1,1,True,False,False,0.062632,inf,25.0,inf,1,1,True,False,False,0.060292,inf,28.0,inf,1,1,True,False
WL_0122,6.16,2,warm,LATENCY_MINIMIZATION,optimal,63.25,0.044868,21.0,"AZURE, GCP",False,0.018657,140.48882456986652,25.0,-16.0,2,1,False,False,True,0.036634,22.476388054812464,64.0,-67.1875,2,2,False,False,True,0.036748,22.096440622618903,26.5,-20.754716981132077,2,2,False,False,True,0.044361,1.142895786839793,39.0,-46.15384615384615,2,2,False,False
WL_0123,628.07,1,cold,BALANCED,optimal,56.43,0.188231,20.0,AZURE,True,0.20733,-9.211884435441075,25.0,-20.0,1,1,False,False,True,0.188231,0.0,20.0,0.0,1,1,False,False,True,0.20733,-9.211884435441075,25.0,-20.0,1,1,False,False,True,0.200916,-6.313583786258935,45.0,-55.55555555555556,1,1,False,False
WL_0124,2.3,2,hot,COST_MINIMIZATION,optimal,83.63,0.142757,23.5,"AWS, GCP",False,0.061462,132.26871888321236,25.0,-6.0,2,1,False,False,True,0.121451,17.542877374414363,26.5,-11.320754716981133,2,2,False,False,True,0.121451,17.542877374414363,26.5,-11.320754716981133,2,2,False,False,True,0.142757,0.0,23.5,0.0,2,2,False,False
WL_0125,122.83,1,cold,MAX_REDUNDANCY,infeasible,86.63,,,None,False,0.017883,inf,25.0,inf,1,1,True,False,False,0.014953,inf,20.0,inf,1,1,True,False,False,0.017883,inf,25.0,inf,1,1,True,False,False,0.017118,inf,28.0,inf,1,1,True,False
WL_0126,3035.0,2,hot,BALANCED,optimal,89.65,107.939164,26.5,"AWS, AZURE",False,54.886276,96.65966042221557,25.0,6.0,2,1,False,False,True,107.939164,0.0,26.5,0.0,2,2,False,False,True,107.939164,0.0,26.5,0.0,2,2,False,False,True,126.211422,-14.477499508721161,25.0,6.0,2,2,False,False
WL_0127,5.24,1,hot,COST_MINIMIZATION,optimal,58.7,0.0598,28.0,AZURE,True,0.061603,-2.926805512718535,25.0,12.0,1,1,False,False,True,0.0598,0.0,28.0,0.0,1,1,False,False,True,0.061603,-2.926805512718535,25.0,12.0,1,1,False,False,True,0.061603,-2.926805512718535,25.0,12.0,1,1,False,False
WL_0128,12.24,1,hot,LATENCY_MINIMIZATION,optimal,85.43,0.661183,22.0,GCP,True,0.496701,33.11489205779734,25.0,-12.0,1,1,False,False,True,0.481029,37.451796045560656,28.0,-21.428571428571427,1,1,False,False,True,0.496701,33.11489205779734,25.0,-12.0,1,1,False,False,True,0.481029,37.451796045560656,28.0,-21.428571428571427,1,1,False,False
WL_0129,46.36,1,warm,COST_MINIMIZATION,optimal,57.25,0.123952,50.0,AZURE,True,0.128359,-3.4333393061647364,25.0,100.0,1,1,False,False,True,0.123952,0.0,50.0,0.0,1,1,False,False,True,0.128359,-3.4333393061647364,25.0,100.0,1,1,False,False,True,0.124076,-0.09993874721944543,28.0,78.57142857142857,1,1,False,False
WL_0130,13.88,2,hot,BALANCED,optimal,81.69,0.55633,26.5,"AWS, AZURE",False,0.282659,96.82019677420496,25.0,6.0,2,1,False,False,True,0.55633,0.0,26.5,0.0,2,2,False,False,True,0.55633,0.0,26.5,0.0,2,2,False,False,True,0.649947,-14.403789847479882,25.0,6.0,2,2,False,False
WL_0131,1.71,2,warm,COST_MINIMIZATION,optimal,59.91,0.008001,64.0,"AWS, AZURE",False,0.004061,97.02043831568577,25.0,156.0,2,1,False,False,True,0.008001,0.0,64.0,0.0,2,2,False,False,True,0.008033,-0.3983567782895652,26.5,141.50943396226415,2,2,False,False,True,0.009574,-16.42991435136829,70.0,-8.571428571428571,2,2,False,False
WL_0132,43.56,1,cold,COST_MINIMIZATION,infeasible,66.17,,,None,True,0.019002,inf,25.0,inf,1,1,False,False,True,0.017812,inf,20.0,inf,1,1,False,False,True,0.019002,inf,25.0,inf,1,1,False,False,True,0.017812,inf,20.0,inf,1,1,False,False
WL_0133,4.54,1,cold,COST_MINIMIZATION,optimal,64.16,0.000385,100.0,AWS,True,0.000469,-17.910447761194035,25.0,300.0,1,1,False,False,True,0.000385,0.0,100.0,0.0,1,1,False,False,True,0.000469,-17.910447761194035,25.0,300.0,1,1,False,False,True,0.000418,-7.894736842105273,50.0,100.0,1,1,False,False
WL_0134,97.93,1,cold,COST_MINIMIZATION,infeasible,53.46,,,None,True,0.028038,inf,25.0,inf,1,1,False,False,True,0.02536,inf,20.0,inf,1,1,False,False,True,0.028038,inf,25.0,inf,1,1,False,False,True,0.034827,inf,50.0,inf,1,1,False,False
WL_0135,6.04,2,cold,MAX_REDUNDANCY,optimal,65.27,0.004998,25.0,"AWS, AZURE, GCP",False,0.001531,226.4532984977139,25.0,0.0,2,1,False,False,True,0.002861,74.69416288011186,75.0,-66.66666666666666,2,2,False,False,True,0.003007,66.21217159960092,26.5,-5.660377358490567,2,2,False,False,True,0.00341,46.56891495601173,61.0,-59.01639344262295,2,2,False,False
WL_0136,842.96,3,warm,MAX_REDUNDANCY,infeasible,132.29,,,None,False,2.427027,inf,25.0,inf,3,1,True,False,False,7.957326,inf,56.67,inf,3,3,True,True,False,8.00169,inf,25.0,inf,3,3,True,False,False,7.971942,inf,35.0,inf,3,3,True,False
WL_0137,7.93,1,warm,LATENCY_MINIMIZATION,infeasible,63.22,,,None,True,0.004253,inf,25.0,inf,1,1,False,False,False,0.004089,inf,50.0,inf,1,1,False,True,True,0.004253,inf,25.0,inf,1,1,False,False,False,0.004106,inf,100.0,inf,1,1,False,True
WL_0138,19.94,1,warm,COST_MINIMIZATION,optimal,97.38,0.075665,28.0,AZURE,True,0.078213,-3.2577704473680953,25.0,12.0,1,1,False,False,True,0.075665,0.0,28.0,0.0,1,1,False,False,True,0.078213,-3.2577704473680953,25.0,12.0,1,1,False,False,True,0.104219,-27.398075207016003,40.0,-30.0,1,1,False,False
WL_0139,193.27,1,cold,COST_MINIMIZATION,optimal,66.59,0.076237,20.0,AZURE,True,0.082508,-7.600475105444319,25.0,-20.0,1,1,False,False,True,0.076237,0.0,20.0,0.0,1,1,False,False,True,0.082508,-7.600475105444319,25.0,-20.0,1,1,False,False,True,0.108554,-29.77043683328113,22.0,-9.090909090909092,1,1,False,False
WL_0140,3.24,1,cold,LATENCY_MINIMIZATION,optimal,66.27,0.001006,20.0,AZURE,True,0.000915,9.945355191256823,25.0,-20.0,1,1,False,False,True,0.000855,17.66081871345029,100.0,-80.0,1,1,False,False,True,0.000915,9.945355191256823,25.0,-20.0,1,1,False,False,True,0.000855,17.66081871345029,100.0,-80.0,1,1,False,False
WL_0141,59.86,1,cold,BALANCED,optimal,67.1,0.018157,20.0,AZURE,True,0.019777,-8.191333367042523,25.0,-20.0,1,1,False,False,True,0.018157,0.0,20.0,0.0,1,1,False,False,True,0.019777,-8.191333367042523,25.0,-20.0,1,1,False,False,True,0.018157,0.0,20.0,0.0,1,1,False,False
WL_0142,518.71,1,hot,COST_MINIMIZATION,optimal,59.32,20.511305,28.0,AZURE,True,21.218397,-3.3324477810458513,25.0,12.0,1,1,False,False,True,20.511305,0.0,28.0,0.0,1,1,False,False,True,21.218397,-3.3324477810458513,25.0,12.0,1,1,False,False,True,21.218397,-3.3324477810458513,25.0,12.0,1,1,False,False
WL_0143,1.53,2,warm,COST_MINIMIZATION,optimal,75.11,0.010305,26.5,"AWS, AZURE",False,0.005204,98.0207532667179,25.0,6.0,2,1,False,False,False,0.010276,0.28221097703386055,64.0,-58.59375,2,2,False,True,True,0.010305,0.0,26.5,0.0,2,2,False,False,False,0.013777,-25.201422660956663,75.0,-64.66666666666666,2,2,False,True
WL_0144,54.94,1,cold,COST_MINIMIZATION,optimal,83.89,0.00438,20.0,AZURE,True,0.005589,-21.631776704240472,25.0,-20.0,1,1,False,False,True,0.00438,0.0,20.0,0.0,1,1,False,False,True,0.005589,-21.631776704240472,25.0,-20.0,1,1,False,False,True,0.005328,-17.792792792792795,28.0,-28.57142857142857,1,1,False,False
WL_0145,63.87,2,hot,COST_MINIMIZATION,optimal,63.81,3.421873,26.5,"AWS, AZURE",False,1.739672,96.69644622664502,25.0,6.0,2,1,False,False,True,3.421873,0.0,26.5,0.0,2,2,False,False,True,3.421873,0.0,26.5,0.0,2,2,False,False,True,4.000616,-14.466347182533884,25.0,6.0,2,2,False,False
WL_0146,181.4,1,warm,COST_MINIMIZATION,infeasible,59.46,,,None,False,0.519253,inf,25.0,inf,1,1,True,False,False,0.500274,inf,50.0,inf,1,1,True,False,False,0.519253,inf,25.0,inf,1,1,True,False,False,0.500274,inf,50.0,inf,1,1,True,False
WL_0147,3.2,2,archival,COST_MINIMIZATION,infeasible,65.83,,,None,False,7.7e-05,inf,25.0,inf,2,1,False,False,False,3.5e-05,inf,75.0,inf,2,2,False,True,False,3.7e-05,inf,60.0,inf,2,2,False,True,True,3.7e-05,inf,35.0,inf,2,2,False,False
WL_0148,2.71,3,hot,LATENCY_MINIMIZATION,optimal,79.65,0.307731,25.0,"AWS, AZURE, GCP",False,0.093282,229.89322698912972,25.0,0.0,3,1,False,False,True,0.307731,0.0,25.0,0.0,3,3,False,False,True,0.307731,0.0,25.0,0.0,3,3,False,False,True,0.307731,0.0,25.0,0.0,3,3,False,False
WL_0149,107.87,3,cold,COST_MINIMIZATION,optimal,68.49,0.145419,56.67,"AWS, AZURE, GCP",False,0.046063,215.6958947528385,25.0,126.68000000000002,3,1,False,False,True,0.145419,0.0,56.67,0.0,3,3,False,False,True,0.15105,-3.7279046673286977,25.0,126.68000000000002,3,3,False,False,True,0.15105,-3.7279046673286977,25.0,126.68000000000002,3,3,False,False
WL_0150,68.79,1,cold,COST_MINIMIZATION,optimal,89.42,0.028108,100.0,AWS,True,0.029384,-4.342499319357471,25.0,300.0,1,1,False,False,True,0.027343,2.7977910251252673,20.0,400.0,1,1,False,False,True,0.029384,-4.342499319357471,25.0,300.0,1,1,False,False,True,0.037499,-25.0433344889197,50.0,100.0,1,1,False,False
WL_0151,62.68,1,cold,MAX_REDUNDANCY,optimal,54.82,0.045948,25.0,"AWS, AZURE, GCP",True,0.014093,226.03420137656994,25.0,0.0,1,1,False,False,True,0.012533,266.6161334078034,20.0,25.0,1,1,False,False,True,0.014093,226.03420137656994,25.0,0.0,1,1,False,False,True,0.012533,266.6161334078034,20.0,25.0,1,1,False,False
WL_0152,75.94,1,warm,COST_MINIMIZATION,optimal,65.04,0.065383,20.0,AZURE,True,0.068515,-4.571261767496183,25.0,-20.0,1,1,False,False,True,0.065383,0.0,20.0,0.0,1,1,False,False,True,0.068515,-4.571261767496183,25.0,-20.0,1,1,False,False,True,0.065383,0.0,20.0,0.0,1,1,False,False
WL_0153,9.75,2,warm,COST_MINIMIZATION,optimal,62.06,0.08402,64.0,"AWS, AZURE",False,0.042772,96.43692135041616,25.0,156.0,2,1,False,False,True,0.08402,0.0,64.0,0.0,2,2,False,False,True,0.0842,-0.21377672209026083,26.5,141.50943396226415,2,2,False,False,True,0.09873,-14.899220095209156,36.0,77.77777777777779,2,2,False,False
WL_0154,60.43,3,warm,COST_MINIMIZATION,infeasible,94.39,,,None,False,0.22844,inf,25.0,inf,3,1,False,False,True,0.751822,inf,63.33,inf,3,3,False,False,True,0.753308,inf,25.0,inf,3,3,False,False,True,0.754032,inf,41.67,inf,3,3,False,False
WL_0155,68.25,2,hot,COST_MINIMIZATION,optimal,83.78,1.255007,26.5,"AWS, AZURE",False,0.638082,96.68428195749135,25.0,6.0,2,1,False,False,True,1.255007,0.0,26.5,0.0,2,2,False,False,True,1.255007,0.0,26.5,0.0,2,2,False,False,True,1.255007,0.0,26.5,0.0,2,2,False,False
WL_0156,9.1,1,warm,COST_MINIMIZATION,infeasible,75.75,,,None,True,0.037619,inf,25.0,inf,1,1,False,False,True,0.036443,inf,28.0,inf,1,1,False,False,True,0.037619,inf,25.0,inf,1,1,False,False,True,0.052057,inf,50.0,inf,1,1,False,False
WL_0157,1585.42,2,archival,LATENCY_MINIMIZATION,optimal,40.25,0.070781,21.0,"AZURE, GCP",False,0.04955,42.84762865792129,25.0,-16.0,2,1,False,False,True,0.036719,92.763964160244,60.0,-65.0,2,2,False,False,True,0.036719,92.763964160244,60.0,-65.0,2,2,False,False,True,0.055303,27.987631774044807,30.0,-30.0,2,2,False,False
WL_0158,97.98,1,warm,COST_MINIMIZATION,optimal,70.51,0.237118,50.0,AZURE,True,0.24608,-3.6419050715214554,25.0,100.0,1,1,False,False,True,0.237118,0.0,50.0,0.0,1,1,False,False,True,0.24608,-3.6419050715214554,25.0,100.0,1,1,False,False,True,0.327312,-27.55597106125043,22.0,127.27272727272727,1,1,False,False
WL_0159,3.51,1,hot,MAX_REDUNDANCY,optimal,123.33,0.328268,25.0,"AWS, AZURE, GCP",True,0.099504,229.90432545425313,25.0,0.0,1,1,False,False,True,0.096804,239.10582207346803,28.0,-10.714285714285714,1,1,False,False,True,0.099504,229.90432545425313,25.0,0.0,1,1,False,False,True,0.131961,148.7613764672896,22.0,13.636363636363635,1,1,False,False
WL_0160,141.2,1,cold,LATENCY_MINIMIZATION,optimal,116.51,0.025618,20.0,AZURE,True,0.029246,-12.405115229433093,25.0,-20.0,1,1,False,False,True,0.025618,0.0,20.0,0.0,1,1,False,False,True,0.029246,-12.405115229433093,25.0,-20.0,1,1,False,False,True,0.028077,-8.758058197100839,28.0,-28.57142857142857,1,1,False,False
WL_0161,5.41,1,hot,MAX_REDUNDANCY,optimal,141.42,0.118924,25.0,"AWS, AZURE, GCP",True,0.036057,229.822225920071,25.0,0.0,1,1,False,False,True,0.034993,239.85082730831883,28.0,-10.714285714285714,1,1,False,False,True,0.036057,229.822225920071,25.0,0.0,1,1,False,False,True,0.036057,229.822225920071,25.0,0.0,1,1,False,False
WL_0162,183.32,1,warm,BALANCED,optimal,91.36,0.313286,20.0,AZURE,True,0.326487,-4.043346289438789,25.0,-20.0,1,1,False,False,True,0.313286,0.0,20.0,0.0,1,1,False,False,True,0.326487,-4.043346289438789,25.0,-20.0,1,1,False,False,True,0.323086,-3.0332481135053753,100.0,-80.0,1,1,False,False
WL_0163,385.39,1,cold,COST_MINIMIZATION,optimal,82.09,0.13201,20.0,AZURE,True,0.14417,-8.43448706388292,25.0,-20.0,1,1,False,False,True,0.13201,0.0,20.0,0.0,1,1,False,False,True,0.14417,-8.43448706388292,25.0,-20.0,1,1,False,False,True,0.137019,-3.655697385034202,100.0,-80.0,1,1,False,False
WL_0164,7.36,1,cold,COST_MINIMIZATION,optimal,73.35,0.000164,100.0,AWS,True,0.0003,-45.33333333333333,25.0,300.0,1,1,False,False,True,0.000164,0.0,100.0,0.0,1,1,False,False,True,0.0003,-45.33333333333333,25.0,300.0,1,1,False,False,True,0.000282,-41.843971631205676,28.0,257.14285714285717,1,1,False,False
WL_0165,260.81,3,hot,MAX_REDUNDANCY,optimal,69.28,15.150531,25.0,"AWS, AZURE, GCP",False,4.591784,229.94868661069427,25.0,0.0,3,1,False,False,True,15.150531,0.0,25.0,0.0,3,3,False,False,True,15.150531,0.0,25.0,0.0,3,3,False,False,True,15.150531,0.0,25.0,0.0,3,3,False,False
WL_0166,86.71,1,warm,COST_MINIMIZATION,optimal,62.63,0.170033,50.0,AZURE,True,0.176624,-3.7316559470966646,25.0,100.0,1,1,False,False,True,0.170033,0.0,50.0,0.0,1,1,False,False,True,0.176624,-3.7316559470966646,25.0,100.0,1,1,False,False,True,0.234146,-27.381633681549122,40.0,25.0,1,1,False,False
WL_0167,196.6,1,cold,MAX_REDUNDANCY,infeasible,51.31,,,None,False,0.051086,inf,25.0,inf,1,1,True,False,False,0.045672,inf,20.0,inf,1,1,True,False,False,0.051086,inf,25.0,inf,1,1,True,False,False,0.062831,inf,50.0,inf,1,1,True,False
WL_0168,1686.89,1,hot,COST_MINIMIZATION,optimal,59.6,66.524152,28.0,AZURE,True,68.819589,-3.3354413087238766,25.0,12.0,1,1,False,False,True,66.524152,0.0,28.0,0.0,1,1,False,False,True,68.819589,-3.3354413087238766,25.0,12.0,1,1,False,False,True,66.524152,0.0,28.0,0.0,1,1,False,False
WL_0169,23.25,1,warm,COST_MINIMIZATION,optimal,62.11,0.041126,50.0,AZURE,True,0.042544,-3.3330199323053677,25.0,100.0,1,1,False,False,True,0.041126,0.0,50.0,0.0,1,1,False,False,True,0.042544,-3.3330199323053677,25.0,100.0,1,1,False,False,True,0.042544,-3.3330199323053677,25.0,100.0,1,1,False,False
WL_0170,8.41,2,hot,LATENCY_MINIMIZATION,optimal,51.95,0.358577,23.5,"AWS, GCP",False,0.153894,133.0025861956931,25.0,-6.0,2,1,False,False,True,0.303052,18.321938149228515,26.5,-11.320754716981133,2,2,False,False,True,0.303052,18.321938149228515,26.5,-11.320754716981133,2,2,False,False,True,0.35384,1.3387406737508454,25.0,-6.0,2,2,False,False
WL_0171,6.41,1,warm,COST_MINIMIZATION,infeasible,64.19,,,None,True,0.02186,inf,25.0,inf,1,1,False,False,True,0.021197,inf,28.0,inf,1,1,False,False,True,0.02186,inf,25.0,inf,1,1,False,False,True,0.030735,inf,50.0,inf,1,1,False,False
WL_0172,7.43,2,cold,LATENCY_MINIMIZATION,infeasible,54.99,,,None,False,0.001683,inf,25.0,inf,2,1,False,False,True,0.003115,inf,75.0,inf,2,2,False,False,True,0.003304,inf,26.5,inf,2,2,False,False,True,0.003716,inf,50.0,inf,2,2,False,False
WL_0173,32.55,1,warm,COST_MINIMIZATION,infeasible,73.09,,,None,True,0.044029,inf,25.0,inf,1,1,False,False,True,0.04238,inf,50.0,inf,1,1,False,False,True,0.044029,inf,25.0,inf,1,1,False,False,True,0.04238,inf,50.0,inf,1,1,False,False
WL_0174,75.14,1,hot,COST_MINIMIZATION,optimal,65.74,1.62196,28.0,AZURE,True,1.677484,-3.3099570547319623,25.0,12.0,1,1,False,False,True,1.62196,0.0,28.0,0.0,1,1,False,False,True,1.677484,-3.3099570547319623,25.0,12.0,1,1,False,False,True,1.62196,0.0,28.0,0.0,1,1,False,False
WL_0175,66.05,1,cold,MAX_REDUNDANCY,infeasible,66.38,,,None,True,0.006136,inf,25.0,inf,1,1,False,False,True,0.004683,inf,20.0,inf,1,1,False,False,True,0.006136,inf,25.0,inf,1,1,False,False,True,0.007049,inf,40.0,inf,1,1,False,False
WL_0176,198.63,1,warm,COST_MINIMIZATION,optimal,56.64,0.218998,20.0,AZURE,True,0.229743,-4.676965130602458,25.0,-20.0,1,1,False,False,True,0.218998,0.0,20.0,0.0,1,1,False,False,True,0.229743,-4.676965130602458,25.0,-20.0,1,1,False,False,True,0.304809,-28.152383951917432,22.0,-9.090909090909092,1,1,False,False
WL_0177,38.98,1,archival,COST_MINIMIZATION,optimal,73.25,8.9e-05,20.0,AZURE,True,0.000881,-89.89784335981838,25.0,-20.0,1,1,False,False,True,8.9e-05,0.0,20.0,0.0,1,1,False,False,True,0.000157,-43.31210191082803,100.0,-80.0,1,1,False,False,True,0.000105,-15.238095238095248,50.0,-60.0,1,1,False,False
WL_0178,695.15,1,cold,BALANCED,optimal,61.56,0.131447,20.0,AZURE,True,0.150041,-12.392612685865863,25.0,-20.0,1,1,False,False,True,0.131447,0.0,20.0,0.0,1,1,False,False,True,0.150041,-12.392612685865863,25.0,-20.0,1,1,False,False,True,0.131447,0.0,20.0,0.0,1,1,False,False
WL_0179,22.37,2,hot,MAX_REDUNDANCY,optimal,56.96,2.095185,25.0,"AZURE, GCP",False,0.911077,129.96793904357148,25.0,0.0,2,1,False,False,True,1.792659,16.875825240606265,26.5,-5.660377358490567,2,2,False,False,True,1.792659,16.875825240606265,26.5,-5.660377358490567,2,2,False,False,True,2.095185,0.0,25.0,0.0,2,2,False,False
WL_0180,8755.13,2,warm,COST_MINIMIZATION,optimal,117.95,32.287035,60.0,"AWS, AZURE",False,16.586996,94.65269660642593,25.0,140.0,2,1,False,False,True,32.287035,0.0,60.0,0.0,2,2,False,False,True,32.608879,-0.9869827171918379,26.5,126.41509433962264,2,2,False,False,True,37.898039,-14.805525953466866,39.0,53.84615384615385,2,2,False,False
WL_0181,132.74,2,cold,COST_MINIMIZATION,infeasible,100.51,,,None,False,0.036831,inf,25.0,inf,2,1,False,False,True,0.067534,inf,60.0,inf,2,2,False,False,True,0.072254,inf,26.5,inf,2,2,False,False,True,0.069791,inf,64.0,inf,2,2,False,False
WL_0182,6.84,1,cold,COST_MINIMIZATION,optimal,99.21,0.001968,100.0,AWS,True,0.002095,-6.062052505966585,25.0,300.0,1,1,False,False,True,0.001968,0.0,100.0,0.0,1,1,False,False,True,0.002095,-6.062052505966585,25.0,300.0,1,1,False,False,True,0.002736,-28.07017543859649,22.0,354.54545454545456,1,1,False,False
WL_0183,4.46,1,hot,COST_MINIMIZATION,optimal,174.62,0.021692,28.0,AZURE,True,0.022334,-2.8745410584758675,25.0,12.0,1,1,False,False,True,0.021692,0.0,28.0,0.0,1,1,False,False,True,0.022334,-2.8745410584758675,25.0,12.0,1,1,False,False,True,0.021692,0.0,28.0,0.0,1,1,False,False
WL_0184,99.68,2,warm,COST_MINIMIZATION,optimal,70.0,0.603041,47.5,"AWS, AZURE",False,0.307355,96.20341299149194,25.0,90.0,2,1,False,False,False,0.60192,0.18623737373738017,75.0,-36.666666666666664,2,2,False,True,True,0.604393,-0.22369550937881627,26.5,79.24528301886792,2,2,False,False,True,0.603664,-0.10320310636379329,36.5,30.136986301369863,2,2,False,False
WL_0185,24.29,1,warm,COST_MINIMIZATION,infeasible,81.36,,,None,True,0.028383,inf,25.0,inf,1,1,False,False,True,0.027324,inf,50.0,inf,1,1,False,False,True,0.028383,inf,25.0,inf,1,1,False,False,True,0.027932,inf,100.0,inf,1,1,False,False
WL_0186,158.39,2,hot,LATENCY_MINIMIZATION,optimal,93.39,15.459466,25.0,"AZURE, GCP",False,6.722161,129.97762177966283,25.0,0.0,2,1,False,False,True,13.220976,16.931352118028205,26.5,-5.660377358490567,2,2,False,False,True,13.220976,16.931352118028205,26.5,-5.660377358490567,2,2,False,False,True,13.220976,16.931352118028205,26.5,-5.660377358490567,2,2,False,False
WL_0187,97.86,1,cold,COST_MINIMIZATION,optimal,70.91,0.008132,100.0,AWS,True,0.009947,-18.24670755001507,25.0,300.0,1,1,False,False,True,0.007745,4.996772111039382,20.0,400.0,1,1,False,False,True,0.009947,-18.24670755001507,25.0,300.0,1,1,False,False,True,0.008501,-4.34066580402305,50.0,100.0,1,1,False,False
WL_0188,32.83,1,hot,COST_MINIMIZATION,infeasible,69.7,,,None,True,0.68472,inf,25.0,inf,1,1,False,False,True,0.662315,inf,28.0,inf,1,1,False,False,True,0.68472,inf,25.0,inf,1,1,False,False,True,0.68472,inf,25.0,inf,1,1,False,False
WL_0189,6.98,1,cold,COST_MINIMIZATION,optimal,53.02,0.000403,100.0,AWS,True,0.000532,-24.24812030075189,25.0,300.0,1,1,False,False,True,0.000403,0.0,100.0,0.0,1,1,False,False,True,0.000532,-24.24812030075189,25.0,300.0,1,1,False,False,True,0.000448,-10.04464285714286,50.0,100.0,1,1,False,False
WL_0190,1.84,3,cold,LATENCY_MINIMIZATION,optimal,66.66,0.003098,22.33,"AWS, AZURE, GCP",False,0.000861,259.81416957026715,25.0,-10.680000000000007,3,1,False,False,True,0.002791,10.999641705481904,50.0,-55.34,3,3,False,False,True,0.002825,9.6637168141593,25.0,-10.680000000000007,3,3,False,False,True,0.002867,8.057202650854546,37.67,-40.72205999469074,3,3,False,False
WL_0191,15.55,1,cold,BALANCED,optimal,53.03,0.005102,22.0,GCP,True,0.003918,30.21949974476775,25.0,-12.0,1,1,False,False,True,0.003629,40.5896941306145,100.0,-78.0,1,1,False,False,True,0.003918,30.21949974476775,25.0,-12.0,1,1,False,False,True,0.004971,2.6352846509756596,40.0,-45.0,1,1,False,False
WL_0192,210.58,1,warm,MAX_REDUNDANCY,optimal,60.8,1.950497,25.0,"AWS, AZURE, GCP",True,0.591629,229.68245302377,25.0,0.0,1,1,False,False,True,0.569807,242.3083605501512,20.0,25.0,1,1,False,False,True,0.591629,229.68245302377,25.0,0.0,1,1,False,False,True,0.787194,147.77843835191834,22.0,13.636363636363635,1,1,False,False
WL_0193,58.28,1,cold,LATENCY_MINIMIZATION,infeasible,42.66,,,None,True,0.003877,inf,25.0,inf,1,1,False,False,True,0.002635,inf,20.0,inf,1,1,False,False,True,0.003877,inf,25.0,inf,1,1,False,False,True,0.004731,inf,22.0,inf,1,1,False,False
WL_0194,3.14,1,warm,LATENCY_MINIMIZATION,optimal,54.2,0.013107,20.0,AZURE,True,0.011015,18.99228325011348,25.0,-20.0,1,1,False,False,True,0.010719,22.27819759305907,28.0,-28.57142857142857,1,1,False,False,True,0.011015,18.99228325011348,25.0,-20.0,1,1,False,False,True,0.014877,-11.897559991933852,40.0,-50.0,1,1,False,False
WL_0195,53.7,2,cold,COST_MINIMIZATION,optimal,74.19,0.011554,60.0,"AWS, AZURE",False,0.00688,67.93604651162791,25.0,140.0,2,1,False,False,True,0.011554,0.0,60.0,0.0,2,2,False,False,True,0.013458,-14.147718828949321,26.5,126.41509433962264,2,2,False,False,True,0.011932,-3.1679517264498815,75.0,-20.0,2,2,False,False
WL_0196,82.08,1,warm,COST_MINIMIZATION,optimal,48.01,0.31831,50.0,AZURE,True,0.329653,-3.4408908761637216,25.0,100.0,1,1,False,False,True,0.31831,0.0,50.0,0.0,1,1,False,False,True,0.329653,-3.4408908761637216,25.0,100.0,1,1,False,False,True,0.43938,-27.55473621921799,50.0,0.0,1,1,False,False
WL_0197,6.48,2,warm,MAX_REDUNDANCY,optimal,67.17,0.019357,23.5,"AWS, GCP",False,0.00833,132.37695078031211,25.0,-6.0,2,1,False,False,True,0.01628,18.9004914004914,64.0,-63.28125,2,2,False,False,True,0.016401,18.023291262727888,26.5,-11.320754716981133,2,2,False,False,True,0.017179,12.678269980790496,22.5,4.444444444444445,2,2,False,False
WL_0198,51.65,1,cold,COST_MINIMIZATION,optimal,87.96,0.005013,20.0,AZURE,True,0.006163,-18.65974363134837,25.0,-20.0,1,1,False,False,True,0.005013,0.0,20.0,0.0,1,1,False,False,True,0.006163,-18.65974363134837,25.0,-20.0,1,1,False,False,True,0.007335,-31.656441717791413,40.0,-50.0,1,1,False,False
WL_0199,42.67,3,archival,MAX_REDUNDANCY,optimal,66.94,0.001091,48.33,"AWS, AZURE, GCP",False,0.000963,13.29179646936656,25.0,93.32,3,1,False,False,False,0.000382,185.6020942408377,56.67,-14.716781365802017,3,3,False,True,False,0.000382,185.6020942408377,56.67,-14.716781365802017,3,3,False,True,True,0.001529,-28.64617396991498,45.0,7.399999999999997,3,3,False,False
WL_0200,3.86,1,warm,BALANCED,optimal,52.07,0.009149,25.0,AWS,True,0.009149,0.0,25.0,0.0,1,1,False,False,True,0.00889,2.91338582677164,28.0,-10.714285714285714,1,1,False,False,True,0.009149,0.0,25.0,0.0,1,1,False,False,True,0.009149,0.0,25.0,0.0,1,1,False,False
WL_0201,77.68,1,warm,BALANCED,optimal,59.38,0.202962,20.0,AZURE,True,0.2095,-3.1207637231503527,25.0,-20.0,1,1,False,False,True,0.202019,0.46678777738727517,50.0,-60.0,1,1,False,False,True,0.2095,-3.1207637231503527,25.0,-20.0,1,1,False,False,True,0.278604,-27.150363957444977,50.0,-60.0,1,1,False,False
WL_0202,116.59,2,warm,MAX_REDUNDANCY,optimal,48.61,0.274891,25.0,"AWS, AZURE, GCP",False,0.083615,228.75799796687198,25.0,0.0,2,1,False,False,True,0.160483,71.28979393456007,60.0,-58.333333333333336,2,2,False,False,True,0.164293,67.31753635273566,26.5,-5.660377358490567,2,2,False,False,True,0.190094,44.60793081317663,75.0,-66.66666666666666,2,2,False,False
WL_0203,331.34,1,warm,COST_MINIMIZATION,optimal,54.6,1.123905,20.0,AZURE,True,1.166755,-3.6725790761556674,25.0,-20.0,1,1,False,False,True,1.123905,0.0,20.0,0.0,1,1,False,False,True,1.166755,-3.6725790761556674,25.0,-20.0,1,1,False,False,True,1.127477,-0.31681355805928907,28.0,-28.57142857142857,1,1,False,False
WL_0204,312.52,3,cold,COST_MINIMIZATION,optimal,86.81,0.211373,56.67,"AWS, AZURE, GCP",False,0.070209,201.06254183936537,25.0,126.68000000000002,3,1,False,False,True,0.211373,0.0,56.67,0.0,3,3,False,False,True,0.228911,-7.661492894618431,25.0,126.68000000000002,3,3,False,False,True,0.217519,-2.8255003011231135,47.33,19.733784069300665,3,3,False,False
WL_0205,2.42,1,warm,LATENCY_MINIMIZATION,optimal,72.21,0.007887,20.0,AZURE,True,0.006288,25.429389312977097,25.0,-20.0,1,1,False,False,True,0.00613,28.66231647634584,28.0,-28.57142857142857,1,1,False,False,True,0.006288,25.429389312977097,25.0,-20.0,1,1,False,False,True,0.007887,0.0,20.0,0.0,1,1,False,False
WL_0206,5.82,2,warm,COST_MINIMIZATION,optimal,60.62,0.025454,64.0,"AWS, AZURE",False,0.012977,96.14702935963628,25.0,156.0,2,1,False,False,True,0.025454,0.0,64.0,0.0,2,2,False,False,True,0.025562,-0.4225021516313295,26.5,141.50943396226415,2,2,False,False,True,0.030183,-15.667759997349503,23.5,172.3404255319149,2,2,False,False
WL_0207,106.39,1,cold,LATENCY_MINIMIZATION,optimal,47.22,0.019339,20.0,AZURE,True,0.02204,-12.254990925589846,25.0,-20.0,1,1,False,False,True,0.019339,0.0,20.0,0.0,1,1,False,False,True,0.02204,-12.254990925589846,25.0,-20.0,1,1,False,False,True,0.026557,-27.179274767481274,50.0,-60.0,1,1,False,False
WL_0208,106.13,1,hot,COST_MINIMIZATION,optimal,57.71,2.725842,28.0,AZURE,True,2.819378,-3.31761118941837,25.0,12.0,1,1,False,False,True,2.725842,0.0,28.0,0.0,1,1,False,False,True,2.819378,-3.31761118941837,25.0,12.0,1,1,False,False,True,2.725842,0.0,28.0,0.0,1,1,False,False
WL_0209,106.39,1,cold,LATENCY_MINIMIZATION,optimal,48.44,0.008415,20.0,AZURE,True,0.010814,-22.184205659330498,25.0,-20.0,1,1,False,False,True,0.008415,0.0,20.0,0.0,1,1,False,False,True,0.010814,-22.184205659330498,25.0,-20.0,1,1,False,False,True,0.011536,-27.054438280166426,50.0,-60.0,1,1,False,False
WL_0210,51200.0,1,hot,LATENCY_MINIMIZATION,optimal,57.21,791.950852,22.0,GCP,True,594.250852,33.268778552798786,25.0,-12.0,1,1,False,False,True,574.371082,37.8813935482915,28.0,-21.428571428571427,1,1,False,False,True,594.250852,33.268778552798786,25.0,-12.0,1,1,False,False,True,791.950852,0.0,22.0,0.0,1,1,False,False
WL_0211,118.97,1,warm,MAX_REDUNDANCY,optimal,53.37,0.444467,28.0,AZURE,True,0.459879,-3.3513163245114432,25.0,12.0,1,1,False,False,True,0.443745,0.162706058659816,50.0,-44.0,1,1,False,False,True,0.459879,-3.3513163245114432,25.0,12.0,1,1,False,False,True,0.459026,-3.1717157633772355,45.0,-37.77777777777778,1,1,False,False
WL_0212,368.04,2,cold,MAX_REDUNDANCY,optimal,40.51,0.525807,25.0,"AWS, AZURE, GCP",False,0.160327,227.9591085718563,25.0,0.0,2,1,False,False,True,0.301512,74.3900740269044,60.0,-58.333333333333336,2,2,False,False,True,0.314803,67.02731549572273,26.5,-5.660377358490567,2,2,False,False,True,0.36548,43.86751669037977,25.0,0.0,2,2,False,False
WL_0213,255.97,3,cold,LATENCY_MINIMIZATION,optimal,40.95,0.153219,22.33,"AWS, AZURE, GCP",False,0.048507,215.86987445111015,25.0,-10.680000000000007,3,1,False,False,True,0.143437,6.819718761546871,56.67,-60.5964355037939,3,3,False,False,True,0.157798,-2.9018111763140215,25.0,-10.680000000000007,3,3,False,False,True,0.148469,3.199321070391802,47.33,-52.820621170504964,3,3,False,False
WL_0214,139.75,1,archival,LATENCY_MINIMIZATION,infeasible,54.31,,,None,True,0.003144,inf,25.0,inf,1,1,False,False,True,0.000286,inf,20.0,inf,1,1,False,False,True,0.000551,inf,100.0,inf,1,1,False,False,True,0.001784,inf,40.0,inf,1,1,False,False
WL_0215,20.22,2,cold,LATENCY_MINIMIZATION,optimal,49.09,0.01381,21.0,"AZURE, GCP",False,0.006158,124.26112374147449,25.0,-16.0,2,1,False,False,True,0.011539,19.681081549527676,75.0,-72.0,2,2,False,False,True,0.012088,14.245532759761744,26.5,-20.754716981132077,2,2,False,False,True,0.011539,19.681081549527676,75.0,-72.0,2,2,False,False
WL_0216,173.29,1,warm,LATENCY_MINIMIZATION,optimal,51.64,0.345049,20.0,AZURE,True,0.358923,-3.8654530358879198,25.0,-20.0,1,1,False,False,True,0.345049,0.0,20.0,0.0,1,1,False,False,True,0.358923,-3.8654530358879198,25.0,-20.0,1,1,False,False,True,0.345049,0.0,20.0,0.0,1,1,False,False
WL_0217,8.1,1,warm,BALANCED,optimal,71.96,0.004647,20.0,AZURE,True,0.004562,1.8632178868917142,25.0,-20.0,1,1,False,False,True,0.004397,5.685694791903575,50.0,-60.0,1,1,False,False,True,0.004562,1.8632178868917142,25.0,-20.0,1,1,False,False,True,0.004562,1.8632178868917142,25.0,-20.0,1,1,False,False
WL_0218,23.65,1,cold,COST_MINIMIZATION,infeasible,82.55,,,None,True,0.002411,inf,25.0,inf,1,1,False,False,True,0.001926,inf,20.0,inf,1,1,False,False,True,0.002411,inf,25.0,inf,1,1,False,False,True,0.001926,inf,20.0,inf,1,1,False,False
WL_0219,14.39,1,warm,MAX_REDUNDANCY,infeasible,112.75,,,None,True,0.047601,inf,25.0,inf,1,1,False,False,True,0.046066,inf,28.0,inf,1,1,False,False,True,0.047601,inf,25.0,inf,1,1,False,False,True,0.047767,inf,45.0,inf,1,1,False,False
WL_0220,44.74,1,archival,COST_MINIMIZATION,optimal,48.13,0.000487,20.0,AZURE,True,0.001403,-65.28866714183891,25.0,-20.0,1,1,False,False,True,0.000487,0.0,20.0,0.0,1,1,False,False,True,0.000573,-15.008726003490406,100.0,-80.0,1,1,False,False,True,0.000487,0.0,20.0,0.0,1,1,False,False
WL_0221,3890.81,1,warm,LATENCY_MINIMIZATION,optimal,48.01,2.057558,20.0,AZURE,True,2.20762,-6.797456083927473,25.0,-20.0,1,1,False,False,True,2.057558,0.0,20.0,0.0,1,1,False,False,True,2.20762,-6.797456083927473,25.0,-20.0,1,1,False,False,True,2.836758,-27.46797576670269,50.0,-60.0,1,1,False,False
WL_0222,0.91,3,cold,BALANCED,infeasible,58.85,,,None,False,0.000126,inf,25.0,inf,3,1,False,False,True,0.00039,inf,50.0,inf,3,3,False,False,True,0.000407,inf,25.0,inf,3,3,False,False,True,0.000417,inf,39.0,inf,3,3,False,False
WL_0223,149.84,1,warm,LATENCY_MINIMIZATION,optimal,48.3,0.196157,20.0,AZURE,True,0.204957,-4.293583532155527,25.0,-20.0,1,1,False,False,True,0.196157,0.0,20.0,0.0,1,1,False,False,True,0.204957,-4.293583532155527,25.0,-20.0,1,1,False,False,True,0.196157,0.0,20.0,0.0,1,1,False,False
WL_0224,1.51,1,archival,LATENCY_MINIMIZATION,optimal,62.67,3.5e-05,20.0,AZURE,True,5.3e-05,-33.962264150943405,25.0,-20.0,1,1,False,False,False,2.5e-05,39.99999999999998,100.0,-80.0,1,1,False,True,False,2.5e-05,39.99999999999998,100.0,-80.0,1,1,False,True,False,3.6e-05,-2.777777777777789,50.0,-60.0,1,1,False,True
WL_0225,14.78,1,cold,COST_MINIMIZATION,infeasible,59.97,,,None,True,0.000598,inf,25.0,inf,1,1,False,False,True,0.000306,inf,20.0,inf,1,1,False,False,True,0.000598,inf,25.0,inf,1,1,False,False,True,0.000323,inf,100.0,inf,1,1,False,False
WL_0226,335.28,1,warm,COST_MINIMIZATION,optimal,75.6,0.274791,20.0,AZURE,True,0.290479,-5.40073464863208,25.0,-20.0,1,1,False,False,True,0.274791,0.0,20.0,0.0,1,1,False,False,True,0.290479,-5.40073464863208,25.0,-20.0,1,1,False,False,True,0.277042,-0.8125121822683936,50.0,-60.0,1,1,False,False
WL_0227,43.19,1,hot,COST_MINIMIZATION,optimal,70.26,1.508377,28.0,AZURE,True,1.55962,-3.285608032725916,25.0,12.0,1,1,False,False,True,1.508377,0.0,28.0,0.0,1,1,False,False,True,1.55962,-3.285608032725916,25.0,12.0,1,1,False,False,True,1.508377,0.0,28.0,0.0,1,1,False,False
WL_0228,4.4,2,hot,LATENCY_MINIMIZATION,optimal,60.5,0.119461,23.5,"AWS, GCP",False,0.051333,132.71774492042155,25.0,-6.0,2,1,False,False,True,0.101204,18.03980079838741,26.5,-11.320754716981133,2,2,False,False,True,0.101204,18.03980079838741,26.5,-11.320754716981133,2,2,False,False,True,0.101204,18.03980079838741,26.5,-11.320754716981133,2,2,False,False
WL_0229,9.08,1,cold,BALANCED,optimal,83.66,0.002792,20.0,AZURE,True,0.002857,-2.2751137556877827,25.0,-20.0,1,1,False,False,True,0.002688,3.8690476190476324,100.0,-80.0,1,1,False,False,True,0.002857,-2.2751137556877827,25.0,-20.0,1,1,False,False,True,0.002754,1.3798111837327625,28.0,-28.57142857142857,1,1,False,False
WL_0230,147.86,2,archival,MAX_REDUNDANCY,optimal,46.8,0.009662,25.0,"AWS, AZURE, GCP",False,0.003326,190.49909801563442,25.0,0.0,2,1,False,False,True,0.000673,1335.661218424963,35.0,-28.57142857142857,2,2,False,False,True,0.000884,992.9864253393665,60.0,-58.333333333333336,2,2,False,False,True,0.002189,341.3887619917771,30.0,-16.666666666666664,2,2,False,False
WL_0231,8.81,1,cold,COST_MINIMIZATION,infeasible,61.62,,,None,True,0.00067,inf,25.0,inf,1,1,False,False,True,0.000507,inf,100.0,inf,1,1,False,False,True,0.00067,inf,25.0,inf,1,1,False,False,True,0.00067,inf,25.0,inf,1,1,False,False
WL_0232,58.56,2,cold,COST_MINIMIZATION,optimal,68.96,0.013609,60.0,"AWS, AZURE",False,0.008016,69.77295409181636,25.0,140.0,2,1,False,False,True,0.013609,0.0,60.0,0.0,2,2,False,False,True,0.015686,-13.241106719367584,26.5,126.41509433962264,2,2,False,False,True,0.014695,-7.390268798911196,22.5,166.66666666666669,2,2,False,False
WL_0233,41.6,1,warm,COST_MINIMIZATION,optimal,77.29,0.133696,50.0,AZURE,True,0.138298,-3.3275969283720626,25.0,100.0,1,1,False,False,True,0.133696,0.0,50.0,0.0,1,1,False,False,True,0.138298,-3.3275969283720626,25.0,100.0,1,1,False,False,True,0.138298,-3.3275969283720626,25.0,100.0,1,1,False,False
WL_0234,10.32,1,warm,COST_MINIMIZATION,optimal,96.74,0.039958,25.0,AWS,True,0.039958,0.0,25.0,0.0,1,1,False,False,True,0.038696,3.2613189993797786,28.0,-10.714285714285714,1,1,False,False,True,0.039958,0.0,25.0,0.0,1,1,False,False,True,0.053107,-24.759447907055566,22.0,13.636363636363635,1,1,False,False
WL_0235,2765.41,2,warm,BALANCED,infeasible,39.73,,,None,False,10.34356,inf,25.0,inf,2,1,True,False,False,20.239138,inf,60.0,inf,2,2,True,False,False,20.338546,inf,26.5,inf,2,2,True,False,False,24.086179,inf,33.5,inf,2,2,True,False
WL_0236,134.95,1,cold,BALANCED,infeasible,43.56,,,None,False,0.027952,inf,25.0,inf,1,1,True,False,False,0.02449,inf,20.0,inf,1,1,True,False,False,0.027952,inf,25.0,inf,1,1,True,False,False,0.02449,inf,20.0,inf,1,1,True,False
WL_0237,0.66,1,warm,COST_MINIMIZATION,optimal,59.61,0.002263,100.0,AWS,True,0.002275,-0.5274725274725403,25.0,300.0,1,1,False,False,True,0.002263,0.0,100.0,0.0,1,1,False,False,True,0.002275,-0.5274725274725403,25.0,300.0,1,1,False,False,True,0.002563,-11.705033164260644,45.0,122.22222222222223,1,1,False,False
WL_0238,55.14,1,warm,BALANCED,infeasible,70.86,,,None,True,0.070154,inf,25.0,inf,1,1,False,False,True,0.067365,inf,50.0,inf,1,1,False,False,True,0.070154,inf,25.0,inf,1,1,False,False,True,0.067365,inf,50.0,inf,1,1,False,False
WL_0239,10.11,1,cold,COST_MINIMIZATION,infeasible,68.61,,,None,True,0.00166,inf,25.0,inf,1,1,False,False,False,0.001473,inf,100.0,inf,1,1,False,True,True,0.00166,inf,25.0,inf,1,1,False,False,False,0.001571,inf,45.0,inf,1,1,False,True
WL_0240,208.91,1,cold,BALANCED,optimal,54.6,0.080599,20.0,AZURE,True,0.087348,-7.726565004350405,25.0,-20.0,1,1,False,False,True,0.080599,0.0,20.0,0.0,1,1,False,False,True,0.087348,-7.726565004350405,25.0,-20.0,1,1,False,False,True,0.083471,-3.4407159372716265,100.0,-80.0,1,1,False,False
WL_0241,7.78,2,warm,BALANCED,optimal,63.88,0.008005,22.5,"AWS, AZURE",False,0.003969,101.68808264046359,25.0,-10.0,2,1,False,False,True,0.007639,4.791203037046734,75.0,-70.0,2,2,False,False,True,0.007805,2.5624599615630963,26.5,-15.09433962264151,2,2,False,False,True,0.009049,-11.537186429439714,61.0,-63.114754098360656,2,2,False,False
WL_0242,30.19,1,cold,LATENCY_MINIMIZATION,infeasible,43.36,,,None,True,0.002278,inf,25.0,inf,1,1,False,False,True,0.00165,inf,20.0,inf,1,1,False,False,True,0.002278,inf,25.0,inf,1,1,False,False,True,0.002522,inf,40.0,inf,1,1,False,False
WL_0243,104.27,1,cold,COST_MINIMIZATION,infeasible,62.51,,,None,True,0.012433,inf,25.0,inf,1,1,False,False,True,0.010033,inf,20.0,inf,1,1,False,False,True,0.012433,inf,25.0,inf,1,1,False,False,True,0.014786,inf,40.0,inf,1,1,False,False
WL_0244,214.56,1,hot,COST_MINIMIZATION,optimal,48.64,1.133226,28.0,AZURE,True,1.172489,-3.348688132681827,25.0,12.0,1,1,False,False,True,1.133226,0.0,28.0,0.0,1,1,False,False,True,1.172489,-3.348688132681827,25.0,12.0,1,1,False,False,True,1.56158,-27.430807259314278,22.0,27.27272727272727,1,1,False,False
WL_0245,3.44,1,warm,COST_MINIMIZATION,optimal,58.82,0.004007,28.0,AZURE,True,0.004124,-2.8370514064015495,25.0,12.0,1,1,False,False,True,0.004007,0.0,28.0,0.0,1,1,False,False,True,0.004124,-2.8370514064015495,25.0,12.0,1,1,False,False,True,0.00601,-33.32778702163061,50.0,-44.0,1,1,False,False
WL_0246,19.45,1,warm,LATENCY_MINIMIZATION,infeasible,61.27,,,None,True,0.053983,inf,25.0,inf,1,1,False,False,True,0.052217,inf,28.0,inf,1,1,False,False,True,0.053983,inf,25.0,inf,1,1,False,False,True,0.071766,inf,22.0,inf,1,1,False,False
WL_0247,14.69,1,archival,BALANCED,optimal,61.33,4.6e-05,50.0,GCP,True,0.000335,-86.26865671641791,25.0,100.0,1,1,False,False,True,4.2e-05,9.52380952380953,20.0,150.0,1,1,False,False,False,6.2e-05,-25.80645161290323,100.0,-50.0,1,1,False,True,True,4.2e-05,9.52380952380953,20.0,150.0,1,1,False,False
WL_0248,10.28,1,warm,COST_MINIMIZATION,optimal,49.81,0.039975,28.0,AZURE,True,0.041278,-3.156645186297799,25.0,12.0,1,1,False,False,True,0.039975,0.0,28.0,0.0,1,1,False,False,True,0.041278,-3.156645186297799,25.0,12.0,1,1,False,False,True,0.039975,0.0,28.0,0.0,1,1,False,False
WL_0249,1297.2,2,cold,MAX_REDUNDANCY,optimal,45.44,1.627289,25.0,"AWS, AZURE, GCP",False,0.496612,227.67814712491844,25.0,0.0,2,1,False,False,True,0.927236,75.49890211337782,60.0,-58.333333333333336,2,2,False,False,True,0.974862,66.92506221393387,26.5,-5.660377358490567,2,2,False,False,True,0.951305,71.0585984516007,22.5,11.11111111111111,2,2,False,False
WL_0250,85.37,2,warm,MAX_REDUNDANCY,infeasible,51.88,,,None,False,0.154368,inf,25.0,inf,2,1,False,False,True,0.301287,inf,75.0,inf,2,2,False,False,True,0.303511,inf,26.5,inf,2,2,False,False,True,0.353644,inf,36.0,inf,2,2,False,False
WL_0251,3.05,1,warm,BALANCED,optimal,43.8,0.004625,25.0,AWS,True,0.004625,0.0,25.0,0.0,1,1,False,False,True,0.004499,2.800622360524547,28.0,-10.714285714285714,1,1,False,False,True,0.004625,0.0,25.0,0.0,1,1,False,False,True,0.006109,-24.292028155180883,22.0,13.636363636363635,1,1,False,False
WL_0252,238.12,2,warm,COST_MINIMIZATION,optimal,40.15,0.908623,60.0,"AWS, AZURE",False,0.465921,95.01653713827022,25.0,140.0,2,1,False,False,True,0.908623,0.0,60.0,0.0,2,2,False,False,True,0.916022,-0.8077316920336024,26.5,126.41509433962264,2,2,False,False,True,0.909433,-0.08906648428197442,75.0,-20.0,2,2,False,False
WL_0253,2647.49,1,cold,MAX_REDUNDANCY,optimal,32.74,2.476393,25.0,"AWS, AZURE, GCP",True,0.757552,226.89412739983524,25.0,0.0,1,1,False,False,True,0.68018,264.0790673057132,20.0,25.0,1,1,False,False,True,0.757552,226.89412739983524,25.0,0.0,1,1,False,False,True,0.937383,164.18155652492098,50.0,-50.0,1,1,False,False
WL_0254,299.46,2,cold,COST_MINIMIZATION,optimal,67.78,0.074337,60.0,"AWS, AZURE",False,0.043585,70.55638407709075,25.0,140.0,2,1,False,False,True,0.074337,0.0,60.0,0.0,2,2,False,False,True,0.085301,-12.853307698620181,26.5,126.41509433962264,2,2,False,False,True,0.082243,-9.612976180343612,36.5,64.38356164383562,2,2,False,False
WL_0255,1.82,1,cold,COST_MINIMIZATION,infeasible,57.01,,,None,True,0.000554,inf,25.0,inf,1,1,False,False,True,0.00052,inf,100.0,inf,1,1,False,False,True,0.000554,inf,25.0,inf,1,1,False,False,True,0.000725,inf,40.0,inf,1,1,False,False
WL_0256,14.42,2,warm,LATENCY_MINIMIZATION,infeasible,44.74,,,None,False,0.030128,inf,25.0,inf,2,1,False,False,True,0.05901,inf,64.0,inf,2,2,False,False,True,0.059277,inf,26.5,inf,2,2,False,False,True,0.06022,inf,60.0,inf,2,2,False,False
WL_0257,478.61,1,hot,LATENCY_MINIMIZATION,infeasible,74.53,,,None,False,12.564891,inf,25.0,inf,1,1,True,False,False,12.145978,inf,28.0,inf,1,1,True,False,False,12.564891,inf,25.0,inf,1,1,True,False,False,12.564891,inf,25.0,inf,1,1,True,False
WL_0258,9.22,1,archival,LATENCY_MINIMIZATION,optimal,50.01,3.1e-05,20.0,AZURE,True,0.000212,-85.37735849056604,25.0,-20.0,1,1,False,False,True,3.1e-05,0.0,20.0,0.0,1,1,False,False,True,4.1e-05,-24.39024390243902,100.0,-80.0,1,1,False,False,True,3.1e-05,0.0,20.0,0.0,1,1,False,False
WL_0259,92.27,1,warm,LATENCY_MINIMIZATION,optimal,52.66,0.144153,20.0,AZURE,True,0.149783,-3.7587710220786046,25.0,-20.0,1,1,False,False,False,0.143963,0.13197835554968687,50.0,-60.0,1,1,False,True,True,0.149783,-3.7587710220786046,25.0,-20.0,1,1,False,False,True,0.149783,-3.7587710220786046,25.0,-20.0,1,1,False,False
WL_0260,178.81,1,cold,COST_MINIMIZATION,infeasible,60.59,,,None,False,0.077909,inf,25.0,inf,1,1,True,False,False,0.072083,inf,20.0,inf,1,1,True,False,False,0.077909,inf,25.0,inf,1,1,True,False,False,0.100822,inf,40.0,inf,1,1,True,False
WL_0261,5.95,1,cold,BALANCED,optimal,50.09,0.002192,20.0,AZURE,True,0.002141,2.3820644558617388,25.0,-20.0,1,1,False,False,False,0.00203,7.980295566502453,100.0,-80.0,1,1,False,True,True,0.002141,2.3820644558617388,25.0,-20.0,1,1,False,False,True,0.002864,-23.463687150837988,50.0,-60.0,1,1,False,False
WL_0262,33.72,1,warm,COST_MINIMIZATION,optimal,48.96,0.032925,50.0,AZURE,True,0.034314,-4.047910473859051,25.0,100.0,1,1,False,False,True,0.032925,0.0,50.0,0.0,1,1,False,False,True,0.034314,-4.047910473859051,25.0,100.0,1,1,False,False,True,0.034314,-4.047910473859051,25.0,100.0,1,1,False,False
WL_0263,0.06,2,cold,COST_MINIMIZATION,infeasible,55.29,,,None,False,5e-05,inf,25.0,inf,2,1,False,False,True,0.000106,inf,64.0,inf,2,2,False,False,True,0.000107,inf,26.5,inf,2,2,False,False,True,0.000189,inf,47.5,inf,2,2,False,False
WL_0264,4.9,1,archival,MAX_REDUNDANCY,optimal,47.61,0.000336,25.0,"AWS, AZURE, GCP",True,0.000115,192.17391304347825,25.0,0.0,1,1,False,False,True,2.2e-05,1427.2727272727273,50.0,-50.0,1,1,False,False,True,2.4e-05,1300.0,100.0,-75.0,1,1,False,False,True,2.3e-05,1360.8695652173913,20.0,25.0,1,1,False,False
WL_0265,22.92,1,cold,LATENCY_MINIMIZATION,optimal,64.36,0.008924,20.0,AZURE,True,0.009405,-5.114300903774593,25.0,-20.0,1,1,False,False,True,0.008883,0.46155578070470976,50.0,-60.0,1,1,False,False,True,0.009405,-5.114300903774593,25.0,-20.0,1,1,False,False,True,0.009207,-3.0737482350385608,45.0,-55.55555555555556,1,1,False,False
WL_0266,3.13,1,hot,MAX_REDUNDANCY,optimal,49.38,0.381185,25.0,"AWS, AZURE, GCP",True,0.115544,229.90462507789243,25.0,0.0,1,1,False,False,True,0.112493,238.8521952477043,28.0,-10.714285714285714,1,1,False,False,True,0.115544,229.90462507789243,25.0,0.0,1,1,False,False,True,0.153149,148.8981318846352,22.0,13.636363636363635,1,1,False,False
WL_0267,994.14,1,hot,COST_MINIMIZATION,infeasible,50.28,,,None,False,21.107644,inf,25.0,inf,1,1,True,False,False,20.403137,inf,28.0,inf,1,1,True,False,False,21.107644,inf,25.0,inf,1,1,True,False,False,20.403137,inf,28.0,inf,1,1,True,False
WL_0268,2.17,1,cold,LATENCY_MINIMIZATION,optimal,56.03,9.2e-05,20.0,AZURE,True,0.000112,-17.857142857142854,25.0,-20.0,1,1,False,False,True,7.2e-05,27.777777777777775,100.0,-80.0,1,1,False,False,True,0.000112,-17.857142857142854,25.0,-20.0,1,1,False,False,True,7.2e-05,27.777777777777775,100.0,-80.0,1,1,False,False
WL_0269,15.75,1,hot,MAX_REDUNDANCY,optimal,48.63,0.785442,25.0,"AWS, AZURE, GCP",True,0.238065,229.9275407976813,25.0,0.0,1,1,False,False,True,0.230443,240.84003419500698,28.0,-10.714285714285714,1,1,False,False,True,0.238065,229.9275407976813,25.0,0.0,1,1,False,False,True,0.230443,240.84003419500698,28.0,-10.714285714285714,1,1,False,False
WL_0270,49.33,1,cold,COST_MINIMIZATION,infeasible,65.47,,,None,True,0.01283,inf,25.0,inf,1,1,False,False,True,0.011601,inf,20.0,inf,1,1,False,False,True,0.01283,inf,25.0,inf,1,1,False,False,True,0.016272,inf,40.0,inf,1,1,False,False
WL_0271,678.31,1,warm,COST_MINIMIZATION,optimal,64.6,2.000033,100.0,AWS,True,2.012619,-0.625354326874573,25.0,300.0,1,1,False,False,True,1.934308,3.3978559774348374,20.0,400.0,1,1,False,False,True,2.012619,-0.625354326874573,25.0,300.0,1,1,False,False,True,1.944647,2.8481261637716337,28.0,257.14285714285717,1,1,False,False
WL_0272,2.15,2,cold,MAX_REDUNDANCY,optimal,60.33,0.001048,25.0,"AWS, AZURE, GCP",False,0.000323,224.45820433436538,25.0,0.0,2,1,False,False,True,0.000592,77.02702702702705,75.0,-66.66666666666666,2,2,False,False,True,0.000636,64.77987421383651,26.5,-5.660377358490567,2,2,False,False,True,0.000724,44.75138121546962,25.0,0.0,2,2,False,False
WL_0273,388.92,2,cold,LATENCY_MINIMIZATION,infeasible,44.85,,,None,False,0.03609,inf,25.0,inf,2,1,True,False,False,0.056133,inf,60.0,inf,2,2,True,False,False,0.070435,inf,26.5,inf,2,2,True,False,False,0.072465,inf,21.0,inf,2,2,True,False
WL_0274,38.77,2,archival,COST_MINIMIZATION,optimal,50.79,0.000922,60.0,"AWS, AZURE",False,0.001217,-24.23993426458505,25.0,140.0,2,1,False,False,True,0.000922,0.0,60.0,0.0,2,2,False,False,True,0.000922,0.0,60.0,0.0,2,2,False,False,True,0.001235,-25.34412955465587,75.0,-20.0,2,2,False,False
WL_0275,5.33,2,cold,COST_MINIMIZATION,optimal,48.37,0.004712,75.0,"AWS, AZURE",False,0.002446,92.64104660670483,25.0,200.0,2,1,False,False,True,0.004712,0.0,75.0,0.0,2,2,False,False,True,0.004813,-2.098483274464981,26.5,183.0188679245283,2,2,False,False,True,0.005631,-16.320369383768423,42.5,76.47058823529412,2,2,False,False
WL_0276,95.7,2,cold,MAX_REDUNDANCY,infeasible,47.46,,,None,False,0.024876,inf,25.0,inf,2,1,True,False,False,0.04543,inf,60.0,inf,2,2,True,False,False,0.048795,inf,26.5,inf,2,2,True,False,False,0.053863,inf,30.0,inf,2,2,True,False
WL_0277,56.55,1,warm,COST_MINIMIZATION,optimal,64.96,0.061838,50.0,AZURE,True,0.064476,-4.091444878714573,25.0,100.0,1,1,False,False,True,0.061838,0.0,50.0,0.0,1,1,False,False,True,0.064476,-4.091444878714573,25.0,100.0,1,1,False,False,True,0.064476,-4.091444878714573,25.0,100.0,1,1,False,False
WL_0278,11.43,1,cold,BALANCED,optimal,51.79,0.00159,20.0,AZURE,True,0.001775,-10.422535211267608,25.0,-20.0,1,1,False,False,True,0.001563,1.7274472168906023,100.0,-80.0,1,1,False,False,True,0.001775,-10.422535211267608,25.0,-20.0,1,1,False,False,True,0.002278,-30.201931518876208,22.0,-9.090909090909092,1,1,False,False
WL_0279,43.67,1,warm,LATENCY_MINIMIZATION,optimal,50.82,0.022008,20.0,AZURE,True,0.023276,-5.4476714212064,25.0,-20.0,1,1,False,False,True,0.022008,0.0,20.0,0.0,1,1,False,False,True,0.023276,-5.4476714212064,25.0,-20.0,1,1,False,False,False,0.030099,-26.88129173726702,50.0,-60.0,1,1,False,True
WL_0280,17.57,2,cold,COST_MINIMIZATION,optimal,56.48,0.014212,47.5,"AWS, AZURE",False,0.007373,92.75735792757358,25.0,90.0,2,1,False,False,False,0.014029,1.3044408011975257,75.0,-36.666666666666664,2,2,False,True,True,0.014485,-1.8847083189506315,26.5,79.24528301886792,2,2,False,False,True,0.016921,-16.009692098575723,33.5,41.7910447761194,2,2,False,False
WL_0281,47.66,1,cold,MAX_REDUNDANCY,optimal,44.4,0.012811,25.0,"AWS, AZURE, GCP",True,0.00401,219.4763092269327,25.0,0.0,1,1,False,False,True,0.002986,329.03549899531146,20.0,25.0,1,1,False,False,True,0.00401,219.4763092269327,25.0,0.0,1,1,False,False,True,0.004071,214.68926553672313,50.0,-50.0,1,1,False,False
WL_0282,142.78,1,hot,COST_MINIMIZATION,infeasible,55.07,,,None,False,3.887932,inf,25.0,inf,1,1,True,False,False,3.758742,inf,28.0,inf,1,1,True,False,False,3.887932,inf,25.0,inf,1,1,True,False,False,5.182171,inf,22.0,inf,1,1,True,False
WL_0283,906.05,1,cold,MAX_REDUNDANCY,infeasible,43.75,,,None,False,0.139811,inf,25.0,inf,1,1,True,False,False,0.117348,inf,20.0,inf,1,1,True,False,False,0.139811,inf,25.0,inf,1,1,True,False,False,0.133886,inf,28.0,inf,1,1,True,False
WL_0284,3.19,1,hot,COST_MINIMIZATION,optimal,62.32,0.083762,28.0,AZURE,True,0.086047,-2.6555254686392264,25.0,12.0,1,1,False,False,True,0.083762,0.0,28.0,0.0,1,1,False,False,True,0.086047,-2.6555254686392264,25.0,12.0,1,1,False,False,True,0.114058,-26.56192463483491,22.0,27.27272727272727,1,1,False,False
WL_0285,2705.72,1,cold,LATENCY_MINIMIZATION,optimal,62.08,0.764118,20.0,AZURE,True,0.845556,-9.631295857400339,25.0,-20.0,1,1,False,False,True,0.764118,0.0,20.0,0.0,1,1,False,False,True,0.845556,-9.631295857400339,25.0,-20.0,1,1,False,False,True,0.813588,-6.080473163320995,28.0,-28.57142857142857,1,1,False,False
WL_0286,0.77,1,cold,COST_MINIMIZATION,optimal,74.69,0.000305,100.0,AWS,True,0.000319,-4.388714733542325,25.0,300.0,1,1,False,False,True,0.000305,0.0,100.0,0.0,1,1,False,False,True,0.000319,-4.388714733542325,25.0,300.0,1,1,False,False,True,0.000595,-48.73949579831933,50.0,100.0,1,1,False,False
WL_0287,28.04,1,hot,BALANCED,infeasible,44.26,,,None,True,0.353428,inf,25.0,inf,1,1,False,False,True,0.341888,inf,28.0,inf,1,1,False,False,True,0.353428,inf,25.0,inf,1,1,False,False,True,0.470719,inf,22.0,inf,1,1,False,False
WL_0288,123.19,1,cold,COST_MINIMIZATION,optimal,63.16,0.00236,20.0,AZURE,True,0.004938,-52.207371405427295,25.0,-20.0,1,1,False,False,True,0.00236,0.0,20.0,0.0,1,1,False,False,True,0.004938,-52.207371405427295,25.0,-20.0,1,1,False,False,True,0.003681,-35.8869872317305,45.0,-55.55555555555556,1,1,False,False
WL_0289,66.62,2,cold,COST_MINIMIZATION,infeasible,45.06,,,None,False,0.006189,inf,25.0,inf,2,1,False,False,False,0.009676,inf,60.0,inf,2,2,False,True,True,0.012081,inf,26.5,inf,2,2,False,False,False,0.012625,inf,42.5,inf,2,2,False,True
WL_0290,10.93,1,hot,LATENCY_MINIMIZATION,optimal,47.34,0.586077,22.0,GCP,True,0.440358,33.09103047974601,25.0,-12.0,1,1,False,False,True,0.426558,37.39679011998368,28.0,-21.428571428571427,1,1,False,False,True,0.440358,33.09103047974601,25.0,-12.0,1,1,False,False,True,0.426558,37.39679011998368,28.0,-21.428571428571427,1,1,False,False
WL_0291,25.05,1,archival,COST_MINIMIZATION,optimal,50.45,0.000281,20.0,AZURE,True,0.000788,-64.34010152284264,25.0,-20.0,1,1,False,False,True,0.000281,0.0,20.0,0.0,1,1,False,False,False,0.000323,-13.003095975232196,100.0,-80.0,1,1,False,True,True,0.000482,-41.70124481327801,50.0,-60.0,1,1,False,False
WL_0292,14.17,1,hot,COST_MINIMIZATION,optimal,48.28,0.38669,28.0,AZURE,True,0.399396,-3.181303768690722,25.0,12.0,1,1,False,False,True,0.38669,0.0,28.0,0.0,1,1,False,False,True,0.399396,-3.181303768690722,25.0,12.0,1,1,False,False,True,0.399396,-3.181303768690722,25.0,12.0,1,1,False,False
WL_0293,11.69,2,cold,LATENCY_MINIMIZATION,optimal,61.36,0.007597,21.0,"AZURE, GCP",False,0.003361,126.03391847664386,25.0,-16.0,2,1,False,False,False,0.006293,20.72143651676465,75.0,-72.0,2,2,False,True,True,0.006598,15.14095180357684,26.5,-20.754716981132077,2,2,False,False,True,0.007748,-1.9488900361383596,23.5,-10.638297872340425,2,2,False,False
WL_0294,207.73,1,hot,COST_MINIMIZATION,optimal,56.11,6.170237,28.0,AZURE,True,6.382595,-3.3271420166875703,25.0,12.0,1,1,False,False,True,6.170237,0.0,28.0,0.0,1,1,False,False,True,6.382595,-3.3271420166875703,25.0,12.0,1,1,False,False,True,8.507816,-27.475664729937737,22.0,27.27272727272727,1,1,False,False
WL_0295,77.56,1,cold,LATENCY_MINIMIZATION,optimal,50.97,0.006819,20.0,AZURE,True,0.008568,-20.413165266106432,25.0,-20.0,1,1,False,False,True,0.006819,0.0,20.0,0.0,1,1,False,False,True,0.008568,-20.413165266106432,25.0,-20.0,1,1,False,False,True,0.009339,-26.98361708962415,50.0,-60.0,1,1,False,False
WL_0296,9.5,1,warm,COST_MINIMIZATION,optimal,80.28,0.03778,28.0,AZURE,True,0.039002,-3.133172657812422,25.0,12.0,1,1,False,False,True,0.03778,0.0,28.0,0.0,1,1,False,False,True,0.039002,-3.133172657812422,25.0,12.0,1,1,False,False,True,0.051832,-27.110665226115145,22.0,27.27272727272727,1,1,False,False
WL_0297,229.58,1,warm,BALANCED,optimal,62.33,0.466367,20.0,AZURE,True,0.485544,-3.949590562338326,25.0,-20.0,1,1,False,False,True,0.466367,0.0,20.0,0.0,1,1,False,False,True,0.485544,-3.949590562338326,25.0,-20.0,1,1,False,False,True,0.645623,-27.76481011364217,22.0,-9.090909090909092,1,1,False,False
WL_0298,70.22,2,cold,LATENCY_MINIMIZATION,optimal,67.64,0.030261,21.0,"AZURE, GCP",False,0.013934,117.17381943447683,25.0,-16.0,2,1,False,False,False,0.024843,21.80896027049873,60.0,-65.0,2,2,False,True,True,0.027309,10.809623201142479,26.5,-20.754716981132077,2,2,False,False,True,0.031279,-3.254579749992012,33.5,-37.3134328358209,2,2,False,False
WL_0299,193.02,1,cold,COST_MINIMIZATION,infeasible,60.42,,,None,False,0.048458,inf,25.0,inf,1,1,True,False,False,0.043196,inf,20.0,inf,1,1,True,False,False,0.048458,inf,25.0,inf,1,1,True,False,False,0.061296,inf,40.0,inf,1,1,True,False
WL_0300,133.8,1,archival,MAX_REDUNDANCY,infeasible,42.56,,,None,True,0.00301,inf,25.0,inf,1,1,False,False,True,0.000274,inf,20.0,inf,1,1,False,False,True,0.000528,inf,100.0,inf,1,1,False,False,True,0.001643,inf,45.0,inf,1,1,False,False
WL_0301,7.24,1,warm,COST_MINIMIZATION,optimal,59.96,0.007871,28.0,AZURE,True,0.008128,-3.1619094488189012,25.0,12.0,1,1,False,False,True,0.007871,0.0,28.0,0.0,1,1,False,False,True,0.008128,-3.1619094488189012,25.0,12.0,1,1,False,False,True,0.011212,-29.79843025330004,50.0,-44.0,1,1,False,False
WL_0302,12.39,1,warm,LATENCY_MINIMIZATION,infeasible,66.71,,,None,True,0.042116,inf,25.0,inf,1,1,False,False,True,0.04077,inf,28.0,inf,1,1,False,False,True,0.042116,inf,25.0,inf,1,1,False,False,True,0.04077,inf,28.0,inf,1,1,False,False
WL_0303,169.3,3,warm,COST_MINIMIZATION,optimal,52.42,0.434188,29.0,"AWS, AZURE, GCP",False,0.133309,225.70044033036027,25.0,16.0,3,1,False,False,False,0.429742,1.0345742329118415,56.67,-48.82653961531675,3,3,False,True,True,0.438412,-0.963477277081833,25.0,16.0,3,3,False,False,True,0.438412,-0.963477277081833,25.0,16.0,3,3,False,False
WL_0304,128.74,1,warm,LATENCY_MINIMIZATION,optimal,50.73,0.353652,20.0,AZURE,True,0.366314,-3.4565973454467893,25.0,-20.0,1,1,False,False,True,0.353039,0.17363520744167932,50.0,-60.0,1,1,False,False,True,0.366314,-3.4565973454467893,25.0,-20.0,1,1,False,False,True,0.366314,-3.4565973454467893,25.0,-20.0,1,1,False,False
WL_0305,36.42,1,warm,COST_MINIMIZATION,optimal,58.98,0.050197,50.0,AZURE,True,0.052145,-3.7357368875251673,25.0,100.0,1,1,False,False,True,0.050197,0.0,50.0,0.0,1,1,False,False,True,0.052145,-3.7357368875251673,25.0,100.0,1,1,False,False,True,0.050387,-0.3770813900410873,28.0,78.57142857142857,1,1,False,False
WL_0306,48.02,2,warm,MAX_REDUNDANCY,optimal,61.86,0.224045,23.5,"AWS, GCP",False,0.096194,132.90953697735824,25.0,-6.0,2,1,False,False,False,0.188031,19.15322473421935,75.0,-68.66666666666667,2,2,False,True,True,0.189158,18.44331194028273,26.5,-11.320754716981133,2,2,False,False,True,0.220943,1.403982022512591,39.0,-39.743589743589745,2,2,False,False
WL_0307,489.01,2,warm,BALANCED,infeasible,58.02,,,None,False,0.780429,inf,25.0,inf,2,1,True,False,False,1.517267,inf,60.0,inf,2,2,True,False,False,1.534193,inf,26.5,inf,2,2,True,False,False,1.817302,inf,23.5,inf,2,2,True,False
WL_0308,11.63,1,warm,LATENCY_MINIMIZATION,optimal,64.18,0.029025,22.0,GCP,True,0.021868,32.72818730565209,25.0,-12.0,1,1,False,False,True,0.021163,37.14974247507441,28.0,-21.428571428571427,1,1,False,False,True,0.021868,32.72818730565209,25.0,-12.0,1,1,False,False,False,0.021925,32.38312428734321,45.0,-51.11111111111111,1,1,False,True
WL_0309,113.44,1,cold,COST_MINIMIZATION,optimal,50.17,0.035164,20.0,AZURE,True,0.03846,-8.569942797711908,25.0,-20.0,1,1,False,False,True,0.035164,0.0,20.0,0.0,1,1,False,False,True,0.03846,-8.569942797711908,25.0,-20.0,1,1,False,False,True,0.049343,-28.735585594714546,40.0,-50.0,1,1,False,False
WL_0310,25.35,2,warm,COST_MINIMIZATION,infeasible,73.49,,,None,False,0.041456,inf,25.0,inf,2,1,False,False,True,0.081008,inf,75.0,inf,2,2,False,False,True,0.08153,inf,26.5,inf,2,2,False,False,True,0.095027,inf,34.0,inf,2,2,False,False
WL_0311,24.57,3,hot,COST_MINIMIZATION,infeasible,77.74,,,None,False,0.660849,inf,25.0,inf,3,1,False,False,True,2.180522,inf,25.0,inf,3,3,False,False,True,2.180522,inf,25.0,inf,3,3,False,False,True,2.180522,inf,25.0,inf,3,3,False,False
WL_0312,341.93,1,cold,LATENCY_MINIMIZATION,infeasible,65.54,,,None,False,0.079821,inf,25.0,inf,1,1,True,False,False,0.070559,inf,20.0,inf,1,1,True,False,False,0.079821,inf,25.0,inf,1,1,True,False,False,0.097133,inf,50.0,inf,1,1,True,False
WL_0313,197.93,3,warm,COST_MINIMIZATION,optimal,50.55,2.003804,66.67,"AWS, AZURE, GCP",False,0.610043,228.46930462278888,25.0,166.68,3,1,False,False,True,2.003804,0.0,66.67,0.0,3,3,False,False,True,2.011374,-0.3763596427118902,25.0,166.68,3,3,False,False,True,2.008,-0.2089641434262882,37.67,76.9843376692328,3,3,False,False
WL_0314,193.27,3,cold,COST_MINIMIZATION,optimal,47.88,0.260061,56.67,"AWS, AZURE, GCP",False,0.082507,215.19871041244986,25.0,126.68000000000002,3,1,False,False,True,0.260061,0.0,56.67,0.0,3,3,False,False,True,0.270554,-3.8783385202214826,25.0,126.68000000000002,3,3,False,False,True,0.261408,-0.5152864487697344,66.67,-14.999250037498124,3,3,False,False
WL_0315,516.99,1,warm,LATENCY_MINIMIZATION,optimal,51.11,1.668409,20.0,AZURE,True,1.733959,-3.7803662024303915,25.0,-20.0,1,1,False,False,True,1.668409,0.0,20.0,0.0,1,1,False,False,True,1.733959,-3.7803662024303915,25.0,-20.0,1,1,False,False,True,2.307994,-27.711727153536792,22.0,-9.090909090909092,1,1,False,False
WL_0316,39.61,2,warm,COST_MINIMIZATION,infeasible,44.85,,,None,False,0.05181,inf,25.0,inf,2,1,False,False,True,0.100891,inf,75.0,inf,2,2,False,False,True,0.101865,inf,26.5,inf,2,2,False,False,True,0.101342,inf,47.5,inf,2,2,False,False
WL_0317,148.56,1,cold,COST_MINIMIZATION,optimal,47.5,0.004504,100.0,AWS,True,0.00726,-37.96143250688705,25.0,300.0,1,1,False,False,True,0.004109,9.613044536383558,20.0,400.0,1,1,False,False,True,0.00726,-37.96143250688705,25.0,300.0,1,1,False,False,True,0.005312,-15.21084337349397,50.0,100.0,1,1,False,False
WL_0318,20.42,1,warm,MAX_REDUNDANCY,optimal,49.19,0.101183,25.0,"AWS, AZURE, GCP",True,0.030718,229.39318966078523,25.0,0.0,1,1,False,False,True,0.029676,240.9590241272408,50.0,-50.0,1,1,False,False,True,0.030718,229.39318966078523,25.0,0.0,1,1,False,False,True,0.029697,240.71791763477788,28.0,-10.714285714285714,1,1,False,False
WL_0319,72.63,1,cold,LATENCY_MINIMIZATION,infeasible,43.8,,,None,False,0.020799,inf,25.0,inf,1,1,True,False,False,0.018862,inf,20.0,inf,1,1,True,False,False,0.020799,inf,25.0,inf,1,1,True,False,False,0.019302,inf,50.0,inf,1,1,True,False
WL_0320,29.28,1,warm,MAX_REDUNDANCY,optimal,46.56,0.06404,25.0,"AWS, AZURE, GCP",True,0.019485,228.66307415960995,25.0,0.0,1,1,False,False,True,0.018589,244.50481467534559,50.0,-50.0,1,1,False,False,True,0.019485,228.66307415960995,25.0,0.0,1,1,False,False,True,0.025747,148.72800714646368,22.0,13.636363636363635,1,1,False,False
WL_0321,46.11,1,cold,BALANCED,optimal,74.76,0.01006,20.0,AZURE,True,0.011182,-10.033983187265246,25.0,-20.0,1,1,False,False,True,0.01006,0.0,20.0,0.0,1,1,False,False,True,0.011182,-10.033983187265246,25.0,-20.0,1,1,False,False,False,0.013757,-26.87359162608127,50.0,-60.0,1,1,False,True
WL_0322,124.88,2,warm,MAX_REDUNDANCY,optimal,45.43,1.160626,25.0,"AWS, AZURE, GCP",False,0.352043,229.6830216763293,25.0,0.0,2,1,False,False,True,0.689004,68.44982032034648,75.0,-66.66666666666666,2,2,False,False,True,0.692237,67.66309804301127,26.5,-5.660377358490567,2,2,False,False,True,0.689004,68.44982032034648,75.0,-66.66666666666666,2,2,False,False
WL_0323,7.39,1,warm,MAX_REDUNDANCY,optimal,60.82,0.0273,22.5,"AWS, AZURE",True,0.013293,105.37124802527649,25.0,-10.0,1,1,False,False,True,0.012879,111.97297926857676,28.0,-19.642857142857142,1,1,False,False,True,0.013293,105.37124802527649,25.0,-10.0,1,1,False,False,False,0.013155,107.52565564424175,100.0,-77.5,1,1,False,True
WL_0324,2494.47,1,cold,LATENCY_MINIMIZATION,optimal,106.35,0.831675,20.0,AZURE,True,0.911086,-8.716081687129416,25.0,-20.0,1,1,False,False,True,0.831675,0.0,20.0,0.0,1,1,False,False,True,0.911086,-8.716081687129416,25.0,-20.0,1,1,False,False,True,1.196099,-30.467712120819428,22.0,-9.090909090909092,1,1,False,False
WL_0325,5.08,1,hot,MAX_REDUNDANCY,infeasible,70.1,,,None,True,0.044444,inf,25.0,inf,1,1,False,False,True,0.043146,inf,28.0,inf,1,1,False,False,True,0.044444,inf,25.0,inf,1,1,False,False,True,0.044444,inf,25.0,inf,1,1,False,False
WL_0326,3.35,1,warm,BALANCED,optimal,49.94,0.002572,25.0,AWS,True,0.002572,0.0,25.0,0.0,1,1,False,False,True,0.002497,3.0036043251902274,28.0,-10.714285714285714,1,1,False,False,True,0.002572,0.0,25.0,0.0,1,1,False,False,True,0.002556,0.6259780907668213,50.0,-50.0,1,1,False,False
WL_0327,385.01,1,warm,COST_MINIMIZATION,infeasible,53.27,,,None,False,1.284621,inf,25.0,inf,1,1,True,False,False,1.236645,inf,20.0,inf,1,1,True,False,False,1.284621,inf,25.0,inf,1,1,True,False,False,1.237843,inf,50.0,inf,1,1,True,False
WL_0328,185.0,2,cold,BALANCED,infeasible,85.65,,,None,False,0.044821,inf,25.0,inf,2,1,True,False,False,0.08122,inf,60.0,inf,2,2,True,False,False,0.087893,inf,26.5,inf,2,2,True,False,False,0.097731,inf,47.5,inf,2,2,True,False
WL_0329,132.33,1,warm,COST_MINIMIZATION,optimal,66.75,0.40565,50.0,AZURE,True,0.420737,-3.5858505432134606,25.0,100.0,1,1,False,False,True,0.40565,0.0,50.0,0.0,1,1,False,False,True,0.420737,-3.5858505432134606,25.0,100.0,1,1,False,False,True,0.559916,-27.551632744911732,22.0,127.27272727272727,1,1,False,False
WL_0330,133.45,2,archival,MAX_REDUNDANCY,optimal,44.98,0.006005,23.5,"AWS, GCP",False,0.003002,100.03331112591607,25.0,-6.0,2,1,False,False,True,0.000609,886.0426929392448,35.0,-32.857142857142854,2,2,False,False,True,0.0008,650.6249999999999,60.0,-60.83333333333333,2,2,False,False,True,0.003007,99.7006983704689,47.5,-50.526315789473685,2,2,False,False
WL_0331,37.06,1,cold,COST_MINIMIZATION,optimal,57.55,0.004263,20.0,AZURE,True,0.005077,-16.033090407721087,25.0,-20.0,1,1,False,False,True,0.004263,0.0,20.0,0.0,1,1,False,False,True,0.005077,-16.033090407721087,25.0,-20.0,1,1,False,False,True,0.005811,-26.639132679401133,50.0,-60.0,1,1,False,False
WL_0332,6.31,3,warm,COST_MINIMIZATION,infeasible,65.24,,,None,False,0.0236,inf,25.0,inf,3,1,False,False,True,0.0777,inf,50.0,inf,3,3,False,False,True,0.077817,inf,25.0,inf,3,3,False,False,True,0.080339,inf,22.33,inf,3,3,False,False
WL_0333,44.2,2,cold,COST_MINIMIZATION,infeasible,51.69,,,None,False,0.016557,inf,25.0,inf,2,1,False,False,True,0.031129,inf,60.0,inf,2,2,False,False,True,0.032508,inf,26.5,inf,2,2,False,False,True,0.036996,inf,39.0,inf,2,2,False,False
WL_0334,9.8,1,cold,COST_MINIMIZATION,optimal,54.47,0.003073,100.0,AWS,True,0.003255,-5.5913978494623615,25.0,300.0,1,1,False,False,True,0.003073,0.0,100.0,0.0,1,1,False,False,True,0.003255,-5.5913978494623615,25.0,300.0,1,1,False,False,True,0.00419,-26.658711217183768,40.0,150.0,1,1,False,False
WL_0335,267.01,1,warm,COST_MINIMIZATION,optimal,44.77,0.391937,20.0,AZURE,True,0.409754,-4.348218687309954,25.0,-20.0,1,1,False,False,True,0.391937,0.0,20.0,0.0,1,1,False,False,True,0.409754,-4.348218687309954,25.0,-20.0,1,1,False,False,True,0.539789,-27.390702663448124,50.0,-60.0,1,1,False,False
WL_0336,28.3,1,warm,BALANCED,optimal,48.14,0.078042,20.0,AZURE,True,0.079193,-1.4534112863510653,25.0,-20.0,1,1,False,False,True,0.076574,1.9170997988873468,28.0,-28.57142857142857,1,1,False,False,True,0.079193,-1.4534112863510653,25.0,-20.0,1,1,False,False,True,0.105312,-25.894484958979035,22.0,-9.090909090909092,1,1,False,False
WL_0337,7.29,2,hot,COST_MINIMIZATION,optimal,49.26,0.270967,26.5,"AWS, AZURE",False,0.137573,96.96233999403954,25.0,6.0,2,1,False,False,True,0.270967,0.0,26.5,0.0,2,2,False,False,True,0.270967,0.0,26.5,0.0,2,2,False,False,True,0.31631,-14.334987828396184,25.0,6.0,2,2,False,False
WL_0338,19.97,2,warm,BALANCED,optimal,53.23,0.032601,22.5,"AWS, AZURE",False,0.016478,97.84561233159363,25.0,-10.0,2,1,False,False,False,0.031921,2.1302590770965826,75.0,-70.0,2,2,False,True,True,0.032396,0.632794172120005,26.5,-15.09433962264151,2,2,False,False,True,0.032396,0.632794172120005,26.5,-15.09433962264151,2,2,False,False
WL_0339,86.74,1,warm,LATENCY_MINIMIZATION,infeasible,77.57,,,None,True,0.354461,inf,25.0,inf,1,1,False,False,True,0.342253,inf,50.0,inf,1,1,False,False,True,0.354461,inf,25.0,inf,1,1,False,False,True,0.352852,inf,100.0,inf,1,1,False,False
WL_0340,12.3,1,hot,MAX_REDUNDANCY,infeasible,55.55,,,None,True,0.121536,inf,25.0,inf,1,1,False,False,True,0.117685,inf,28.0,inf,1,1,False,False,True,0.121536,inf,25.0,inf,1,1,False,False,True,0.121536,inf,25.0,inf,1,1,False,False
WL_0341,7.33,1,cold,MAX_REDUNDANCY,infeasible,47.34,,,None,True,0.003223,inf,25.0,inf,1,1,False,False,False,0.003087,inf,100.0,inf,1,1,False,True,True,0.003223,inf,25.0,inf,1,1,False,False,False,0.00309,inf,50.0,inf,1,1,False,True
WL_0342,61.83,2,hot,MAX_REDUNDANCY,infeasible,58.43,,,None,False,1.365447,inf,25.0,inf,2,1,True,False,False,2.685786,inf,26.5,inf,2,2,True,False,False,2.685786,inf,26.5,inf,2,2,True,False,False,3.139929,inf,25.0,inf,2,2,True,False
WL_0343,61.99,1,cold,COST_MINIMIZATION,infeasible,41.88,,,None,True,0.00685,inf,25.0,inf,1,1,False,False,True,0.005466,inf,20.0,inf,1,1,False,False,True,0.00685,inf,25.0,inf,1,1,False,False,True,0.00685,inf,25.0,inf,1,1,False,False
WL_0344,13.78,1,warm,COST_MINIMIZATION,optimal,66.42,0.034819,28.0,AZURE,True,0.035981,-3.229482226730765,25.0,12.0,1,1,False,False,True,0.034819,0.0,28.0,0.0,1,1,False,False,True,0.035981,-3.229482226730765,25.0,12.0,1,1,False,False,True,0.035981,-3.229482226730765,25.0,12.0,1,1,False,False
WL_0345,14.81,3,warm,LATENCY_MINIMIZATION,optimal,68.28,0.194225,22.33,"AWS, AZURE, GCP",False,0.058134,234.09880620635087,25.0,-10.680000000000007,3,1,False,False,True,0.191428,1.4611237645485622,50.0,-55.34,3,3,False,False,True,0.191702,1.3161052049535202,25.0,-10.680000000000007,3,3,False,False,True,0.192503,0.8945315137945908,45.0,-50.37777777777778,3,3,False,False
WL_0346,60.41,1,archival,COST_MINIMIZATION,optimal,57.83,0.000651,20.0,AZURE,True,0.001893,-65.61014263074485,25.0,-20.0,1,1,False,False,True,0.000651,0.0,20.0,0.0,1,1,False,False,True,0.000772,-15.673575129533681,100.0,-80.0,1,1,False,False,True,0.00087,-25.17241379310345,50.0,-60.0,1,1,False,False
WL_0347,2.1,3,archival,COST_MINIMIZATION,infeasible,55.36,,,None,False,7.1e-05,inf,25.0,inf,3,1,False,False,True,0.000118,inf,56.67,inf,3,3,False,False,True,0.000118,inf,56.67,inf,3,3,False,False,True,0.000153,inf,48.33,inf,3,3,False,False
WL_0348,2.28,3,hot,COST_MINIMIZATION,optimal,48.9,0.236108,25.0,"AWS, AZURE, GCP",False,0.071575,229.87495633950402,25.0,0.0,3,1,False,False,True,0.236108,0.0,25.0,0.0,3,3,False,False,True,0.236108,0.0,25.0,0.0,3,3,False,False,True,0.236108,0.0,25.0,0.0,3,3,False,False
WL_0349,9.03,1,cold,MAX_REDUNDANCY,optimal,51.83,0.006922,23.5,"AWS, GCP",True,0.002998,130.88725817211477,25.0,-6.0,1,1,False,False,True,0.002831,144.50724125750617,100.0,-76.5,1,1,False,False,True,0.002998,130.88725817211477,25.0,-6.0,1,1,False,False,True,0.003909,77.07853671015606,50.0,-53.0,1,1,False,False
WL_0350,24.78,3,warm,BALANCED,optimal,57.23,0.315323,22.33,"AWS, AZURE, GCP",False,0.094933,232.15320278512218,25.0,-10.680000000000007,3,1,False,False,True,0.312589,0.8746309051182269,50.0,-55.34,3,3,False,False,True,0.313049,0.726403853709802,25.0,-10.680000000000007,3,3,False,False,True,0.313049,0.726403853709802,25.0,-10.680000000000007,3,3,False,False
WL_0351,70.73,1,hot,COST_MINIMIZATION,infeasible,55.81,,,None,False,1.011583,inf,25.0,inf,1,1,True,False,False,0.978084,inf,28.0,inf,1,1,True,False,False,1.011583,inf,25.0,inf,1,1,True,False,False,1.347897,inf,22.0,inf,1,1,True,False
WL_0352,726.16,2,hot,BALANCED,infeasible,56.03,,,None,False,17.262921,inf,25.0,inf,2,1,False,False,True,33.949926,inf,26.5,inf,2,2,False,False,True,33.949926,inf,26.5,inf,2,2,False,False,True,40.274127,inf,23.5,inf,2,2,False,False
WL_0353,211.11,1,archival,BALANCED,optimal,51.23,0.000425,20.0,AZURE,True,0.004747,-91.04697703812934,25.0,-20.0,1,1,False,False,True,0.000425,0.0,20.0,0.0,1,1,False,False,False,0.00083,-48.795180722891565,100.0,-80.0,1,1,False,True,True,0.000425,0.0,20.0,0.0,1,1,False,False
WL_0354,27.58,2,cold,LATENCY_MINIMIZATION,infeasible,69.4,,,None,False,0.012528,inf,25.0,inf,2,1,False,False,True,0.023869,inf,75.0,inf,2,2,False,False,True,0.024608,inf,26.5,inf,2,2,False,False,True,0.028772,inf,33.5,inf,2,2,False,False
WL_0355,36.56,2,hot,BALANCED,optimal,63.8,3.009247,26.5,"AWS, AZURE",False,1.529677,96.72434115175949,25.0,6.0,2,1,False,False,True,3.009247,0.0,26.5,0.0,2,2,False,False,True,3.009247,0.0,26.5,0.0,2,2,False,False,True,3.009247,0.0,26.5,0.0,2,2,False,False
WL_0356,5.11,2,warm,BALANCED,infeasible,46.98,,,None,False,0.003168,inf,25.0,inf,2,1,False,False,True,0.006141,inf,64.0,inf,2,2,False,False,True,0.006236,inf,26.5,inf,2,2,False,False,True,0.00724,inf,25.0,inf,2,2,False,False
WL_0357,36.6,2,hot,COST_MINIMIZATION,infeasible,46.9,,,None,False,1.185358,inf,25.0,inf,2,1,True,False,False,2.331875,inf,26.5,inf,2,2,True,False,False,2.331875,inf,26.5,inf,2,2,True,False,False,2.725926,inf,25.0,inf,2,2,True,False
WL_0358,21.32,1,warm,COST_MINIMIZATION,infeasible,56.34,,,None,True,0.088109,inf,25.0,inf,1,1,False,False,True,0.085233,inf,28.0,inf,1,1,False,False,True,0.088109,inf,25.0,inf,1,1,False,False,False,0.088285,inf,45.0,inf,1,1,False,True
WL_0359,72.42,2,warm,COST_MINIMIZATION,optimal,51.34,0.165336,75.0,"AWS, AZURE",False,0.085092,94.30263714567762,25.0,200.0,2,1,False,False,True,0.165336,0.0,75.0,0.0,2,2,False,False,True,0.167271,-1.15680542353426,26.5,183.0188679245283,2,2,False,False,True,0.196746,-15.964746424323744,42.5,76.47058823529412,2,2,False,False
WL_0360,7.26,1,warm,MAX_REDUNDANCY,optimal,50.05,0.067333,29.0,"AWS, AZURE, GCP",True,0.019826,239.61969131443564,25.0,16.0,1,1,False,False,True,0.019214,250.43718122202569,28.0,3.571428571428571,1,1,False,False,True,0.019826,239.61969131443564,25.0,16.0,1,1,False,False,True,0.019826,239.61969131443564,25.0,16.0,1,1,False,False
WL_0361,107.31,1,hot,COST_MINIMIZATION,optimal,37.3,4.217316,28.0,AZURE,True,4.361958,-3.3159879118505793,25.0,12.0,1,1,False,False,True,4.217316,0.0,28.0,0.0,1,1,False,False,True,4.361958,-3.3159879118505793,25.0,12.0,1,1,False,False,True,5.814141,-27.46450421481006,22.0,27.27272727272727,1,1,False,False
WL_0362,814.47,1,hot,LATENCY_MINIMIZATION,infeasible,55.62,,,None,False,4.685994,inf,25.0,inf,1,1,True,False,False,4.528781,inf,28.0,inf,1,1,True,False,False,4.685994,inf,25.0,inf,1,1,True,False,False,4.528781,inf,28.0,inf,1,1,True,False
WL_0363,30.56,1,hot,COST_MINIMIZATION,optimal,38.81,0.948042,28.0,AZURE,True,0.980038,-3.2647713660082482,25.0,12.0,1,1,False,False,True,0.948042,0.0,28.0,0.0,1,1,False,False,True,0.980038,-3.2647713660082482,25.0,12.0,1,1,False,False,True,1.305702,-27.392161457974325,22.0,27.27272727272727,1,1,False,False
WL_0364,84.82,1,warm,COST_MINIMIZATION,optimal,60.51,0.133086,50.0,AZURE,True,0.138441,-3.8680737642750334,25.0,100.0,1,1,False,False,True,0.133086,0.0,50.0,0.0,1,1,False,False,True,0.138441,-3.8680737642750334,25.0,100.0,1,1,False,False,True,0.183913,-27.636436793483867,22.0,127.27272727272727,1,1,False,False
WL_0365,151.01,2,hot,LATENCY_MINIMIZATION,infeasible,58.45,,,None,False,6.189999,inf,25.0,inf,2,1,True,False,False,12.174368,inf,26.5,inf,2,2,True,False,False,12.174368,inf,26.5,inf,2,2,True,False,False,14.441193,inf,23.5,inf,2,2,True,False
WL_0366,17.02,2,cold,LATENCY_MINIMIZATION,infeasible,48.59,,,None,False,0.007594,inf,25.0,inf,2,1,False,False,True,0.014481,inf,75.0,inf,2,2,False,False,True,0.014919,inf,26.5,inf,2,2,False,False,True,0.017081,inf,50.0,inf,2,2,False,False
WL_0367,59.46,1,warm,COST_MINIMIZATION,infeasible,50.5,,,None,True,0.249336,inf,25.0,inf,1,1,False,False,True,0.240958,inf,50.0,inf,1,1,False,False,True,0.249336,inf,25.0,inf,1,1,False,False,True,0.240958,inf,50.0,inf,1,1,False,False
WL_0368,38.95,2,cold,MAX_REDUNDANCY,optimal,42.02,0.0297,25.0,"AWS, AZURE, GCP",False,0.009105,226.19439868204284,25.0,0.0,2,1,False,False,True,0.016569,79.25040738728951,60.0,-58.333333333333336,2,2,False,False,True,0.017857,66.32133057064455,26.5,-5.660377358490567,2,2,False,False,True,0.020031,48.270181219110384,21.0,19.047619047619047,2,2,False,False
WL_0369,46.17,1,hot,LATENCY_MINIMIZATION,optimal,47.02,2.373343,22.0,GCP,True,1.780977,33.2607327326518,25.0,-12.0,1,1,False,False,True,1.722406,37.79230913036764,28.0,-21.428571428571427,1,1,False,False,True,1.780977,33.2607327326518,25.0,-12.0,1,1,False,False,True,2.373343,0.0,22.0,0.0,1,1,False,False
WL_0370,8.09,1,warm,COST_MINIMIZATION,infeasible,44.92,,,None,True,0.031046,inf,25.0,inf,1,1,False,False,True,0.030083,inf,28.0,inf,1,1,False,False,True,0.031046,inf,25.0,inf,1,1,False,False,True,0.043162,inf,50.0,inf,1,1,False,False
WL_0371,39.89,3,cold,COST_MINIMIZATION,infeasible,58.08,,,None,False,0.006868,inf,25.0,inf,3,1,False,False,True,0.020229,inf,56.67,inf,3,3,False,False,True,0.022308,inf,25.0,inf,3,3,False,False,True,0.021684,inf,22.33,inf,3,3,False,False
WL_0372,102.83,2,hot,COST_MINIMIZATION,infeasible,58.06,,,None,False,3.827951,inf,25.0,inf,2,1,True,False,False,7.52899,inf,26.5,inf,2,2,True,False,False,7.52899,inf,26.5,inf,2,2,True,False,False,8.803288,inf,25.0,inf,2,2,True,False
WL_0373,691.83,1,cold,LATENCY_MINIMIZATION,optimal,50.64,0.019017,20.0,AZURE,True,0.033787,-43.71503832835114,25.0,-20.0,1,1,False,False,True,0.019017,0.0,20.0,0.0,1,1,False,False,True,0.033787,-43.71503832835114,25.0,-20.0,1,1,False,False,True,0.033787,-43.71503832835114,25.0,-20.0,1,1,False,False
WL_0374,258.68,2,hot,LATENCY_MINIMIZATION,infeasible,44.21,,,None,False,7.244648,inf,25.0,inf,2,1,True,False,False,14.248072,inf,26.5,inf,2,2,True,False,False,14.248072,inf,26.5,inf,2,2,True,False,False,14.248072,inf,26.5,inf,2,2,True,False
WL_0375,2816.98,1,cold,MAX_REDUNDANCY,optimal,47.82,1.245943,25.0,"AWS, AZURE, GCP",True,0.385144,223.50056082919642,25.0,0.0,1,1,False,False,True,0.316733,293.37328285969573,20.0,25.0,1,1,False,False,True,0.385144,223.50056082919642,25.0,0.0,1,1,False,False,True,0.368366,238.2350705548286,28.0,-10.714285714285714,1,1,False,False
WL_0376,8.19,2,warm,LATENCY_MINIMIZATION,infeasible,71.71,,,None,False,0.007732,inf,25.0,inf,2,1,False,False,True,0.015064,inf,64.0,inf,2,2,False,False,True,0.015216,inf,26.5,inf,2,2,False,False,True,0.018556,inf,35.0,inf,2,2,False,False
WL_0377,217.39,1,warm,BALANCED,infeasible,43.91,,,None,False,0.165432,inf,25.0,inf,1,1,True,False,False,0.156168,inf,20.0,inf,1,1,True,False,False,0.165432,inf,25.0,inf,1,1,True,False,False,0.165432,inf,25.0,inf,1,1,True,False
WL_0378,54.8,2,warm,COST_MINIMIZATION,optimal,62.85,0.345572,75.0,"AWS, AZURE",False,0.17631,96.00249560433328,25.0,200.0,2,1,False,False,True,0.345572,0.0,75.0,0.0,2,2,False,False,True,0.346738,-0.3362769583950996,26.5,183.0188679245283,2,2,False,False,True,0.411311,-15.982796472742036,47.5,57.89473684210527,2,2,False,False
WL_0379,3031.04,1,warm,MAX_REDUNDANCY,optimal,36.92,17.956401,25.0,"AWS, AZURE, GCP",True,5.449497,229.50565896265286,25.0,0.0,1,1,False,False,True,5.209273,244.70070967676295,20.0,25.0,1,1,False,False,True,5.449497,229.50565896265286,25.0,0.0,1,1,False,False,True,5.263644,241.14011129932038,28.0,-10.714285714285714,1,1,False,False
WL_0380,7.54,1,warm,BALANCED,optimal,68.51,0.026785,20.0,AZURE,True,0.025333,5.7316543638732025,25.0,-20.0,1,1,False,False,True,0.024551,9.099425685308134,28.0,-28.57142857142857,1,1,False,False,True,0.025333,5.7316543638732025,25.0,-20.0,1,1,False,False,True,0.024892,7.604852964807965,50.0,-60.0,1,1,False,False
WL_0381,7.08,2,warm,COST_MINIMIZATION,optimal,66.25,0.009948,64.0,"AWS, AZURE",False,0.005123,94.18309584227991,25.0,156.0,2,1,False,False,True,0.009948,0.0,64.0,0.0,2,2,False,False,True,0.01008,-1.309523809523811,26.5,141.50943396226415,2,2,False,False,True,0.011719,-15.112210939499956,25.0,156.0,2,2,False,False
WL_0382,11.45,2,cold,COST_MINIMIZATION,optimal,103.83,0.00378,22.5,"AWS, AZURE",False,0.00198,90.9090909090909,25.0,-10.0,2,1,False,False,False,0.003568,5.941704035874438,60.0,-62.5,2,2,False,True,True,0.003882,-2.627511591962908,26.5,-15.09433962264151,2,2,False,False,False,0.00426,-11.267605633802816,45.0,-50.0,2,2,False,True
WL_0383,0.54,2,warm,LATENCY_MINIMIZATION,infeasible,83.64,,,None,False,0.001592,inf,25.0,inf,2,1,False,False,True,0.003177,inf,64.0,inf,2,2,False,False,True,0.003187,inf,26.5,inf,2,2,False,False,True,0.003649,inf,23.5,inf,2,2,False,False
WL_0384,13.27,2,warm,LATENCY_MINIMIZATION,optimal,57.66,0.112125,21.0,"AZURE, GCP",False,0.047797,134.58585266857753,25.0,-16.0,2,1,False,False,False,0.093816,19.51586083397289,64.0,-67.1875,2,2,False,True,True,0.094062,19.20329144606748,26.5,-20.754716981132077,2,2,False,False,True,0.112338,-0.18960636650108686,30.0,-30.0,2,2,False,False
WL_0385,8.32,1,warm,COST_MINIMIZATION,optimal,77.42,0.013968,28.0,AZURE,True,0.014424,-3.1613976705490834,25.0,12.0,1,1,False,False,True,0.013968,0.0,28.0,0.0,1,1,False,False,True,0.014424,-3.1613976705490834,25.0,12.0,1,1,False,False,True,0.013968,0.0,28.0,0.0,1,1,False,False
WL_0386,51.31,1,warm,LATENCY_MINIMIZATION,optimal,92.07,0.146748,20.0,AZURE,True,0.150629,-2.5765290880242335,25.0,-20.0,1,1,False,False,True,0.145448,0.8937902205599223,50.0,-60.0,1,1,False,False,True,0.150629,-2.5765290880242335,25.0,-20.0,1,1,False,False,True,0.200383,-26.76624264533419,22.0,-9.090909090909092,1,1,False,False
WL_0387,75.23,1,cold,MAX_REDUNDANCY,optimal,102.12,0.101006,25.0,"AWS, AZURE, GCP",True,0.030811,227.82447827074742,25.0,0.0,1,1,False,False,True,0.028583,253.37788195780712,20.0,25.0,1,1,False,False,True,0.030811,227.82447827074742,25.0,0.0,1,1,False,False,True,0.029687,240.23646714049914,28.0,-10.714285714285714,1,1,False,False
WL_0388,1618.73,1,archival,COST_MINIMIZATION,optimal,131.84,0.016934,20.0,AZURE,True,0.050591,-66.52764325670573,25.0,-20.0,1,1,False,False,True,0.016934,0.0,20.0,0.0,1,1,False,False,True,0.020556,-17.620159564117532,100.0,-80.0,1,1,False,False,True,0.039531,-57.16273304495205,40.0,-50.0,1,1,False,False
WL_0389,254.14,1,warm,BALANCED,optimal,104.21,0.334111,20.0,AZURE,True,0.349794,-4.483496000503154,25.0,-20.0,1,1,False,False,True,0.334111,0.0,20.0,0.0,1,1,False,False,True,0.349794,-4.483496000503154,25.0,-20.0,1,1,False,False,True,0.462102,-27.697564606948255,40.0,-50.0,1,1,False,False
WL_0390,11.98,1,cold,MAX_REDUNDANCY,optimal,98.6,0.001844,25.0,"AWS, AZURE, GCP",True,0.000591,212.01353637901855,25.0,0.0,1,1,False,False,True,0.000361,410.803324099723,20.0,25.0,1,1,False,False,True,0.000591,212.01353637901855,25.0,0.0,1,1,False,False,True,0.000444,315.3153153153153,50.0,-50.0,1,1,False,False
WL_0391,6.3,2,cold,LATENCY_MINIMIZATION,infeasible,109.98,,,None,False,0.002549,inf,25.0,inf,2,1,False,False,True,0.004879,inf,75.0,inf,2,2,False,False,True,0.005012,inf,26.5,inf,2,2,False,False,True,0.005944,inf,47.5,inf,2,2,False,False
WL_0392,101.58,2,hot,LATENCY_MINIMIZATION,optimal,134.38,1.244883,23.5,"AWS, GCP",False,0.533902,133.16694824143755,25.0,-6.0,2,1,False,False,True,1.049981,18.562431129706148,26.5,-11.320754716981133,2,2,False,False,True,1.049981,18.562431129706148,26.5,-11.320754716981133,2,2,False,False,True,1.22706,1.4524962104542503,25.0,-6.0,2,2,False,False
WL_0393,2.71,1,cold,COST_MINIMIZATION,optimal,104.58,0.001062,100.0,AWS,True,0.001112,-4.496402877697834,25.0,300.0,1,1,False,False,True,0.001062,0.0,100.0,0.0,1,1,False,False,True,0.001112,-4.496402877697834,25.0,300.0,1,1,False,False,True,0.001607,-33.91412570006223,50.0,100.0,1,1,False,False
WL_0394,1480.26,1,cold,BALANCED,optimal,132.79,0.342643,20.0,AZURE,True,0.384537,-10.894660331775627,25.0,-20.0,1,1,False,False,True,0.342643,0.0,20.0,0.0,1,1,False,False,True,0.384537,-10.894660331775627,25.0,-20.0,1,1,False,False,True,0.354646,-3.3845017284841896,50.0,-60.0,1,1,False,False
WL_0395,401.79,2,warm,COST_MINIMIZATION,optimal,199.24,3.28409,60.0,"AWS, AZURE",False,1.676141,95.93160718579163,25.0,140.0,2,1,False,False,True,3.28409,0.0,60.0,0.0,2,2,False,False,True,3.29594,-0.35953324393040886,26.5,126.41509433962264,2,2,False,False,True,3.904164,-15.882375842818083,33.5,79.1044776119403,2,2,False,False
WL_0396,14.86,1,warm,LATENCY_MINIMIZATION,optimal,97.33,0.054586,20.0,AZURE,True,0.054017,1.0533720865653406,25.0,-20.0,1,1,False,False,True,0.052275,4.420851267336204,28.0,-28.57142857142857,1,1,False,False,True,0.054017,1.0533720865653406,25.0,-20.0,1,1,False,False,True,0.052581,3.8131644510374465,50.0,-60.0,1,1,False,False
WL_0397,1.23,2,warm,LATENCY_MINIMIZATION,infeasible,94.8,,,None,False,0.005762,inf,25.0,inf,2,1,False,False,True,0.011404,inf,64.0,inf,2,2,False,False,True,0.011427,inf,26.5,inf,2,2,False,False,True,0.015697,inf,75.0,inf,2,2,False,False
WL_0398,569.52,1,archival,COST_MINIMIZATION,optimal,60.86,0.001125,20.0,AZURE,True,0.012797,-91.20887708056577,25.0,-20.0,1,1,False,False,True,0.001125,0.0,20.0,0.0,1,1,False,False,True,0.00223,-49.551569506726466,100.0,-80.0,1,1,False,False,True,0.001125,0.0,20.0,0.0,1,1,False,False
WL_0399,30.2,2,warm,COST_MINIMIZATION,infeasible,55.68,,,None,False,0.10579,inf,25.0,inf,2,1,False,False,False,0.207528,inf,64.0,inf,2,2,False,True,True,0.208088,inf,26.5,inf,2,2,False,False,False,0.24601,inf,70.0,inf,2,2,False,True
WL_0400,451.55,3,cold,COST_MINIMIZATION,optimal,75.12,0.282824,38.33,"AWS, AZURE, GCP",False,0.093499,202.4887966716222,25.0,53.31999999999999,3,1,False,False,False,0.279058,1.3495402389467592,56.67,-32.362802188106585,3,3,False,True,True,0.304532,-7.128314922569714,25.0,53.31999999999999,3,3,False,False,True,0.295577,-4.314611759372332,38.33,0.0,3,3,False,False
WL_0401,1.57,1,cold,COST_MINIMIZATION,infeasible,68.98,,,None,True,0.000394,inf,25.0,inf,1,1,False,False,True,0.000365,inf,100.0,inf,1,1,False,False,True,0.000394,inf,25.0,inf,1,1,False,False,True,0.000398,inf,45.0,inf,1,1,False,False
WL_0402,11.45,1,hot,COST_MINIMIZATION,infeasible,55.72,,,None,True,0.336932,inf,25.0,inf,1,1,False,False,True,0.326338,inf,28.0,inf,1,1,False,False,True,0.336932,inf,25.0,inf,1,1,False,False,True,0.326338,inf,28.0,inf,1,1,False,False
WL_0403,38.38,2,warm,BALANCED,optimal,75.3,0.350982,23.5,"AWS, GCP",False,0.150585,133.07899193146727,25.0,-6.0,2,1,False,False,True,0.295471,18.787292153883133,64.0,-63.28125,2,2,False,False,True,0.296184,18.501337006725553,26.5,-11.320754716981133,2,2,False,False,True,0.296184,18.501337006725553,26.5,-11.320754716981133,2,2,False,False
WL_0404,41.72,1,cold,LATENCY_MINIMIZATION,optimal,63.01,0.017795,20.0,AZURE,True,0.018935,-6.020596778452612,25.0,-20.0,1,1,False,False,True,0.017795,0.0,20.0,0.0,1,1,False,False,True,0.018935,-6.020596778452612,25.0,-20.0,1,1,False,False,True,0.018254,-2.5145173660567606,28.0,-28.57142857142857,1,1,False,False
WL_0405,15.44,1,cold,COST_MINIMIZATION,infeasible,57.51,,,None,True,0.005524,inf,25.0,inf,1,1,False,False,True,0.005204,inf,50.0,inf,1,1,False,False,True,0.005524,inf,25.0,inf,1,1,False,False,True,0.005524,inf,25.0,inf,1,1,False,False
WL_0406,131.99,1,hot,MAX_REDUNDANCY,optimal,67.65,9.121273,25.0,"AWS, AZURE, GCP",True,2.764392,229.9558456253672,25.0,0.0,1,1,False,False,True,2.672527,241.29769315707566,28.0,-10.714285714285714,1,1,False,False,True,2.764392,229.9558456253672,25.0,0.0,1,1,False,False,True,2.672527,241.29769315707566,28.0,-10.714285714285714,1,1,False,False
WL_0407,4.49,2,warm,COST_MINIMIZATION,infeasible,124.92,,,None,False,0.009683,inf,25.0,inf,2,1,False,False,True,0.018999,inf,64.0,inf,2,2,False,False,True,0.019082,inf,26.5,inf,2,2,False,False,True,0.019234,inf,36.5,inf,2,2,False,False
WL_0408,28.57,2,cold,BALANCED,infeasible,49.74,,,None,False,0.009952,inf,25.0,inf,2,1,False,False,True,0.018712,inf,60.0,inf,2,2,False,False,True,0.019538,inf,26.5,inf,2,2,False,False,True,0.02238,inf,36.0,inf,2,2,False,False
WL_0409,48.31,1,cold,LATENCY_MINIMIZATION,optimal,63.68,0.005528,20.0,AZURE,True,0.006615,-16.43235071806501,25.0,-20.0,1,1,False,False,True,0.005528,0.0,20.0,0.0,1,1,False,False,True,0.006615,-16.43235071806501,25.0,-20.0,1,1,False,False,True,0.005719,-3.339744710613747,100.0,-80.0,1,1,False,False
WL_0410,106.26,1,hot,LATENCY_MINIMIZATION,infeasible,67.51,,,None,True,0.934197,inf,25.0,inf,1,1,False,False,True,0.903103,inf,28.0,inf,1,1,False,False,True,0.934197,inf,25.0,inf,1,1,False,False,True,1.244585,inf,22.0,inf,1,1,False,False
WL_0411,157.64,1,warm,COST_MINIMIZATION,optimal,60.27,0.281707,20.0,AZURE,True,0.293237,-3.9319731138976457,25.0,-20.0,1,1,False,False,True,0.281707,0.0,20.0,0.0,1,1,False,False,True,0.293237,-3.9319731138976457,25.0,-20.0,1,1,False,False,False,0.290312,-2.9640524676899433,100.0,-80.0,1,1,False,True
WL_0412,4.01,1,warm,BALANCED,infeasible,81.01,,,None,True,0.006504,inf,25.0,inf,1,1,False,False,True,0.006315,inf,28.0,inf,1,1,False,False,True,0.006504,inf,25.0,inf,1,1,False,False,True,0.00661,inf,45.0,inf,1,1,False,False
WL_0413,1.77,1,archival,MAX_REDUNDANCY,infeasible,84.07,,,None,True,4.5e-05,inf,25.0,inf,1,1,False,False,True,1.2e-05,inf,100.0,inf,1,1,False,False,True,1.2e-05,inf,100.0,inf,1,1,False,False,True,1.6e-05,inf,20.0,inf,1,1,False,False
WL_0414,489.02,2,warm,MAX_REDUNDANCY,infeasible,70.24,,,None,False,0.67728,inf,25.0,inf,2,1,False,False,True,1.314252,inf,60.0,inf,2,2,False,False,True,1.331328,inf,26.5,inf,2,2,False,False,True,1.323325,inf,22.5,inf,2,2,False,False
WL_0415,73.82,3,hot,LATENCY_MINIMIZATION,optimal,59.53,1.481549,25.0,"AWS, AZURE, GCP",False,0.449157,229.85103204447444,25.0,0.0,3,1,False,False,True,1.481549,0.0,25.0,0.0,3,3,False,False,True,1.481549,0.0,25.0,0.0,3,3,False,False,True,1.481549,0.0,25.0,0.0,3,3,False,False
WL_0416,8.5,2,archival,MAX_REDUNDANCY,optimal,53.3,0.000571,25.0,"AWS, AZURE, GCP",False,0.000196,191.3265306122449,25.0,0.0,2,1,False,False,True,6e-05,851.6666666666665,35.0,-28.57142857142857,2,2,False,False,True,6.8e-05,739.7058823529411,60.0,-58.333333333333336,2,2,False,False,True,0.00013,339.2307692307693,50.0,-50.0,2,2,False,False
WL_0417,845.02,1,warm,LATENCY_MINIMIZATION,optimal,52.64,3.551782,20.0,AZURE,True,3.688203,-3.6988473790623755,25.0,-20.0,1,1,False,False,True,3.551782,0.0,20.0,0.0,1,1,False,False,True,3.688203,-3.6988473790623755,25.0,-20.0,1,1,False,False,True,4.911171,-27.679528975879684,22.0,-9.090909090909092,1,1,False,False
WL_0418,47.87,1,cold,LATENCY_MINIMIZATION,optimal,50.82,0.009196,20.0,AZURE,True,0.010344,-11.098221191028628,25.0,-20.0,1,1,False,False,True,0.009196,0.0,20.0,0.0,1,1,False,False,True,0.010344,-11.098221191028628,25.0,-20.0,1,1,False,False,True,0.009937,-7.456978967495223,28.0,-28.57142857142857,1,1,False,False
WL_0419,401.68,2,hot,BALANCED,infeasible,45.06,,,None,False,7.87967,inf,25.0,inf,2,1,True,False,False,15.49656,inf,26.5,inf,2,2,True,False,False,15.49656,inf,26.5,inf,2,2,True,False,False,15.49656,inf,26.5,inf,2,2,True,False
WL_0420,43.47,2,cold,COST_MINIMIZATION,infeasible,54.45,,,None,False,0.013985,inf,25.0,inf,2,1,False,False,True,0.026055,inf,60.0,inf,2,2,False,False,True,0.027449,inf,26.5,inf,2,2,False,False,True,0.027041,inf,37.5,inf,2,2,False,False
WL_0421,2341.51,1,warm,MAX_REDUNDANCY,optimal,53.0,10.204179,25.0,"AWS, AZURE, GCP",True,3.098482,229.3283291624737,25.0,0.0,1,1,False,False,True,2.949895,245.91668517015012,20.0,25.0,1,1,False,False,True,3.098482,229.3283291624737,25.0,0.0,1,1,False,False,True,3.074596,231.88682350461653,45.0,-44.44444444444444,1,1,False,False
WL_0422,1271.23,1,hot,LATENCY_MINIMIZATION,infeasible,58.28,,,None,False,53.371058,inf,25.0,inf,1,1,True,False,False,51.591181,inf,28.0,inf,1,1,True,False,False,53.371058,inf,25.0,inf,1,1,True,False,False,53.371058,inf,25.0,inf,1,1,True,False
WL_0423,23.08,2,cold,LATENCY_MINIMIZATION,optimal,60.19,0.019049,21.0,"AZURE, GCP",False,0.008452,125.37860861334597,25.0,-16.0,2,1,False,False,True,0.01597,19.279899812147764,75.0,-72.0,2,2,False,False,True,0.016595,14.78758662247666,26.5,-20.754716981132077,2,2,False,False,True,0.019112,-0.3296358308915893,61.0,-65.57377049180327,2,2,False,False
WL_0424,265.12,1,archival,MAX_REDUNDANCY,optimal,59.65,0.017312,25.0,"AWS, AZURE, GCP",True,0.00596,190.46979865771814,25.0,0.0,1,1,False,False,True,0.000531,3160.2636534839926,20.0,25.0,1,1,False,False,True,0.001041,1563.016330451489,100.0,-75.0,1,1,False,False,True,0.002706,539.7634885439763,50.0,-50.0,1,1,False,False
WL_0425,138.08,2,warm,COST_MINIMIZATION,optimal,72.42,0.568185,75.0,"AWS, AZURE",False,0.290866,95.3425288620877,25.0,200.0,2,1,False,False,True,0.568185,0.0,75.0,0.0,2,2,False,False,True,0.571888,-0.6475044064571911,26.5,183.0188679245283,2,2,False,False,True,0.569628,-0.25332322147084974,32.5,130.76923076923077,2,2,False,False
WL_0426,586.59,2,hot,LATENCY_MINIMIZATION,optimal,64.59,53.636025,23.5,"AWS, GCP",False,22.989163,133.31003829934997,25.0,-6.0,2,1,False,False,True,45.212075,18.63208003614078,26.5,-11.320754716981133,2,2,False,False,True,45.212075,18.63208003614078,26.5,-11.320754716981133,2,2,False,False,True,53.636025,0.0,23.5,0.0,2,2,False,False
WL_0427,5.51,1,warm,BALANCED,optimal,92.33,0.023447,25.0,AWS,True,0.023447,0.0,25.0,0.0,1,1,False,False,True,0.02275,3.0637362637362626,28.0,-10.714285714285714,1,1,False,False,True,0.023447,0.0,25.0,0.0,1,1,False,False,True,0.025648,-8.581565814098571,20.0,25.0,1,1,False,False
WL_0428,149.78,3,cold,COST_MINIMIZATION,infeasible,71.57,,,None,False,0.034973,inf,25.0,inf,3,1,False,False,True,0.105817,inf,56.67,inf,3,3,False,False,True,0.114078,inf,25.0,inf,3,3,False,False,True,0.112562,inf,31.67,inf,3,3,False,False
WL_0429,315.42,2,archival,COST_MINIMIZATION,optimal,77.82,0.007325,60.0,"AWS, AZURE",False,0.009862,-25.72500506996552,25.0,140.0,2,1,False,False,True,0.007325,0.0,60.0,0.0,2,2,False,False,True,0.007325,0.0,60.0,0.0,2,2,False,False,True,0.011115,-34.09806567701305,47.5,26.31578947368421,2,2,False,False
WL_0430,1.13,2,cold,LATENCY_MINIMIZATION,optimal,95.74,0.000342,21.0,"AZURE, GCP",False,0.000133,157.14285714285714,25.0,-16.0,2,1,False,False,True,0.000243,40.74074074074075,64.0,-67.1875,2,2,False,False,True,0.000264,29.54545454545454,26.5,-20.754716981132077,2,2,False,False,True,0.000299,14.381270903010037,42.5,-50.588235294117645,2,2,False,False
WL_0431,3.56,1,warm,MAX_REDUNDANCY,infeasible,75.23,,,None,True,0.01593,inf,25.0,inf,1,1,False,False,True,0.01549,inf,28.0,inf,1,1,False,False,True,0.01593,inf,25.0,inf,1,1,False,False,True,0.015864,inf,100.0,inf,1,1,False,False
WL_0432,0.64,1,cold,LATENCY_MINIMIZATION,optimal,91.26,0.000123,22.0,GCP,True,9.8e-05,25.510204081632665,25.0,-12.0,1,1,False,False,True,8.6e-05,43.02325581395349,100.0,-78.0,1,1,False,False,True,9.8e-05,25.510204081632665,25.0,-12.0,1,1,False,False,True,0.000175,-29.714285714285708,50.0,-56.00000000000001,1,1,False,False
WL_0433,22.16,2,cold,LATENCY_MINIMIZATION,optimal,100.19,0.021954,21.0,"AZURE, GCP",False,0.00968,126.79752066115707,25.0,-16.0,2,1,False,False,True,0.01843,19.120998372219226,75.0,-72.0,2,2,False,False,True,0.019015,15.456218774651594,26.5,-20.754716981132077,2,2,False,False,True,0.021674,1.2918704438497854,50.0,-57.99999999999999,2,2,False,False
WL_0434,159.52,2,cold,COST_MINIMIZATION,infeasible,114.75,,,None,False,0.049867,inf,25.0,inf,2,1,True,False,False,0.09217,inf,60.0,inf,2,2,True,True,False,0.097853,inf,26.5,inf,2,2,True,False,False,0.110239,inf,39.0,inf,2,2,True,True
WL_0435,766.45,1,cold,COST_MINIMIZATION,optimal,73.76,0.203578,20.0,AZURE,True,0.226061,-9.94554567130111,25.0,-20.0,1,1,False,False,True,0.203578,0.0,20.0,0.0,1,1,False,False,True,0.226061,-9.94554567130111,25.0,-20.0,1,1,False,False,True,0.280473,-27.416186228264383,50.0,-60.0,1,1,False,False
WL_0436,44.05,2,warm,COST_MINIMIZATION,optimal,73.61,0.214526,75.0,"AWS, AZURE",False,0.109567,95.7943541394763,25.0,200.0,2,1,False,False,True,0.214526,0.0,75.0,0.0,2,2,False,False,True,0.215475,-0.44042232277526644,26.5,183.0188679245283,2,2,False,False,True,0.214658,-0.06149316587315322,64.0,17.1875,2,2,False,False
WL_0437,986.62,2,cold,MAX_REDUNDANCY,optimal,62.61,0.408269,29.0,"AWS, AZURE, GCP",False,0.1349,202.64566345441065,25.0,16.0,2,1,False,False,False,0.22759,79.38793444351685,60.0,-51.66666666666667,2,2,False,True,True,0.263925,54.69129487543808,26.5,9.433962264150944,2,2,False,False,False,0.253922,60.78520175486961,37.5,-22.666666666666664,2,2,False,True
WL_0438,2.4,1,cold,COST_MINIMIZATION,optimal,67.05,0.00023,100.0,AWS,True,0.000274,-16.058394160583937,25.0,300.0,1,1,False,False,True,0.00023,0.0,100.0,0.0,1,1,False,False,True,0.000274,-16.058394160583937,25.0,300.0,1,1,False,False,True,0.000287,-19.86062717770034,20.0,400.0,1,1,False,False
WL_0439,1.26,1,cold,LATENCY_MINIMIZATION,optimal,36.51,0.000222,20.0,AZURE,True,0.000171,29.824561403508763,25.0,-20.0,1,1,False,False,True,0.000147,51.02040816326531,100.0,-80.0,1,1,False,False,True,0.000171,29.824561403508763,25.0,-20.0,1,1,False,False,True,0.00025,-11.200000000000001,50.0,-60.0,1,1,False,False
WL_0440,33.99,1,cold,LATENCY_MINIMIZATION,infeasible,54.93,,,None,True,0.003759,inf,25.0,inf,1,1,False,False,True,0.003032,inf,20.0,inf,1,1,False,False,True,0.003759,inf,25.0,inf,1,1,False,False,True,0.003259,inf,50.0,inf,1,1,False,False
WL_0441,81.87,3,cold,LATENCY_MINIMIZATION,optimal,41.21,0.096758,22.33,"AWS, AZURE, GCP",False,0.029924,223.34580938377226,25.0,-10.680000000000007,3,1,False,False,True,0.093784,3.1711166083766855,56.67,-60.5964355037939,3,3,False,False,True,0.098021,-1.2884994031891128,25.0,-10.680000000000007,3,3,False,False,True,0.094937,1.9181141177833756,63.33,-64.74024948681509,3,3,False,False
WL_0442,35.58,1,cold,MAX_REDUNDANCY,optimal,52.49,0.020934,25.0,"AWS, AZURE, GCP",True,0.006439,225.1125951234664,25.0,0.0,1,1,False,False,True,0.00564,271.1702127659575,20.0,25.0,1,1,False,False,True,0.006439,225.1125951234664,25.0,0.0,1,1,False,False,True,0.006179,238.79268490046934,28.0,-10.714285714285714,1,1,False,False
WL_0443,0.61,1,warm,COST_MINIMIZATION,optimal,93.28,0.000462,28.0,AZURE,True,0.000465,-0.6451612903225846,25.0,12.0,1,1,False,False,False,0.000454,1.762114537444941,100.0,-72.0,1,1,False,True,True,0.000465,-0.6451612903225846,25.0,12.0,1,1,False,False,True,0.000953,-51.52151101783839,50.0,-44.0,1,1,False,False
WL_0444,31.78,1,cold,LATENCY_MINIMIZATION,optimal,95.61,0.01336,20.0,AZURE,True,0.01415,-5.583038869257944,25.0,-20.0,1,1,False,False,True,0.01336,0.0,20.0,0.0,1,1,False,False,True,0.01415,-5.583038869257944,25.0,-20.0,1,1,False,False,True,0.013371,-0.0822675940468092,50.0,-60.0,1,1,False,False
WL_0445,2.8,3,cold,LATENCY_MINIMIZATION,optimal,124.63,0.004066,22.33,"AWS, AZURE, GCP",False,0.001172,246.92832764505118,25.0,-10.680000000000007,3,1,False,False,False,0.003789,7.3106360517286975,50.0,-55.34,3,3,False,True,True,0.003841,5.857849518354605,25.0,-10.680000000000007,3,3,False,False,False,0.00385,5.610389610389611,31.0,-27.967741935483875,3,3,False,True
WL_0446,144.95,1,archival,MAX_REDUNDANCY,optimal,141.28,0.004535,25.0,AWS,True,0.004535,0.0,25.0,0.0,1,1,False,False,True,0.001534,195.63233376792698,20.0,25.0,1,1,False,False,True,0.001846,145.66630552546044,100.0,-75.0,1,1,False,False,True,0.002718,66.85062545989699,50.0,-50.0,1,1,False,False
WL_0447,79.06,1,cold,COST_MINIMIZATION,optimal,60.86,0.033414,20.0,AZURE,True,0.035855,-6.807976572305114,25.0,-20.0,1,1,False,False,True,0.033414,0.0,20.0,0.0,1,1,False,False,True,0.035855,-6.807976572305114,25.0,-20.0,1,1,False,False,True,0.034558,-3.310376757914229,28.0,-28.57142857142857,1,1,False,False
WL_0448,5.8,1,warm,MAX_REDUNDANCY,optimal,49.57,0.022164,25.0,"AWS, AZURE, GCP",True,0.006733,229.18461309965838,25.0,0.0,1,1,False,False,True,0.006525,239.6781609195402,28.0,-10.714285714285714,1,1,False,False,True,0.006733,229.18461309965838,25.0,0.0,1,1,False,False,True,0.006607,235.46238837596488,50.0,-50.0,1,1,False,False
WL_0449,13.59,1,cold,COST_MINIMIZATION,infeasible,51.5,,,None,True,0.002827,inf,25.0,inf,1,1,False,False,False,0.002575,inf,100.0,inf,1,1,False,True,True,0.002827,inf,25.0,inf,1,1,False,False,False,0.003493,inf,50.0,inf,1,1,False,True
WL_0450,4.57,1,cold,COST_MINIMIZATION,optimal,55.72,0.001592,28.0,AZURE,True,0.001648,-3.3980582524271754,25.0,12.0,1,1,False,False,False,0.001563,1.8554062699936127,100.0,-72.0,1,1,False,True,True,0.001648,-3.3980582524271754,25.0,12.0,1,1,False,False,False,0.001563,1.8554062699936127,100.0,-72.0,1,1,False,True
WL_0451,33.51,1,cold,BALANCED,optimal,56.54,0.010269,20.0,AZURE,True,0.011078,-7.3027622314497105,25.0,-20.0,1,1,False,False,True,0.010269,0.0,20.0,0.0,1,1,False,False,True,0.011078,-7.3027622314497105,25.0,-20.0,1,1,False,False,True,0.010761,-4.5720657931418955,45.0,-55.55555555555556,1,1,False,False
WL_0452,256.55,2,warm,COST_MINIMIZATION,infeasible,64.77,,,None,False,0.274165,inf,25.0,inf,2,1,True,False,False,0.53013,inf,60.0,inf,2,2,True,True,False,0.538854,inf,26.5,inf,2,2,True,False,False,0.630604,inf,70.0,inf,2,2,True,True
WL_0453,5.29,2,cold,BALANCED,optimal,65.37,0.004196,22.5,"AWS, AZURE",False,0.002051,104.58313018039982,25.0,-10.0,2,1,False,False,True,0.003928,6.822810590631365,75.0,-70.0,2,2,False,False,True,0.004034,4.015865146256813,26.5,-15.09433962264151,2,2,False,False,True,0.004622,-9.216789268714844,70.0,-67.85714285714286,2,2,False,False
WL_0454,104.08,1,cold,COST_MINIMIZATION,optimal,64.37,0.010905,20.0,AZURE,True,0.013325,-18.161350844277678,25.0,-20.0,1,1,False,False,True,0.010905,0.0,20.0,0.0,1,1,False,False,True,0.013325,-18.161350844277678,25.0,-20.0,1,1,False,False,True,0.011697,-6.770966914593495,50.0,-60.0,1,1,False,False
WL_0455,13.15,1,archival,COST_MINIMIZATION,optimal,52.0,4.2e-05,50.0,GCP,True,0.0003,-86.0,25.0,100.0,1,1,False,False,True,3.9e-05,7.692307692307689,20.0,150.0,1,1,False,False,True,5.6e-05,-25.000000000000007,100.0,-50.0,1,1,False,False,True,0.000177,-76.27118644067798,40.0,25.0,1,1,False,False
WL_0456,7.78,1,warm,MAX_REDUNDANCY,optimal,56.76,0.066765,25.0,"AWS, AZURE, GCP",True,0.020254,229.63858990816627,25.0,0.0,1,1,False,False,True,0.019625,240.20382165605096,28.0,-10.714285714285714,1,1,False,False,True,0.020254,229.63858990816627,25.0,0.0,1,1,False,False,True,0.02011,231.9990054699155,100.0,-75.0,1,1,False,False
WL_0457,30.66,1,cold,COST_MINIMIZATION,optimal,55.85,0.008083,20.0,AZURE,True,0.00879,-8.043230944254828,25.0,-20.0,1,1,False,False,True,0.008083,0.0,20.0,0.0,1,1,False,False,True,0.00879,-8.043230944254828,25.0,-20.0,1,1,False,False,True,0.008221,-1.6786279041479046,100.0,-80.0,1,1,False,False
WL_0458,4.79,1,warm,COST_MINIMIZATION,optimal,66.22,0.013007,28.0,AZURE,True,0.013401,-2.940079098574735,25.0,12.0,1,1,False,False,True,0.013007,0.0,28.0,0.0,1,1,False,False,True,0.013401,-2.940079098574735,25.0,12.0,1,1,False,False,True,0.013613,-4.451627121134215,45.0,-37.77777777777778,1,1,False,False
WL_0459,12.55,1,cold,COST_MINIMIZATION,infeasible,45.41,,,None,True,0.000951,inf,25.0,inf,1,1,False,False,True,0.000716,inf,20.0,inf,1,1,False,False,True,0.000951,inf,25.0,inf,1,1,False,False,True,0.000904,inf,28.0,inf,1,1,False,False
WL_0460,3.46,2,warm,COST_MINIMIZATION,optimal,60.28,0.027291,64.0,"AWS, AZURE",False,0.013868,96.79117392558408,25.0,156.0,2,1,False,False,True,0.027291,0.0,64.0,0.0,2,2,False,False,True,0.027356,-0.2376078374031258,26.5,141.50943396226415,2,2,False,False,True,0.030035,-9.136007990677543,60.0,6.666666666666667,2,2,False,False
WL_0461,1932.38,1,warm,COST_MINIMIZATION,optimal,56.42,2.779562,20.0,AZURE,True,2.913771,-4.606024289486039,25.0,-20.0,1,1,False,False,True,2.779562,0.0,20.0,0.0,1,1,False,False,True,2.913771,-4.606024289486039,25.0,-20.0,1,1,False,False,True,2.794535,-0.5357957585072417,50.0,-60.0,1,1,False,False
WL_0462,40.76,1,hot,COST_MINIMIZATION,infeasible,43.65,,,None,True,0.389191,inf,25.0,inf,1,1,False,False,True,0.376373,inf,28.0,inf,1,1,False,False,True,0.389191,inf,25.0,inf,1,1,False,False,True,0.518381,inf,22.0,inf,1,1,False,False
WL_0463,9.37,1,cold,COST_MINIMIZATION,optimal,77.11,0.003681,50.0,AZURE,True,0.003862,-4.686690833764893,25.0,100.0,1,1,False,False,True,0.003681,0.0,50.0,0.0,1,1,False,False,True,0.003862,-4.686690833764893,25.0,100.0,1,1,False,False,True,0.005095,-27.75269872423945,50.0,0.0,1,1,False,False
WL_0464,58.27,1,hot,BALANCED,optimal,68.56,2.381298,28.0,AZURE,True,2.462519,-3.298289272082765,25.0,12.0,1,1,False,False,True,2.381298,0.0,28.0,0.0,1,1,False,False,True,2.462519,-3.298289272082765,25.0,12.0,1,1,False,False,True,2.462519,-3.298289272082765,25.0,12.0,1,1,False,False
WL_0465,30.34,1,warm,BALANCED,optimal,46.53,0.115811,20.0,AZURE,True,0.117484,-1.424023696843832,25.0,-20.0,1,1,False,False,True,0.11361,1.9373294604348161,28.0,-28.57142857142857,1,1,False,False,True,0.117484,-1.424023696843832,25.0,-20.0,1,1,False,False,True,0.157833,-26.624343451622924,50.0,-60.0,1,1,False,False
WL_0466,24.41,1,hot,LATENCY_MINIMIZATION,optimal,78.65,0.891979,25.0,AWS,True,0.891979,0.0,25.0,0.0,1,1,False,False,True,0.863027,3.3547038505168407,28.0,-10.714285714285714,1,1,False,False,True,0.891979,0.0,25.0,0.0,1,1,False,False,True,0.891979,0.0,25.0,0.0,1,1,False,False
WL_0467,129.72,1,cold,COST_MINIMIZATION,optimal,64.12,0.036851,20.0,AZURE,True,0.040556,-9.135516323108787,25.0,-20.0,1,1,False,False,True,0.036851,0.0,20.0,0.0,1,1,False,False,True,0.040556,-9.135516323108787,25.0,-20.0,1,1,False,False,True,0.038149,-3.402448294843903,100.0,-80.0,1,1,False,False
WL_0468,172.79,2,warm,COST_MINIMIZATION,optimal,111.79,0.890233,75.0,"AWS, AZURE",False,0.45511,95.60831447342402,25.0,200.0,2,1,False,False,True,0.890233,0.0,75.0,0.0,2,2,False,False,True,0.894865,-0.5176199761975235,26.5,183.0188679245283,2,2,False,False,True,1.042473,-14.603735540392886,30.0,150.0,2,2,False,False
WL_0469,13.15,1,cold,COST_MINIMIZATION,optimal,84.17,0.000748,20.0,AZURE,True,0.000996,-24.899598393574294,25.0,-20.0,1,1,False,False,True,0.000748,0.0,20.0,0.0,1,1,False,False,True,0.000996,-24.899598393574294,25.0,-20.0,1,1,False,False,True,0.00087,-14.022988505747131,45.0,-55.55555555555556,1,1,False,False
WL_0470,12.01,2,warm,LATENCY_MINIMIZATION,optimal,58.12,0.058649,21.0,"AZURE, GCP",False,0.025005,134.5490901819636,25.0,-16.0,2,1,False,False,True,0.048981,19.73826585818992,64.0,-67.1875,2,2,False,False,True,0.049204,19.1955938541582,26.5,-20.754716981132077,2,2,False,False,True,0.049276,19.021430310901856,36.5,-42.465753424657535,2,2,False,False
WL_0471,21.91,1,hot,COST_MINIMIZATION,infeasible,71.81,,,None,True,0.421128,inf,25.0,inf,1,1,False,False,True,0.407487,inf,28.0,inf,1,1,False,False,True,0.421128,inf,25.0,inf,1,1,False,False,True,0.56087,inf,22.0,inf,1,1,False,False
WL_0472,0.38,1,warm,MAX_REDUNDANCY,optimal,54.39,0.002204,25.0,"AWS, AZURE, GCP",True,0.00067,228.95522388059698,25.0,0.0,1,1,False,False,True,0.000663,232.4283559577677,100.0,-75.0,1,1,False,False,True,0.00067,228.95522388059698,25.0,0.0,1,1,False,False,True,0.001651,33.494851605087824,50.0,-50.0,1,1,False,False
WL_0473,1.83,2,warm,COST_MINIMIZATION,infeasible,51.24,,,None,False,0.006327,inf,25.0,inf,2,1,False,False,False,0.012479,inf,64.0,inf,2,2,False,True,True,0.012513,inf,26.5,inf,2,2,False,False,True,0.016705,inf,50.0,inf,2,2,False,False
WL_0474,584.53,1,hot,BALANCED,optimal,65.33,14.045289,25.0,AWS,True,14.045289,0.0,25.0,0.0,1,1,False,False,True,13.576831,3.45042226716971,28.0,-10.714285714285714,1,1,False,False,True,14.045289,0.0,25.0,0.0,1,1,False,False,True,18.722085,-24.98010237641801,22.0,13.636363636363635,1,1,False,False
WL_0475,1019.42,2,cold,BALANCED,optimal,84.94,0.150339,23.5,"AWS, GCP",False,0.067703,122.05662969144646,25.0,-6.0,2,1,False,False,True,0.09413,59.71422500796769,60.0,-60.83333333333333,2,2,False,False,True,0.131725,14.130954640349206,26.5,-11.320754716981133,2,2,False,False,True,0.129959,15.681868897113713,37.5,-37.333333333333336,2,2,False,False
WL_0476,23.08,2,cold,COST_MINIMIZATION,optimal,69.18,0.005023,60.0,"AWS, AZURE",False,0.002962,69.58136394328157,25.0,140.0,2,1,False,False,True,0.005023,0.0,60.0,0.0,2,2,False,False,True,0.005797,-13.351733655338974,26.5,126.41509433962264,2,2,False,False,True,0.006308,-20.370957514267605,61.0,-1.639344262295082,2,2,False,False
WL_0477,120.32,1,warm,COST_MINIMIZATION,optimal,64.91,0.366856,50.0,AZURE,True,0.380464,-3.5766853105681506,25.0,100.0,1,1,False,False,True,0.366856,0.0,50.0,0.0,1,1,False,False,True,0.380464,-3.5766853105681506,25.0,100.0,1,1,False,False,True,0.379529,-3.3391387746390895,45.0,11.11111111111111,1,1,False,False
WL_0478,70.78,2,cold,LATENCY_MINIMIZATION,optimal,62.8,0.008934,21.0,"AZURE, GCP",False,0.004707,89.80242192479282,25.0,-16.0,2,1,False,False,True,0.006584,35.692588092345076,60.0,-65.0,2,2,False,False,True,0.009161,-2.4778954262635247,26.5,-20.754716981132077,2,2,False,False,True,0.008251,8.277784510968363,30.0,-30.0,2,2,False,False
WL_0479,17940.54,3,warm,LATENCY_MINIMIZATION,optimal,45.76,226.15426,22.33,"AWS, AZURE, GCP",False,68.678892,229.29223727138753,25.0,-10.680000000000007,3,1,False,False,True,225.464315,0.3060107316760945,56.67,-60.5964355037939,3,3,False,False,True,226.480903,-0.14422540517688526,25.0,-10.680000000000007,3,3,False,False,True,225.970664,0.08124771452633972,29.0,-23.000000000000007,3,3,False,False
WL_0480,356.45,3,warm,LATENCY_MINIMIZATION,optimal,55.64,2.831084,22.33,"AWS, AZURE, GCP",False,0.860329,229.0699255749835,25.0,-10.680000000000007,3,1,False,False,True,2.81865,0.44113316658685114,56.67,-60.5964355037939,3,3,False,False,True,2.835912,-0.17024505696932177,25.0,-10.680000000000007,3,3,False,False,True,2.827831,0.11503516299241184,28.33,-21.17896223085069,3,3,False,False
WL_0481,29.41,1,cold,COST_MINIMIZATION,optimal,53.3,0.006479,20.0,AZURE,True,0.007137,-9.219560039232167,25.0,-20.0,1,1,False,False,True,0.006479,0.0,20.0,0.0,1,1,False,False,True,0.007137,-9.219560039232167,25.0,-20.0,1,1,False,False,True,0.009291,-30.265848670756647,22.0,-9.090909090909092,1,1,False,False
WL_0482,5.62,2,hot,COST_MINIMIZATION,optimal,67.21,0.312253,26.5,"AWS, AZURE",False,0.15846,97.05477723084691,25.0,6.0,2,1,False,False,True,0.312253,0.0,26.5,0.0,2,2,False,False,True,0.312253,0.0,26.5,0.0,2,2,False,False,True,0.364345,-14.297437867954816,25.0,6.0,2,2,False,False
WL_0483,1.53,1,cold,COST_MINIMIZATION,infeasible,79.91,,,None,True,0.000611,inf,25.0,inf,1,1,False,False,True,0.000583,inf,100.0,inf,1,1,False,False,True,0.000611,inf,25.0,inf,1,1,False,False,True,0.00063,inf,45.0,inf,1,1,False,False
WL_0484,57.05,1,cold,LATENCY_MINIMIZATION,infeasible,70.74,,,None,True,0.01032,inf,25.0,inf,1,1,False,False,True,0.008967,inf,20.0,inf,1,1,False,False,True,0.01032,inf,25.0,inf,1,1,False,False,True,0.013328,inf,22.0,inf,1,1,False,False
WL_0485,8.37,1,cold,COST_MINIMIZATION,infeasible,50.21,,,None,True,0.002707,inf,25.0,inf,1,1,False,False,True,0.002552,inf,100.0,inf,1,1,False,False,True,0.002707,inf,25.0,inf,1,1,False,False,True,0.002552,inf,100.0,inf,1,1,False,False
WL_0486,2.21,1,warm,MAX_REDUNDANCY,optimal,86.07,0.020264,25.0,"AWS, AZURE, GCP",True,0.006148,229.60312296681852,25.0,0.0,1,1,False,False,True,0.006,237.73333333333335,28.0,-10.714285714285714,1,1,False,False,True,0.006148,229.60312296681852,25.0,0.0,1,1,False,False,True,0.008352,142.62452107279694,40.0,-37.5,1,1,False,False
WL_0487,10.42,1,hot,LATENCY_MINIMIZATION,optimal,83.09,0.209086,22.0,GCP,True,0.157149,33.0495262457922,25.0,-12.0,1,1,False,False,True,0.152231,37.34784636506362,28.0,-21.428571428571427,1,1,False,False,True,0.157149,33.0495262457922,25.0,-12.0,1,1,False,False,True,0.157149,33.0495262457922,25.0,-12.0,1,1,False,False
WL_0488,4.37,1,warm,COST_MINIMIZATION,optimal,106.27,0.016963,28.0,AZURE,True,0.017464,-2.8687585890975806,25.0,12.0,1,1,False,False,True,0.016963,0.0,28.0,0.0,1,1,False,False,True,0.017464,-2.8687585890975806,25.0,12.0,1,1,False,False,True,0.017464,-2.8687585890975806,25.0,12.0,1,1,False,False
WL_0489,1109.14,3,cold,COST_MINIMIZATION,infeasible,78.51,,,None,False,0.41487,inf,25.0,inf,3,1,True,False,False,1.296514,inf,56.67,inf,3,3,True,False,False,1.359214,inf,25.0,inf,3,3,True,False,False,1.316967,inf,35.0,inf,3,3,True,False
WL_0490,221.48,2,cold,LATENCY_MINIMIZATION,optimal,99.93,0.153401,21.0,"AZURE, GCP",False,0.069231,121.57848362727681,25.0,-16.0,2,1,False,False,False,0.127878,19.958867045152427,60.0,-65.0,2,2,False,True,True,0.13585,12.919396393080612,26.5,-20.754716981132077,2,2,False,False,True,0.153401,0.0,21.0,0.0,2,2,False,False
WL_0491,37.38,1,warm,COST_MINIMIZATION,optimal,118.08,0.138305,28.0,AZURE,True,0.143041,-3.3109388217364186,25.0,12.0,1,1,False,False,True,0.138305,0.0,28.0,0.0,1,1,False,False,True,0.143041,-3.3109388217364186,25.0,12.0,1,1,False,False,True,0.190349,-27.34135719126446,22.0,27.27272727272727,1,1,False,False
WL_0492,732.85,1,cold,MAX_REDUNDANCY,optimal,66.19,0.932548,48.33,"AWS, AZURE, GCP",True,0.293455,217.78228348469102,25.0,93.32,1,1,False,False,True,0.269471,246.06618151860496,20.0,141.64999999999998,1,1,False,False,True,0.293455,217.78228348469102,25.0,93.32,1,1,False,False,True,0.282655,229.92446622207288,28.0,72.60714285714285,1,1,False,False
WL_0493,44.34,1,hot,LATENCY_MINIMIZATION,optimal,43.09,1.91901,22.0,GCP,True,1.440105,33.2548668326268,25.0,-12.0,1,1,False,False,True,1.392764,37.78429080590827,28.0,-21.428571428571427,1,1,False,False,True,1.440105,33.2548668326268,25.0,-12.0,1,1,False,False,True,1.440105,33.2548668326268,25.0,-12.0,1,1,False,False
WL_0494,6.78,1,hot,COST_MINIMIZATION,optimal,62.86,0.249517,28.0,AZURE,True,0.257264,-3.0113035636544576,25.0,12.0,1,1,False,False,True,0.249517,0.0,28.0,0.0,1,1,False,False,True,0.257264,-3.0113035636544576,25.0,12.0,1,1,False,False,True,0.249517,0.0,28.0,0.0,1,1,False,False
WL_0495,798.95,1,warm,COST_MINIMIZATION,optimal,70.95,2.468197,20.0,AZURE,True,2.56719,-3.856083889388791,25.0,-20.0,1,1,False,False,True,2.468197,0.0,20.0,0.0,1,1,False,False,True,2.56719,-3.856083889388791,25.0,-20.0,1,1,False,False,True,2.559305,-3.559872699814996,45.0,-55.55555555555556,1,1,False,False
WL_0496,111.6,1,cold,MAX_REDUNDANCY,optimal,48.88,0.113097,48.33,"AWS, AZURE, GCP",True,0.035873,215.27053773032642,25.0,93.32,1,1,False,False,True,0.032688,245.9893538913363,20.0,141.64999999999998,1,1,False,False,True,0.035873,215.27053773032642,25.0,93.32,1,1,False,False,True,0.046989,140.6882461852774,22.0,119.68181818181817,1,1,False,False
WL_0497,4.77,1,cold,COST_MINIMIZATION,infeasible,60.12,,,None,True,0.001424,inf,25.0,inf,1,1,False,False,True,0.001336,inf,100.0,inf,1,1,False,False,True,0.001424,inf,25.0,inf,1,1,False,False,True,0.001424,inf,25.0,inf,1,1,False,False
WL_0498,25.96,3,cold,LATENCY_MINIMIZATION,infeasible,66.45,,,None,False,0.009272,inf,25.0,inf,3,1,False,False,True,0.029302,inf,56.67,inf,3,3,False,False,True,0.030366,inf,25.0,inf,3,3,False,False,True,0.029416,inf,53.33,inf,3,3,False,False
WL_0499,6.59,1,warm,LATENCY_MINIMIZATION,infeasible,62.04,,,None,True,0.007237,inf,25.0,inf,1,1,False,False,True,0.00701,inf,28.0,inf,1,1,False,False,True,0.007237,inf,25.0,inf,1,1,False,False,True,0.00701,inf,28.0,inf,1,1,False,False
WL_0500,2.39,2,warm,BALANCED,optimal,63.26,0.019185,26.5,"AWS, AZURE",False,0.009712,97.53912685337727,25.0,6.0,2,1,False,False,True,0.01914,0.23510971786833806,64.0,-58.59375,2,2,False,False,True,0.019185,0.0,26.5,0.0,2,2,False,False,True,0.022858,-16.068772421034208,70.0,-62.142857142857146,2,2,False,False
