provider,method,mode,file_size_mb,chunk_size_mb,trial,total_time_s,throughput_MBps,ttfb_s,url_gen_s,chunk_mean_s,chunk_std_s,retries,failed_chunks,cpu_mean_pct,cpu_max_pct,ram_mean_pct,ram_max_pct,ram_used_mean_mb,ram_total_mb,metrics_start_ts,metrics_end_ts,status
AWS,server,isolated,50,5,1,1.15246,43.3855,0.0,0.0,0.0,0.0,0,0,21.8,21.8,14.6,14.6,869.2,7939.1,1777113067.012,1777113067.012,ok
AWS,server,isolated,50,5,2,1.679213,29.7759,0.0,0.0,0.0,0.0,0,0,18.6,23.5,14.85,15.1,892.55,7939.1,1777113073.648,1777113075.671,ok
AWS,server,isolated,50,5,3,1.775701,28.1579,0.0,0.0,0.0,0.0,0,0,17.1,20.7,15.2,15.5,914.0,7939.1,1777113080.804,1777113082.833,ok
AWS,server,isolated,50,5,4,1.685165,29.6707,0.0,0.0,0.0,0.0,0,0,23.95,26.6,15.25,15.7,921.6,7939.1,1777113088.133,1777113090.158,ok
AWS,server,isolated,50,5,5,1.715467,29.1466,0.0,0.0,0.0,0.0,0,0,41.6,71.0,15.25,15.5,922.65,7939.1,1777113095.355,1777113097.385,ok
AWS,server,isolated,50,5,6,1.918417,26.0632,0.0,0.0,0.0,0.0,0,0,17.05,22.0,15.2,15.6,919.7,7939.1,1777113102.59,1777113104.62,ok
AWS,server,isolated,50,5,7,1.559572,32.0601,0.0,0.0,0.0,0.0,0,0,43.4,64.6,15.4,15.6,934.35,7939.1,1777113110.111,1777113112.139,ok
AWS,server,isolated,50,5,8,1.674275,29.8637,0.0,0.0,0.0,0.0,0,0,34.15,67.7,15.4,15.8,934.25,7939.1,1777113117.267,1777113119.295,ok
AWS,server,isolated,50,5,9,1.712036,29.205,0.0,0.0,0.0,0.0,0,0,11.2,20.3,15.45,15.8,935.4,7939.1,1777113124.622,1777113126.657,ok
AWS,server,isolated,50,5,10,1.271674,39.3183,0.0,0.0,0.0,0.0,0,0,20.2,20.2,15.6,15.6,946.2,7939.1,1777113131.873,1777113131.873,ok
AWS,presigned,isolated,50,5,1,1.659037,30.138,0.140202,0.063606,0.142957,0.025359,0,0,1.3,1.3,15.2,15.2,919.2,7939.1,1777113147.427,1777113147.427,ok
AWS,presigned,isolated,50,5,2,1.60452,31.162,0.147662,0.141361,0.136892,0.012941,0,0,1.2,1.2,15.2,15.2,920.0,7939.1,1777113154.235,1777113154.235,ok
AWS,presigned,isolated,50,5,3,1.629722,30.6801,0.147881,0.140733,0.137695,0.011783,0,0,10.4,10.4,15.2,15.2,919.9,7939.1,1777113160.991,1777113160.991,ok
AWS,presigned,isolated,50,5,4,1.714282,29.1667,0.159634,0.14112,0.147585,0.015387,0,0,1.4,1.4,15.2,15.2,919.9,7939.1,1777113167.767,1777113167.767,ok
AWS,presigned,isolated,50,5,5,1.787214,27.9765,0.176236,0.135395,0.154383,0.022682,0,0,1.5,1.5,15.2,15.2,920.2,7939.1,1777113174.623,1777113174.623,ok
AWS,presigned,isolated,50,5,6,1.682031,29.726,0.155814,0.154581,0.149643,0.014674,0,0,1.5,1.5,15.2,15.2,920.4,7939.1,1777113181.575,1777113181.575,ok
AWS,presigned,isolated,50,5,7,1.685965,29.6566,0.172632,0.150204,0.1521,0.02401,0,0,1.1,1.1,15.2,15.2,920.4,7939.1,1777113188.422,1777113188.422,ok
AWS,presigned,isolated,50,5,8,1.766961,28.2972,0.158958,0.061796,0.154148,0.031609,0,0,1.3,1.3,15.2,15.2,920.4,7939.1,1777113195.165,1777113195.165,ok
AWS,presigned,isolated,50,5,9,1.728159,28.9325,0.179634,0.1458,0.147863,0.022612,0,0,2.7,2.7,15.2,15.2,920.6,7939.1,1777113202.083,1777113202.083,ok
AWS,presigned,isolated,50,5,10,1.635635,30.5692,0.175353,0.06459,0.139376,0.015597,0,0,1.0,1.0,15.2,15.2,921.3,7939.1,1777113208.884,1777113208.884,ok
AZURE,server,isolated,50,5,1,1.464839,34.1334,0.0,0.0,0.0,0.0,0,0,12.85,19.5,16.05,16.2,988.05,7939.1,1777113224.648,1777113226.676,ok
AZURE,server,isolated,50,5,2,1.730385,28.8953,0.0,0.0,0.0,0.0,0,0,4.25,4.9,15.95,16.1,978.6,7939.1,1777113231.726,1777113233.752,ok
AZURE,server,isolated,50,5,3,1.256038,39.8077,0.0,0.0,0.0,0.0,0,0,0.7,0.7,15.9,15.9,971.5,7939.1,1777113239.09,1777113239.09,ok
AZURE,server,isolated,50,5,4,1.307443,38.2426,0.0,0.0,0.0,0.0,0,0,4.4,4.4,16.0,16.0,982.6,7939.1,1777113245.931,1777113245.931,ok
AZURE,server,isolated,50,5,5,1.877882,26.6257,0.0,0.0,0.0,0.0,0,0,7.25,8.6,16.15,16.2,992.7,7939.1,1777113252.789,1777113254.813,ok
AZURE,server,isolated,50,5,6,1.789516,27.9405,0.0,0.0,0.0,0.0,0,0,5.65,5.7,16.1,16.1,987.2,7939.1,1777113260.199,1777113262.222,ok
AZURE,server,isolated,50,5,7,1.129544,44.2657,0.0,0.0,0.0,0.0,0,0,5.5,5.5,15.4,15.4,937.3,7939.1,1777113267.497,1777113267.497,ok
AZURE,server,isolated,50,5,8,2.032588,24.5992,0.0,0.0,0.0,0.0,0,0,5.8,6.4,15.9,16.3,970.05,7939.1,1777113274.178,1777113276.201,ok
AZURE,server,isolated,50,5,9,1.306346,38.2747,0.0,0.0,0.0,0.0,0,0,4.6,4.6,16.1,16.1,987.4,7939.1,1777113281.755,1777113281.755,ok
AZURE,server,isolated,50,5,10,1.302126,38.3987,0.0,0.0,0.0,0.0,0,0,4.4,4.4,15.5,15.5,938.1,7939.1,1777113288.65,1777113288.65,ok
AZURE,presigned,isolated,50,5,1,2.399875,20.8344,0.175606,0.024267,0.232401,0.046737,0,0,0.4,0.4,16.0,16.0,983.1,7939.1,1777113305.253,1777113307.279,ok
AZURE,presigned,isolated,50,5,2,2.555403,19.5664,0.234109,0.025742,0.248255,0.074904,0,0,2.0,3.4,16.0,16.0,983.0,7939.1,1777113312.688,1777113314.712,ok
AZURE,presigned,isolated,50,5,3,2.61022,19.1555,0.237929,0.026013,0.253733,0.055507,0,0,0.5,0.5,16.0,16.0,983.0,7939.1,1777113320.274,1777113322.295,ok
AZURE,presigned,isolated,50,5,4,2.33014,21.4579,0.193853,0.025808,0.225126,0.055879,0,0,0.45,0.5,16.0,16.0,983.0,7939.1,1777113327.918,1777113329.94,ok
AZURE,presigned,isolated,50,5,5,2.437696,20.5112,0.25525,0.027311,0.236555,0.054578,0,0,0.5,0.5,16.0,16.0,983.0,7939.1,1777113335.282,1777113337.305,ok
AZURE,presigned,isolated,50,5,6,2.411335,20.7354,0.302935,0.024091,0.23378,0.054832,0,0,0.45,0.5,16.0,16.0,982.9,7939.1,1777113342.747,1777113344.769,ok
AZURE,presigned,isolated,50,5,7,2.479996,20.1613,0.27652,0.027617,0.240212,0.040016,0,0,0.5,0.5,16.0,16.0,982.9,7939.1,1777113350.196,1777113352.218,ok
AZURE,presigned,isolated,50,5,8,2.331891,21.4418,0.183291,0.025334,0.225527,0.043594,0,0,0.5,0.5,16.0,16.0,982.9,7939.1,1777113357.707,1777113359.732,ok
AZURE,presigned,isolated,50,5,9,2.775989,18.0116,0.263476,0.023731,0.270562,0.080247,0,0,0.5,0.5,16.0,16.0,982.9,7939.1,1777113365.069,1777113367.098,ok
AZURE,presigned,isolated,50,5,10,2.243643,22.2852,0.164183,0.025523,0.213071,0.041132,0,0,0.6,0.6,16.0,16.0,982.9,7939.1,1777113372.878,1777113374.903,ok
GCP,server,isolated,50,5,1,8.392642,5.9576,0.0,0.0,0.0,0.0,0,0,2.08,3.0,15.6,15.7,948.74,7939.1,1777113403.079,1777113411.179,ok
GCP,server,isolated,50,5,2,8.563607,5.8387,0.0,0.0,0.0,0.0,0,0,5.52,19.0,15.96,16.2,977.98,7939.1,1777113416.999,1777113425.098,ok
GCP,server,isolated,50,5,3,8.044954,6.2151,0.0,0.0,0.0,0.0,0,0,2.74,6.1,15.82,16.0,966.22,7939.1,1777113431.103,1777113439.204,ok
GCP,server,isolated,50,5,4,9.167108,5.4543,0.0,0.0,0.0,0.0,0,0,2.1,3.7,15.7,15.8,956.96,7939.1,1777113444.684,1777113452.786,ok
GCP,server,isolated,50,5,5,7.981643,6.2644,0.0,0.0,0.0,0.0,0,0,4.5,13.6,15.7,15.8,955.78,7939.1,1777113459.378,1777113467.478,ok
GCP,server,isolated,50,5,6,8.316704,6.012,0.0,0.0,0.0,0.0,0,0,2.7,3.9,16.0,16.2,979.32,7939.1,1777113472.857,1777113480.955,ok
GCP,server,isolated,50,5,7,8.447074,5.9192,0.0,0.0,0.0,0.0,0,0,1.84,3.1,15.64,15.9,952.16,7939.1,1777113486.69,1777113494.798,ok
GCP,server,isolated,50,5,8,8.450823,5.9166,0.0,0.0,0.0,0.0,0,0,4.94,14.6,15.62,15.7,950.88,7939.1,1777113500.623,1777113508.721,ok
GCP,server,isolated,50,5,9,8.45037,5.9169,0.0,0.0,0.0,0.0,0,0,2.44,3.6,15.66,15.8,953.22,7939.1,1777113514.594,1777113522.696,ok
GCP,server,isolated,50,5,10,8.354871,5.9845,0.0,0.0,0.0,0.0,0,0,4.14,14.7,15.6,15.6,951.2,7939.1,1777113528.521,1777113536.623,ok
GCP,presigned,isolated,50,5,1,10.848328,4.609,1.116054,0.148173,1.082233,0.106239,0,0,0.4,0.7,15.7,15.7,955.43,7939.1,1777113565.7,1777113575.834,ok
GCP,presigned,isolated,50,5,2,8.843842,5.6537,1.032587,0.127741,0.882058,0.130951,0,0,0.36,0.7,15.7,15.7,955.4,7939.1,1777113581.689,1777113589.79,ok
GCP,presigned,isolated,50,5,3,8.558161,5.8424,0.778558,0.140446,0.853273,0.130132,0,0,0.38,0.5,15.7,15.7,955.4,7939.1,1777113595.68,1777113603.777,ok
GCP,presigned,isolated,50,5,4,8.585457,5.8238,0.827892,0.139296,0.855935,0.146796,0,0,0.42,0.5,15.7,15.7,955.4,7939.1,1777113609.383,1777113617.483,ok
GCP,presigned,isolated,50,5,5,8.596186,5.8165,0.775778,0.132945,0.857119,0.137825,0,0,0.38,0.4,15.7,15.7,955.4,7939.1,1777113623.112,1777113631.212,ok
GCP,presigned,isolated,50,5,6,8.541666,5.8537,1.078427,0.135149,0.851888,0.166772,0,0,0.38,0.7,15.7,15.7,955.3,7939.1,1777113636.845,1777113644.952,ok
GCP,presigned,isolated,50,5,7,9.702102,5.1535,1.158345,0.133335,0.967988,0.188833,0,0,0.5,0.7,15.7,15.7,955.3,7939.1,1777113650.528,1777113658.63,ok
GCP,presigned,isolated,50,5,8,10.172984,4.915,0.764906,0.142449,1.014735,0.131154,0,0,0.37,0.5,15.7,15.7,955.3,7939.1,1777113665.38,1777113675.508,ok
GCP,presigned,isolated,50,5,9,9.231547,5.4162,0.797444,0.134707,0.920795,0.120958,0,0,0.36,0.5,15.7,15.7,955.2,7939.1,1777113680.694,1777113688.797,ok
GCP,presigned,isolated,50,5,10,8.407801,5.9469,0.768173,0.131771,0.838618,0.174705,0,0,0.42,0.5,15.7,15.7,955.16,7939.1,1777113695.067,1777113703.168,ok
AWS,server,isolated,50,8,1,1.319345,37.8976,0.0,0.0,0.0,0.0,0,0,12.0,12.0,16.1,16.1,989.2,7939.1,1777113717.02,1777113717.02,ok
AWS,server,isolated,50,8,2,1.276147,39.1804,0.0,0.0,0.0,0.0,0,0,16.9,16.9,15.8,15.8,961.9,7939.1,1777113723.881,1777113723.881,ok
AWS,server,isolated,50,8,3,1.297645,38.5313,0.0,0.0,0.0,0.0,0,0,15.8,15.8,15.4,15.4,934.5,7939.1,1777113730.692,1777113730.692,ok
AWS,server,isolated,50,8,4,1.395084,35.8401,0.0,0.0,0.0,0.0,0,0,16.8,16.8,15.9,15.9,975.6,7939.1,1777113737.482,1777113737.482,ok
AWS,server,isolated,50,8,5,1.176871,42.4855,0.0,0.0,0.0,0.0,0,0,12.2,12.2,15.2,15.2,915.0,7939.1,1777113744.387,1777113744.387,ok
AWS,server,isolated,50,8,6,1.354812,36.9055,0.0,0.0,0.0,0.0,0,0,15.0,15.0,14.8,14.8,882.4,7939.1,1777113751.081,1777113751.081,ok
AWS,server,isolated,50,8,7,1.340155,37.3091,0.0,0.0,0.0,0.0,0,0,16.6,16.6,14.9,14.9,890.7,7939.1,1777113757.907,1777113757.907,ok
AWS,server,isolated,50,8,8,1.044558,47.8671,0.0,0.0,0.0,0.0,0,0,16.6,16.6,14.7,14.7,880.2,7939.1,1777113764.789,1777113764.789,ok
AWS,server,isolated,50,8,9,1.329171,37.6174,0.0,0.0,0.0,0.0,0,0,15.9,15.9,15.3,15.3,928.5,7939.1,1777113771.322,1777113771.322,ok
AWS,server,isolated,50,8,10,1.536116,32.5496,0.0,0.0,0.0,0.0,0,0,39.85,62.6,14.75,14.8,882.05,7939.1,1777113778.163,1777113780.188,ok
AWS,presigned,isolated,50,8,1,1.372464,36.4308,0.197394,0.062836,0.163624,0.035658,0,0,12.2,12.2,14.9,14.9,891.5,7939.1,1777113793.433,1777113793.433,ok
AWS,presigned,isolated,50,8,2,1.345573,37.1589,0.170823,0.134953,0.159188,0.032723,0,0,13.5,13.5,14.9,14.9,891.2,7939.1,1777113799.94,1777113799.94,ok
AWS,presigned,isolated,50,8,3,1.432562,34.9025,0.176021,0.128191,0.169211,0.040536,0,0,1.4,1.4,14.9,14.9,891.2,7939.1,1777113806.425,1777113806.425,ok
AWS,presigned,isolated,50,8,4,1.504917,33.2244,0.185044,0.143458,0.180571,0.05258,0,0,1.4,1.4,14.9,14.9,891.2,7939.1,1777113813.006,1777113813.006,ok
AWS,presigned,isolated,50,8,5,1.847849,27.0585,0.215431,0.132647,0.232382,0.143054,0,0,1.3,1.3,14.9,14.9,891.2,7939.1,1777113819.65,1777113819.65,ok
AWS,presigned,isolated,50,8,6,1.495223,33.4398,0.201567,0.136607,0.180015,0.028849,0,0,1.4,1.4,14.9,14.9,891.2,7939.1,1777113826.646,1777113826.646,ok
AWS,presigned,isolated,50,8,7,1.527408,32.7352,0.25908,0.138416,0.196116,0.060249,0,0,1.4,1.4,14.9,14.9,891.2,7939.1,1777113833.284,1777113833.284,ok
AWS,presigned,isolated,50,8,8,1.639386,30.4992,0.185998,0.13772,0.201378,0.073606,0,0,1.2,1.2,14.9,14.9,891.2,7939.1,1777113839.955,1777113839.955,ok
AWS,presigned,isolated,50,8,9,1.537883,32.5122,0.245816,0.063556,0.18688,0.046748,0,0,1.0,1.0,14.9,14.9,891.2,7939.1,1777113846.663,1777113846.663,ok
AWS,presigned,isolated,50,8,10,1.351426,36.998,0.184512,0.133045,0.171347,0.028161,0,0,1.2,1.2,14.9,14.9,891.1,7939.1,1777113853.342,1777113853.342,ok
AZURE,server,isolated,50,8,1,1.210464,41.3065,0.0,0.0,0.0,0.0,0,0,5.0,5.0,14.4,14.4,852.6,7939.1,1777113868.354,1777113868.354,ok
AZURE,server,isolated,50,8,2,1.584554,31.5546,0.0,0.0,0.0,0.0,0,0,5.2,7.5,14.85,15.1,888.25,7939.1,1777113875.093,1777113877.125,ok
AZURE,server,isolated,50,8,3,1.488019,33.6017,0.0,0.0,0.0,0.0,0,0,0.3,0.3,14.5,14.5,858.8,7939.1,1777113882.201,1777113882.201,ok
AZURE,server,isolated,50,8,4,1.501441,33.3013,0.0,0.0,0.0,0.0,0,0,5.0,5.0,15.2,15.2,918.1,7939.1,1777113889.229,1777113889.229,ok
AZURE,server,isolated,50,8,5,1.449435,34.4962,0.0,0.0,0.0,0.0,0,0,5.1,5.1,15.5,15.5,939.1,7939.1,1777113896.215,1777113896.215,ok
AZURE,server,isolated,50,8,6,1.730084,28.9003,0.0,0.0,0.0,0.0,0,0,5.5,6.0,15.1,15.2,911.75,7939.1,1777113903.226,1777113905.258,ok
AZURE,server,isolated,50,8,7,1.639746,30.4925,0.0,0.0,0.0,0.0,0,0,3.8,7.2,14.9,15.1,891.3,7939.1,1777113910.578,1777113912.6,ok
AZURE,server,isolated,50,8,8,1.552193,32.2125,0.0,0.0,0.0,0.0,0,0,5.15,5.3,14.8,15.1,884.25,7939.1,1777113917.742,1777113919.767,ok
AZURE,server,isolated,50,8,9,1.362032,36.7099,0.0,0.0,0.0,0.0,0,0,0.5,0.5,14.5,14.5,865.2,7939.1,1777113924.828,1777113924.828,ok
AZURE,server,isolated,50,8,10,1.109473,45.0664,0.0,0.0,0.0,0.0,0,0,5.4,5.4,14.5,14.5,858.3,7939.1,1777113931.706,1777113931.706,ok
AZURE,presigned,isolated,50,8,1,2.144256,23.3181,0.335611,0.028268,0.29497,0.074616,0,0,0.45,0.5,14.3,14.3,844.6,7939.1,1777113947.534,1777113949.558,ok
AZURE,presigned,isolated,50,8,2,1.802099,27.7454,0.224552,0.028757,0.245624,0.075337,0,0,0.4,0.4,14.3,14.3,844.6,7939.1,1777113954.715,1777113954.715,ok
AZURE,presigned,isolated,50,8,3,1.980855,25.2416,0.258354,0.02673,0.272648,0.065951,0,0,0.5,0.5,14.3,14.3,844.5,7939.1,1777113961.551,1777113961.551,ok
AZURE,presigned,isolated,50,8,4,1.975982,25.3039,0.287121,0.028212,0.271727,0.070621,0,0,1.4,1.4,14.3,14.3,844.5,7939.1,1777113968.566,1777113968.566,ok
AZURE,presigned,isolated,50,8,5,1.78312,28.0407,0.294662,0.027812,0.244275,0.064601,0,0,0.3,0.3,14.3,14.3,844.4,7939.1,1777113975.577,1777113975.577,ok
AZURE,presigned,isolated,50,8,6,1.929747,25.9101,0.286005,0.026107,0.266107,0.087344,0,0,0.4,0.4,14.3,14.3,844.4,7939.1,1777113982.388,1777113982.388,ok
AZURE,presigned,isolated,50,8,7,1.922466,26.0083,0.300397,0.028517,0.263081,0.056702,0,0,0.4,0.4,14.3,14.3,844.4,7939.1,1777113989.357,1777113989.357,ok
AZURE,presigned,isolated,50,8,8,2.195353,22.7754,0.330752,0.027629,0.302801,0.076415,0,0,0.3,0.4,14.3,14.3,844.4,7939.1,1777113996.31,1777113998.335,ok
AZURE,presigned,isolated,50,8,9,2.048178,24.4119,0.247132,0.027867,0.28137,0.109834,0,0,1.05,1.3,14.3,14.3,844.4,7939.1,1777114003.545,1777114005.57,ok
AZURE,presigned,isolated,50,8,10,1.737014,28.785,0.241063,0.026248,0.238441,0.06303,0,0,0.5,0.5,14.3,14.3,844.3,7939.1,1777114010.634,1777114010.634,ok
GCP,server,isolated,50,8,1,5.986205,8.3525,0.0,0.0,0.0,0.0,0,0,1.93,3.0,14.53,14.6,864.0,7939.1,1777114036.341,1777114042.42,ok
GCP,server,isolated,50,8,2,5.840516,8.5609,0.0,0.0,0.0,0.0,0,0,3.4,3.5,13.0,13.2,742.4,7939.1,1777114047.816,1777114053.892,ok
GCP,server,isolated,50,8,3,6.368668,7.8509,0.0,0.0,0.0,0.0,0,0,6.6,10.4,12.93,13.0,736.1,7939.1,1777114059.163,1777114065.245,ok
GCP,server,isolated,50,8,4,6.393779,7.8201,0.0,0.0,0.0,0.0,0,0,4.1,8.7,12.8,12.9,725.92,7939.1,1777114071.136,1777114077.22,ok
GCP,server,isolated,50,8,5,6.527503,7.6599,0.0,0.0,0.0,0.0,0,0,4.15,9.1,13.05,13.2,746.3,7939.1,1777114083.058,1777114089.145,ok
GCP,server,isolated,50,8,6,5.807802,8.6091,0.0,0.0,0.0,0.0,0,0,5.42,14.4,13.0,13.2,740.23,7939.1,1777114095.229,1777114101.306,ok
GCP,server,isolated,50,8,7,6.667139,7.4995,0.0,0.0,0.0,0.0,0,0,2.12,3.4,13.05,13.1,745.83,7939.1,1777114106.6,1777114112.679,ok
GCP,server,isolated,50,8,8,6.031598,8.2897,0.0,0.0,0.0,0.0,0,0,2.35,4.2,12.88,13.1,732.02,7939.1,1777114118.8,1777114124.876,ok
GCP,server,isolated,50,8,9,5.956459,8.3942,0.0,0.0,0.0,0.0,0,0,2.98,3.9,12.72,12.8,722.0,7939.1,1777114130.404,1777114136.483,ok
GCP,server,isolated,50,8,10,6.156356,8.1217,0.0,0.0,0.0,0.0,0,0,3.0,5.7,12.93,13.1,736.88,7939.1,1777114141.943,1777114148.022,ok
GCP,presigned,isolated,50,8,1,7.373088,6.7814,0.808899,0.444326,1.049096,0.107792,0,0,0.2,0.3,13.1,13.1,749.8,7939.1,1777114174.99,1777114181.07,ok
GCP,presigned,isolated,50,8,2,6.806221,7.3462,1.134515,0.133121,0.968074,0.140706,0,0,0.2,0.2,13.1,13.1,749.8,7939.1,1777114187.499,1777114193.585,ok
GCP,presigned,isolated,50,8,3,6.794995,7.3584,1.176921,0.132887,0.9664,0.14674,0,0,0.4,0.7,13.1,13.1,749.8,7939.1,1777114199.452,1777114205.531,ok
GCP,presigned,isolated,50,8,4,5.871565,8.5156,0.919244,0.136988,0.835014,0.066469,0,0,0.2,0.3,13.1,13.1,749.7,7939.1,1777114211.383,1777114215.436,ok
GCP,presigned,isolated,50,8,5,7.529661,6.6404,0.856335,0.130052,1.071376,0.397131,0,0,0.23,0.3,13.1,13.1,749.7,7939.1,1777114222.396,1777114228.476,ok
GCP,presigned,isolated,50,8,6,5.880268,8.503,0.90154,0.131448,0.836277,0.060175,0,0,0.13,0.2,13.1,13.1,749.63,7939.1,1777114235.062,1777114239.113,ok
GCP,presigned,isolated,50,8,7,7.79986,6.4104,1.104608,0.128492,1.11024,0.059482,0,0,0.2,0.3,13.1,13.1,749.75,7939.1,1777114246.079,1777114252.161,ok
GCP,presigned,isolated,50,8,8,7.38276,6.7725,1.117825,0.21723,1.051828,0.113765,0,0,0.35,0.5,13.1,13.1,749.6,7939.1,1777114259.103,1777114265.183,ok
GCP,presigned,isolated,50,8,9,7.632262,6.5511,1.115474,0.16358,1.086326,0.154059,0,0,0.17,0.3,13.1,13.1,749.6,7939.1,1777114271.653,1777114277.729,ok
GCP,presigned,isolated,50,8,10,6.796724,7.3565,1.081195,0.137155,0.967023,0.171593,0,0,0.22,0.3,13.1,13.1,749.6,7939.1,1777114284.428,1777114290.513,ok
AWS,server,isolated,50,10,1,1.655224,30.2074,0.0,0.0,0.0,0.0,0,0,41.3,65.6,13.25,13.3,759.75,7939.1,1777114305.148,1777114307.177,ok
AWS,server,isolated,50,10,2,1.559834,32.0547,0.0,0.0,0.0,0.0,0,0,17.9,18.2,13.1,13.3,753.25,7939.1,1777114312.388,1777114314.415,ok
AWS,server,isolated,50,10,3,1.575652,31.7329,0.0,0.0,0.0,0.0,0,0,14.45,18.9,13.25,13.6,759.9,7939.1,1777114319.562,1777114321.589,ok
AWS,server,isolated,50,10,4,1.551262,32.2318,0.0,0.0,0.0,0.0,0,0,12.05,23.5,13.35,13.4,769.65,7939.1,1777114326.728,1777114328.756,ok
AWS,server,isolated,50,10,5,1.367226,36.5704,0.0,0.0,0.0,0.0,0,0,18.5,18.5,13.2,13.2,759.8,7939.1,1777114333.839,1777114333.839,ok
AWS,server,isolated,50,10,6,1.665144,30.0274,0.0,0.0,0.0,0.0,0,0,17.45,17.8,13.2,13.3,761.75,7939.1,1777114340.78,1777114342.818,ok
AWS,server,isolated,50,10,7,1.166334,42.8694,0.0,0.0,0.0,0.0,0,0,12.6,12.6,13.0,13.0,741.5,7939.1,1777114348.052,1777114348.052,ok
AWS,server,isolated,50,10,8,1.213469,41.2042,0.0,0.0,0.0,0.0,0,0,16.4,16.4,13.0,13.0,742.9,7939.1,1777114354.759,1777114354.759,ok
AWS,server,isolated,50,10,9,1.069622,46.7455,0.0,0.0,0.0,0.0,0,0,11.3,11.3,13.0,13.0,743.0,7939.1,1777114361.516,1777114361.516,ok
AWS,server,isolated,50,10,10,1.202014,41.5969,0.0,0.0,0.0,0.0,0,0,14.9,14.9,12.7,12.7,718.4,7939.1,1777114368.132,1777114368.132,ok
AWS,presigned,isolated,50,10,1,1.225595,40.7965,0.232173,0.14942,0.196017,0.020572,0,0,13.1,13.1,12.9,12.9,738.3,7939.1,1777114382.732,1777114382.732,ok
AWS,presigned,isolated,50,10,2,1.205316,41.4829,0.239617,0.138788,0.2121,0.036381,0,0,8.0,8.0,12.9,12.9,738.1,7939.1,1777114389.102,1777114389.102,ok
AWS,presigned,isolated,50,10,3,1.168983,42.7722,0.2457,0.140052,0.201633,0.0253,0,0,1.1,1.1,12.9,12.9,738.1,7939.1,1777114395.453,1777114395.453,ok
AWS,presigned,isolated,50,10,4,1.225816,40.7892,0.209788,0.137332,0.216525,0.018092,0,0,0.9,0.9,12.9,12.9,738.0,7939.1,1777114401.771,1777114401.771,ok
AWS,presigned,isolated,50,10,5,1.141558,43.7998,0.205177,0.137997,0.198959,0.01087,0,0,1.1,1.1,12.9,12.9,738.0,7939.1,1777114408.139,1777114408.139,ok
AWS,presigned,isolated,50,10,6,1.200075,41.6641,0.195919,0.131665,0.207317,0.024496,0,0,0.9,0.9,12.9,12.9,738.0,7939.1,1777114414.419,1777114414.419,ok
AWS,presigned,isolated,50,10,7,1.236063,40.451,0.2023,0.058186,0.201684,0.020672,0,0,0.3,0.3,12.9,12.9,738.0,7939.1,1777114420.686,1777114420.686,ok
AWS,presigned,isolated,50,10,8,1.18278,42.2733,0.197334,0.136289,0.205939,0.020347,0,0,0.9,0.9,12.9,12.9,738.0,7939.1,1777114427.062,1777114427.062,ok
AWS,presigned,isolated,50,10,9,1.189572,42.0319,0.203884,0.139451,0.18977,0.016565,0,0,1.0,1.0,12.9,12.9,738.0,7939.1,1777114433.394,1777114433.394,ok
AWS,presigned,isolated,50,10,10,1.333049,37.508,0.184304,0.136956,0.219329,0.041404,0,0,1.4,1.4,12.9,12.9,738.0,7939.1,1777114439.723,1777114439.723,ok
AZURE,server,isolated,50,10,1,1.234553,40.5005,0.0,0.0,0.0,0.0,0,0,2.8,2.8,13.1,13.1,750.2,7939.1,1777114455.342,1777114455.342,ok
AZURE,server,isolated,50,10,2,1.229382,40.6708,0.0,0.0,0.0,0.0,0,0,3.2,3.2,13.5,13.5,779.9,7939.1,1777114462.118,1777114462.118,ok
AZURE,server,isolated,50,10,3,1.630609,30.6634,0.0,0.0,0.0,0.0,0,0,5.65,7.1,13.35,13.5,771.45,7939.1,1777114468.868,1777114470.893,ok
AZURE,server,isolated,50,10,4,1.269526,39.3848,0.0,0.0,0.0,0.0,0,0,5.3,5.3,13.0,13.0,745.8,7939.1,1777114476.071,1777114476.071,ok
AZURE,server,isolated,50,10,5,1.356073,36.8712,0.0,0.0,0.0,0.0,0,0,2.9,2.9,13.5,13.5,781.0,7939.1,1777114482.85,1777114482.85,ok
AZURE,server,isolated,50,10,6,1.02558,48.7529,0.0,0.0,0.0,0.0,0,0,5.0,5.0,12.9,12.9,731.7,7939.1,1777114489.782,1777114489.782,ok
AZURE,server,isolated,50,10,7,1.143484,43.726,0.0,0.0,0.0,0.0,0,0,5.1,5.1,12.8,12.8,730.5,7939.1,1777114496.371,1777114496.371,ok
AZURE,server,isolated,50,10,8,1.40005,35.713,0.0,0.0,0.0,0.0,0,0,5.4,5.4,13.1,13.1,749.3,7939.1,1777114503.018,1777114503.018,ok
AZURE,server,isolated,50,10,9,1.489529,33.5677,0.0,0.0,0.0,0.0,0,0,5.3,5.3,12.8,12.8,728.8,7939.1,1777114510.053,1777114510.053,ok
AZURE,server,isolated,50,10,10,1.971627,25.3598,0.0,0.0,0.0,0.0,0,0,10.2,16.2,12.9,13.2,733.6,7939.1,1777114517.035,1777114519.061,ok
AZURE,presigned,isolated,50,10,1,2.127615,23.5005,0.430102,0.060695,0.401398,0.113259,0,0,5.15,8.5,21.8,28.0,1440.2,7939.1,1777114533.845,1777114535.897,ok
AZURE,presigned,isolated,50,10,2,1.977569,25.2836,0.410151,0.040308,0.37731,0.033362,0,0,29.3,29.3,54.5,54.5,4034.0,7939.1,1777114541.018,1777114541.018,ok
AZURE,presigned,isolated,50,10,3,2.222736,22.4948,0.291767,0.029357,0.427937,0.096579,0,0,20.95,30.8,16.3,16.6,1009.9,7939.1,1777114548.029,1777114550.062,ok
AZURE,presigned,isolated,50,10,4,2.115362,23.6366,0.390254,0.029291,0.405579,0.065376,0,0,7.45,14.3,15.4,15.5,937.65,7939.1,1777114555.289,1777114557.315,ok
AZURE,presigned,isolated,50,10,5,2.31886,21.5623,0.460655,0.033255,0.448976,0.112765,0,0,4.9,9.6,14.7,14.8,882.95,7939.1,1777114562.447,1777114564.476,ok
AZURE,presigned,isolated,50,10,6,2.117214,23.6159,0.414892,0.028113,0.406765,0.099475,0,0,0.65,0.8,14.05,14.1,832.45,7939.1,1777114569.799,1777114571.824,ok
AZURE,presigned,isolated,50,10,7,2.093489,23.8836,0.619154,0.030628,0.403157,0.123054,0,0,0.45,0.5,13.45,13.5,785.1,7939.1,1777114576.954,1777114578.979,ok
AZURE,presigned,isolated,50,10,8,1.846672,27.0757,0.316208,0.030457,0.354993,0.062301,0,0,0.6,0.6,13.1,13.1,752.8,7939.1,1777114584.081,1777114584.081,ok
AZURE,presigned,isolated,50,10,9,1.948938,25.655,0.341915,0.030766,0.374273,0.077499,0,0,0.4,0.4,12.9,12.9,736.8,7939.1,1777114590.974,1777114590.974,ok
AZURE,presigned,isolated,50,10,10,2.083135,24.0023,0.402091,0.028989,0.402812,0.094234,0,0,0.45,0.5,12.9,12.9,736.6,7939.1,1777114597.953,1777114599.979,ok
GCP,server,isolated,50,10,1,5.121232,9.7633,0.0,0.0,0.0,0.0,0,0,8.2,17.8,12.77,12.8,727.93,7939.1,1777114621.644,1777114625.701,ok
GCP,server,isolated,50,10,2,4.569748,10.9415,0.0,0.0,0.0,0.0,0,0,3.67,4.3,12.83,12.9,735.4,7939.1,1777114632.335,1777114636.391,ok
GCP,server,isolated,50,10,3,5.184077,9.6449,0.0,0.0,0.0,0.0,0,0,2.9,4.1,12.93,13.0,744.9,7939.1,1777114642.478,1777114646.533,ok
GCP,server,isolated,50,10,4,4.887556,10.2301,0.0,0.0,0.0,0.0,0,0,4.73,8.9,12.87,13.0,735.37,7939.1,1777114653.191,1777114657.244,ok
GCP,server,isolated,50,10,5,5.037379,9.9258,0.0,0.0,0.0,0.0,0,0,6.47,15.0,12.83,12.9,736.83,7939.1,1777114663.641,1777114667.697,ok
GCP,server,isolated,50,10,6,4.917538,10.1677,0.0,0.0,0.0,0.0,0,0,2.27,4.2,12.97,13.1,745.37,7939.1,1777114674.249,1777114678.304,ok
GCP,server,isolated,50,10,7,5.408581,9.2446,0.0,0.0,0.0,0.0,0,0,8.22,20.1,13.05,13.3,752.0,7939.1,1777114684.746,1777114690.835,ok
GCP,server,isolated,50,10,8,5.180032,9.6525,0.0,0.0,0.0,0.0,0,0,1.97,3.9,12.87,13.1,737.87,7939.1,1777114695.894,1777114699.952,ok
GCP,server,isolated,50,10,9,4.925636,10.151,0.0,0.0,0.0,0.0,0,0,6.27,16.4,12.83,12.9,734.23,7939.1,1777114706.642,1777114710.698,ok
GCP,server,isolated,50,10,10,4.966034,10.0684,0.0,0.0,0.0,0.0,0,0,7.97,18.5,13.03,13.2,752.9,7939.1,1777114717.155,1777114721.208,ok
GCP,presigned,isolated,50,10,1,5.21531,9.5872,0.875084,0.152847,1.035981,0.246819,0,0,0.37,0.5,13.1,13.1,754.1,7939.1,1777114743.531,1777114747.588,ok
GCP,presigned,isolated,50,10,2,4.996232,10.0075,1.026676,0.126753,0.992487,0.110462,0,0,0.3,0.3,13.1,13.1,754.1,7939.1,1777114753.878,1777114757.93,ok
GCP,presigned,isolated,50,10,3,6.08593,8.2157,1.265983,0.135053,1.212813,0.091373,0,0,0.3,0.3,13.1,13.1,754.1,7939.1,1777114764.013,1777114768.067,ok
GCP,presigned,isolated,50,10,4,5.83002,8.5763,1.130509,0.138253,1.161887,0.082786,0,0,0.23,0.3,13.1,13.1,754.1,7939.1,1777114775.24,1777114779.294,ok
GCP,presigned,isolated,50,10,5,5.879041,8.5048,1.12295,0.201793,1.168148,0.103776,0,0,0.27,0.3,13.1,13.1,754.0,7939.1,1777114786.282,1777114790.335,ok
GCP,presigned,isolated,50,10,6,5.170014,9.6712,1.145652,0.149615,1.029505,0.121728,0,0,0.23,0.3,13.1,13.1,754.0,7939.1,1777114797.315,1777114801.364,ok
GCP,presigned,isolated,50,10,7,5.073931,9.8543,0.879693,0.135848,1.007328,0.2202,0,0,0.27,0.3,13.1,13.1,754.0,7939.1,1777114807.629,1777114811.683,ok
GCP,presigned,isolated,50,10,8,5.349491,9.3467,0.839978,0.515425,1.064918,0.242656,0,0,0.43,0.7,13.1,13.1,754.0,7939.1,1777114818.224,1777114822.284,ok
GCP,presigned,isolated,50,10,9,5.094554,9.8144,0.834496,0.153479,1.014133,0.245986,0,0,0.33,0.5,13.1,13.1,754.0,7939.1,1777114828.733,1777114832.787,ok
GCP,presigned,isolated,50,10,10,4.974975,10.0503,0.849926,0.451028,0.9909,0.216155,0,0,0.27,0.3,13.1,13.1,754.0,7939.1,1777114839.285,1777114843.335,ok
AWS,server,isolated,50,16,1,1.115667,44.8162,0.0,0.0,0.0,0.0,0,0,15.9,15.9,13.0,13.0,749.9,7939.1,1777114857.923,1777114857.923,ok
AWS,server,isolated,50,16,2,1.136207,44.0061,0.0,0.0,0.0,0.0,0,0,13.6,13.6,13.7,13.7,804.1,7939.1,1777114864.636,1777114864.636,ok
AWS,server,isolated,50,16,3,1.334097,37.4785,0.0,0.0,0.0,0.0,0,0,15.2,15.2,14.4,14.4,858.0,7939.1,1777114871.352,1777114871.352,ok
AWS,server,isolated,50,16,4,1.090412,45.8542,0.0,0.0,0.0,0.0,0,0,17.4,17.4,14.6,14.6,873.2,7939.1,1777114878.253,1777114878.253,ok
AWS,server,isolated,50,16,5,1.184585,42.2089,0.0,0.0,0.0,0.0,0,0,15.7,15.7,13.8,13.8,811.2,7939.1,1777114884.913,1777114884.913,ok
AWS,server,isolated,50,16,6,1.172923,42.6285,0.0,0.0,0.0,0.0,0,0,15.6,15.6,13.9,13.9,818.5,7939.1,1777114891.678,1777114891.678,ok
AWS,server,isolated,50,16,7,1.00666,49.6692,0.0,0.0,0.0,0.0,0,0,14.9,14.9,14.3,14.3,850.1,7939.1,1777114898.438,1777114898.438,ok
AWS,server,isolated,50,16,8,1.237007,40.4201,0.0,0.0,0.0,0.0,0,0,12.9,12.9,14.4,14.4,857.7,7939.1,1777114904.954,1777114904.954,ok
AWS,server,isolated,50,16,9,1.308451,38.2131,0.0,0.0,0.0,0.0,0,0,15.1,15.1,13.8,13.8,810.6,7939.1,1777114911.835,1777114911.835,ok
AWS,server,isolated,50,16,10,1.184459,42.2134,0.0,0.0,0.0,0.0,0,0,15.9,15.9,13.8,13.8,812.8,7939.1,1777114918.71,1777114918.71,ok
AWS,presigned,isolated,50,16,1,1.106632,45.1822,0.257297,0.130531,0.224287,0.079186,0,0,1.2,1.2,14.0,14.0,828.6,7939.1,1777114933.079,1777114933.079,ok
AWS,presigned,isolated,50,16,2,0.989647,50.5231,0.241791,0.058247,0.203446,0.065895,0,0,10.9,10.9,14.0,14.0,828.9,7939.1,1777114939.256,1777114939.256,ok
AWS,presigned,isolated,50,16,3,1.188401,42.0733,0.27431,0.131483,0.242726,0.10217,0,0,1.1,1.1,14.0,14.0,828.9,7939.1,1777114945.38,1777114945.38,ok
AWS,presigned,isolated,50,16,4,1.050914,47.5776,0.249358,0.133118,0.206937,0.070734,0,0,4.2,4.2,14.0,14.0,828.9,7939.1,1777114951.708,1777114951.708,ok
AWS,presigned,isolated,50,16,5,1.197363,41.7584,0.251001,0.056702,0.228388,0.072329,0,0,1.1,1.1,14.0,14.0,828.8,7939.1,1777114957.824,1777114957.824,ok
AWS,presigned,isolated,50,16,6,1.104478,45.2703,0.278036,0.138274,0.217706,0.072646,0,0,1.1,1.1,14.0,14.0,828.8,7939.1,1777114964.169,1777114964.169,ok
AWS,presigned,isolated,50,16,7,1.134967,44.0541,0.328637,0.145159,0.24222,0.081818,0,0,1.3,1.3,14.0,14.0,828.8,7939.1,1777114970.424,1777114970.424,ok
AWS,presigned,isolated,50,16,8,1.135405,44.0371,0.287978,0.057173,0.226211,0.088325,0,0,1.1,1.1,14.0,14.0,828.8,7939.1,1777114976.622,1777114976.622,ok
AWS,presigned,isolated,50,16,9,1.042751,47.9501,0.292236,0.134716,0.226383,0.088545,0,0,1.5,1.5,14.0,14.0,828.8,7939.1,1777114982.9,1777114982.9,ok
AWS,presigned,isolated,50,16,10,1.09775,45.5477,0.229384,0.141591,0.218813,0.091071,0,0,0.9,0.9,14.0,14.0,828.7,7939.1,1777114989.091,1777114989.091,ok
AZURE,server,isolated,50,16,1,1.197815,41.7427,0.0,0.0,0.0,0.0,0,0,0.6,0.6,13.9,13.9,818.3,7939.1,1777115004.377,1777115004.377,ok
AZURE,server,isolated,50,16,2,1.582947,31.5867,0.0,0.0,0.0,0.0,0,0,4.75,6.4,14.0,14.1,827.75,7939.1,1777115011.172,1777115013.199,ok
AZURE,server,isolated,50,16,3,1.802663,27.7367,0.0,0.0,0.0,0.0,0,0,9.6,16.7,14.1,14.2,834.65,7939.1,1777115018.316,1777115020.343,ok
AZURE,server,isolated,50,16,4,1.741428,28.7121,0.0,0.0,0.0,0.0,0,0,5.6,6.3,14.0,14.2,829.55,7939.1,1777115025.673,1777115027.766,ok
AZURE,server,isolated,50,16,5,2.106803,23.7326,0.0,0.0,0.0,0.0,0,0,11.75,18.1,14.05,14.2,831.4,7939.1,1777115032.979,1777115035.003,ok
AZURE,server,isolated,50,16,6,1.81651,27.5253,0.0,0.0,0.0,0.0,0,0,8.05,15.7,14.05,14.3,835.35,7939.1,1777115040.643,1777115042.668,ok
AZURE,server,isolated,50,16,7,1.241209,40.2833,0.0,0.0,0.0,0.0,0,0,4.1,4.1,14.8,14.8,888.8,7939.1,1777115047.97,1777115047.97,ok
AZURE,server,isolated,50,16,8,1.05611,47.3436,0.0,0.0,0.0,0.0,0,0,4.4,4.4,14.4,14.4,858.5,7939.1,1777115054.784,1777115054.784,ok
AZURE,server,isolated,50,16,9,1.454812,34.3687,0.0,0.0,0.0,0.0,0,0,6.0,8.4,13.8,13.8,813.4,7939.1,1777115061.34,1777115063.373,ok
AZURE,server,isolated,50,16,10,1.26602,39.4938,0.0,0.0,0.0,0.0,0,0,0.3,0.3,13.8,13.8,810.0,7939.1,1777115068.421,1777115068.421,ok
AZURE,presigned,isolated,50,16,1,1.833268,27.2737,0.491067,0.027054,0.438561,0.136926,0,0,0.3,0.3,13.8,13.8,815.0,7939.1,1777115084.036,1777115084.036,ok
AZURE,presigned,isolated,50,16,2,1.806213,27.6822,0.742082,0.024876,0.435069,0.234733,0,0,2.1,2.1,13.8,13.8,815.0,7939.1,1777115090.903,1777115090.903,ok
AZURE,presigned,isolated,50,16,3,1.930395,25.9014,0.4531,0.027358,0.449402,0.1686,0,0,3.3,3.3,13.8,13.8,815.0,7939.1,1777115097.743,1777115097.743,ok
AZURE,presigned,isolated,50,16,4,1.534467,32.5846,0.579769,0.02742,0.367595,0.182256,0,0,0.4,0.4,13.8,13.8,815.0,7939.1,1777115104.709,1777115104.709,ok
AZURE,presigned,isolated,50,16,5,1.887716,26.487,0.612414,0.026991,0.45506,0.255587,0,0,0.5,0.5,13.8,13.8,814.9,7939.1,1777115111.278,1777115111.278,ok
AZURE,presigned,isolated,50,16,6,1.82825,27.3486,0.522803,0.028538,0.439717,0.108592,0,0,0.3,0.3,13.8,13.8,814.8,7939.1,1777115118.203,1777115118.203,ok
AZURE,presigned,isolated,50,16,7,2.140992,23.3537,0.707433,0.026109,0.517604,0.234476,0,0,0.3,0.3,13.8,13.8,814.9,7939.1,1777115125.065,1777115127.09,ok
AZURE,presigned,isolated,50,16,8,1.902139,26.2862,0.782491,0.024352,0.458466,0.2303,0,0,1.2,1.2,13.8,13.8,814.9,7939.1,1777115132.35,1777115132.35,ok
AZURE,presigned,isolated,50,16,9,1.778357,28.1158,0.69599,0.026708,0.427697,0.228003,0,0,0.5,0.5,13.9,13.9,816.1,7939.1,1777115139.171,1777115139.171,ok
AZURE,presigned,isolated,50,16,10,2.129821,23.4762,0.65685,0.027071,0.513283,0.286756,0,0,0.65,0.8,13.9,13.9,816.1,7939.1,1777115145.986,1777115148.01,ok
GCP,server,isolated,50,16,1,4.1831,11.9529,0.0,0.0,0.0,0.0,0,0,3.1,4.9,13.9,14.0,819.57,7939.1,1777115167.655,1777115171.708,ok
GCP,server,isolated,50,16,2,4.519111,11.0641,0.0,0.0,0.0,0.0,0,0,3.67,6.2,14.03,14.1,832.9,7939.1,1777115177.379,1777115181.429,ok
GCP,server,isolated,50,16,3,3.949277,12.6605,0.0,0.0,0.0,0.0,0,0,3.27,3.9,14.13,14.2,839.63,7939.1,1777115187.418,1777115191.468,ok
GCP,server,isolated,50,16,4,4.370484,11.4404,0.0,0.0,0.0,0.0,0,0,4.1,6.1,14.03,14.3,831.8,7939.1,1777115196.911,1777115200.968,ok
GCP,server,isolated,50,16,5,5.485059,9.1157,0.0,0.0,0.0,0.0,0,0,6.87,16.4,13.97,14.1,825.57,7939.1,1777115206.876,1777115210.929,ok
GCP,server,isolated,50,16,6,3.630121,13.7736,0.0,0.0,0.0,0.0,0,0,4.5,8.1,13.97,14.0,824.13,7939.1,1777115217.926,1777115221.98,ok
GCP,server,isolated,50,16,7,3.934058,12.7095,0.0,0.0,0.0,0.0,0,0,6.73,16.2,13.97,14.0,824.57,7939.1,1777115227.054,1777115231.105,ok
GCP,server,isolated,50,16,8,3.936459,12.7018,0.0,0.0,0.0,0.0,0,0,4.33,8.1,13.93,14.0,822.77,7939.1,1777115236.528,1777115240.584,ok
GCP,server,isolated,50,16,9,4.46627,11.195,0.0,0.0,0.0,0.0,0,0,6.77,14.2,14.0,14.2,826.23,7939.1,1777115246.024,1777115250.077,ok
GCP,server,isolated,50,16,10,3.969697,12.5954,0.0,0.0,0.0,0.0,0,0,6.43,15.3,14.27,14.4,846.7,7939.1,1777115255.988,1777115260.04,ok
GCP,presigned,isolated,50,16,1,4.362965,11.4601,1.255548,0.136857,1.084697,0.175987,0,0,0.23,0.3,13.9,13.9,817.9,7939.1,1777115279.902,1777115283.962,ok
GCP,presigned,isolated,50,16,2,4.028268,12.4123,1.258993,0.123459,1.001134,0.179711,0,0,0.25,0.3,13.9,13.9,817.8,7939.1,1777115289.392,1777115291.421,ok
GCP,presigned,isolated,50,16,3,5.191765,9.6306,1.303674,0.123253,1.288906,0.125238,0,0,0.27,0.3,13.9,13.9,817.8,7939.1,1777115298.555,1777115302.605,ok
GCP,presigned,isolated,50,16,4,4.498591,11.1146,0.920152,0.424156,1.119512,0.232849,0,0,0.3,0.5,13.9,13.9,817.8,7939.1,1777115309.173,1777115313.221,ok
GCP,presigned,isolated,50,16,5,4.085039,12.2398,1.028142,0.138345,1.010917,0.098004,0,0,0.33,0.5,13.9,13.9,817.8,7939.1,1777115318.824,1777115322.872,ok
GCP,presigned,isolated,50,16,6,4.180607,11.96,1.098335,0.128037,1.039299,0.121981,0,0,0.3,0.3,13.9,13.9,817.8,7939.1,1777115328.038,1777115332.089,ok
GCP,presigned,isolated,50,16,7,4.495924,11.1212,1.528164,0.135498,1.119664,0.315076,0,0,0.33,0.5,13.9,13.9,817.8,7939.1,1777115337.36,1777115341.412,ok
GCP,presigned,isolated,50,16,8,4.668294,10.7105,1.10204,0.12778,1.160928,0.062668,0,0,0.4,0.7,13.9,13.9,817.7,7939.1,1777115346.992,1777115351.041,ok
GCP,presigned,isolated,50,16,9,4.876938,10.2523,1.254371,0.446165,1.214006,0.083728,0,0,0.23,0.3,13.9,13.9,817.7,7939.1,1777115357.114,1777115361.164,ok
GCP,presigned,isolated,50,16,10,4.55113,10.9863,1.003755,0.127252,1.130543,0.094633,0,0,0.3,0.3,13.9,13.9,817.7,7939.1,1777115367.122,1777115371.174,ok
AWS,server,isolated,50,25,1,0.81373,61.4454,0.0,0.0,0.0,0.0,0,0,11.7,11.7,14.1,14.1,838.0,7939.1,1777115384.409,1777115384.409,ok
AWS,server,isolated,50,25,2,0.738355,67.7181,0.0,0.0,0.0,0.0,0,0,7.3,7.3,15.0,15.0,904.9,7939.1,1777115390.725,1777115390.725,ok
AWS,server,isolated,50,25,3,0.922054,54.2268,0.0,0.0,0.0,0.0,0,0,11.0,11.0,15.1,15.1,916.2,7939.1,1777115396.991,1777115396.991,ok
AWS,server,isolated,50,25,4,0.869531,57.5023,0.0,0.0,0.0,0.0,0,0,12.0,12.0,15.3,15.3,934.6,7939.1,1777115403.501,1777115403.501,ok
AWS,server,isolated,50,25,5,0.865469,57.7721,0.0,0.0,0.0,0.0,0,0,11.2,11.2,15.8,15.8,970.5,7939.1,1777115409.92,1777115409.92,ok
AWS,server,isolated,50,25,6,0.85934,58.1842,0.0,0.0,0.0,0.0,0,0,11.3,11.3,15.3,15.3,927.8,7939.1,1777115416.331,1777115416.331,ok
AWS,server,isolated,50,25,7,0.88726,56.3533,0.0,0.0,0.0,0.0,0,0,11.3,11.3,15.2,15.2,924.9,7939.1,1777115422.723,1777115422.723,ok
AWS,server,isolated,50,25,8,0.833493,59.9885,0.0,0.0,0.0,0.0,0,0,11.4,11.4,14.9,14.9,895.5,7939.1,1777115429.185,1777115429.185,ok
AWS,server,isolated,50,25,9,0.854955,58.4826,0.0,0.0,0.0,0.0,0,0,11.5,11.5,15.4,15.4,936.0,7939.1,1777115435.555,1777115435.555,ok
AWS,server,isolated,50,25,10,0.818363,61.0976,0.0,0.0,0.0,0.0,0,0,11.1,11.1,15.5,15.5,946.6,7939.1,1777115441.965,1777115441.965,ok
AWS,presigned,isolated,50,25,1,0.879397,56.8571,0.366752,0.054041,0.333475,0.047067,0,0,0.9,0.9,16.1,16.1,993.0,7939.1,1777115455.256,1777115455.256,ok
AWS,presigned,isolated,50,25,2,0.857933,58.2796,0.364051,0.127288,0.363383,0.000949,0,0,8.2,8.2,16.1,16.1,993.1,7939.1,1777115461.269,1777115461.269,ok
AWS,presigned,isolated,50,25,3,0.839846,59.5347,0.362735,0.137025,0.349228,0.019105,0,0,1.0,1.0,16.1,16.1,993.1,7939.1,1777115467.274,1777115467.274,ok
AWS,presigned,isolated,50,25,4,0.889829,56.1905,0.344587,0.056374,0.334102,0.014832,0,0,0.7,0.7,16.1,16.1,992.8,7939.1,1777115473.181,1777115473.181,ok
AWS,presigned,isolated,50,25,5,0.818647,61.0764,0.355629,0.137438,0.34412,0.01628,0,0,1.4,1.4,16.1,16.1,992.8,7939.1,1777115479.214,1777115479.214,ok
AWS,presigned,isolated,50,25,6,0.871442,57.3761,0.396188,0.132677,0.364588,0.044692,0,0,2.8,2.8,16.1,16.1,992.8,7939.1,1777115485.173,1777115485.173,ok
AWS,presigned,isolated,50,25,7,0.949989,52.6322,0.410873,0.053399,0.366759,0.06239,0,0,0.6,0.6,16.1,16.1,992.8,7939.1,1777115491.104,1777115491.104,ok
AWS,presigned,isolated,50,25,8,0.87378,57.2226,0.31292,0.133643,0.336711,0.033641,0,0,0.9,0.9,16.1,16.1,992.7,7939.1,1777115497.196,1777115497.196,ok
AWS,presigned,isolated,50,25,9,0.834106,59.9444,0.319821,0.138397,0.341474,0.030617,0,0,1.0,1.0,16.1,16.1,992.7,7939.1,1777115503.215,1777115503.215,ok
AWS,presigned,isolated,50,25,10,0.922571,54.1964,0.386786,0.133383,0.382279,0.006377,0,0,1.3,1.3,16.1,16.1,992.7,7939.1,1777115509.189,1777115509.189,ok
AZURE,server,isolated,50,25,1,1.320267,37.8711,0.0,0.0,0.0,0.0,0,0,5.2,5.2,17.1,17.1,1073.7,7939.1,1777115524.29,1777115524.29,ok
AZURE,server,isolated,50,25,2,1.465709,34.1132,0.0,0.0,0.0,0.0,0,0,3.3,3.3,16.9,16.9,1061.4,7939.1,1777115531.219,1777115531.219,ok
AZURE,server,isolated,50,25,3,1.665218,30.0261,0.0,0.0,0.0,0.0,0,0,6.55,7.3,16.8,17.0,1050.7,7939.1,1777115538.252,1777115540.277,ok
AZURE,server,isolated,50,25,4,1.315471,38.0092,0.0,0.0,0.0,0.0,0,0,0.3,0.3,16.7,16.7,1044.8,7939.1,1777115545.464,1777115545.464,ok
AZURE,server,isolated,50,25,5,1.489499,33.5683,0.0,0.0,0.0,0.0,0,0,5.6,5.6,16.2,16.2,999.2,7939.1,1777115552.341,1777115552.341,ok
AZURE,server,isolated,50,25,6,1.020987,48.9722,0.0,0.0,0.0,0.0,0,0,4.5,4.5,17.0,17.0,1064.2,7939.1,1777115559.314,1777115559.314,ok
AZURE,server,isolated,50,25,7,1.577102,31.7037,0.0,0.0,0.0,0.0,0,0,5.5,6.1,16.85,17.1,1057.4,7939.1,1777115565.838,1777115567.87,ok
AZURE,server,isolated,50,25,8,1.521805,32.8557,0.0,0.0,0.0,0.0,0,0,5.05,5.1,16.65,16.7,1039.0,7939.1,1777115572.955,1777115574.982,ok
AZURE,server,isolated,50,25,9,1.290031,38.7588,0.0,0.0,0.0,0.0,0,0,4.7,4.7,16.2,16.2,1004.1,7939.1,1777115580.057,1777115580.057,ok
AZURE,server,isolated,50,25,10,1.423851,35.116,0.0,0.0,0.0,0.0,0,0,5.0,5.0,16.9,16.9,1056.3,7939.1,1777115586.896,1777115586.896,ok
AZURE,presigned,isolated,50,25,1,1.37519,36.3586,0.626758,0.028819,0.650071,0.032835,0,0,3.2,3.2,16.3,16.3,1006.5,7939.1,1777115602.159,1777115602.159,ok
AZURE,presigned,isolated,50,25,2,1.740625,28.7253,0.667465,0.026806,0.769908,0.144767,0,0,1.9,1.9,16.3,16.3,1006.5,7939.1,1777115608.569,1777115608.569,ok
AZURE,presigned,isolated,50,25,3,1.405065,35.5855,0.644531,0.028308,0.669186,0.034619,0,0,0.9,0.9,16.3,16.3,1006.5,7939.1,1777115615.347,1777115615.347,ok
AZURE,presigned,isolated,50,25,4,1.367258,36.5695,0.74191,0.029679,0.647048,0.134275,0,0,0.6,0.6,16.3,16.3,1006.7,7939.1,1777115621.79,1777115621.79,ok
AZURE,presigned,isolated,50,25,5,1.562882,31.9922,0.552855,0.030562,0.742161,0.26754,0,0,0.6,0.6,16.3,16.3,1006.7,7939.1,1777115628.2,1777115628.2,ok
AZURE,presigned,isolated,50,25,6,1.475591,33.8847,0.702033,0.031662,0.704623,0.003526,0,0,0.4,0.4,16.3,16.3,1006.7,7939.1,1777115634.804,1777115634.804,ok
AZURE,presigned,isolated,50,25,7,1.768807,28.2676,0.796905,0.033254,0.848752,0.073179,0,0,0.6,0.6,16.3,16.3,1006.7,7939.1,1777115641.323,1777115641.323,ok
AZURE,presigned,isolated,50,25,8,1.243886,40.1966,0.478251,0.029113,0.585338,0.151342,0,0,0.4,0.4,16.3,16.3,1006.7,7939.1,1777115648.126,1777115648.126,ok
AZURE,presigned,isolated,50,25,9,1.358303,36.8106,0.757116,0.027802,0.648056,0.154355,0,0,0.4,0.4,16.3,16.3,1006.7,7939.1,1777115654.395,1777115654.395,ok
AZURE,presigned,isolated,50,25,10,1.751805,28.542,0.903954,0.030291,0.840279,0.090157,0,0,0.5,0.5,16.3,16.3,1006.7,7939.1,1777115660.79,1777115660.79,ok
GCP,server,isolated,50,25,1,3.158772,15.8289,0.0,0.0,0.0,0.0,0,0,4.05,5.2,16.4,16.6,1015.95,7939.1,1777115680.016,1777115682.043,ok
GCP,server,isolated,50,25,2,2.905656,17.2078,0.0,0.0,0.0,0.0,0,0,4.7,4.9,16.7,16.7,1041.65,7939.1,1777115688.787,1777115690.814,ok
GCP,server,isolated,50,25,3,3.066185,16.3069,0.0,0.0,0.0,0.0,0,0,10.25,15.8,16.55,16.7,1031.65,7939.1,1777115697.188,1777115699.214,ok
GCP,server,isolated,50,25,4,2.899551,17.244,0.0,0.0,0.0,0.0,0,0,4.25,4.3,16.5,16.6,1026.1,7939.1,1777115705.81,1777115707.84,ok
GCP,server,isolated,50,25,5,2.78995,17.9215,0.0,0.0,0.0,0.0,0,0,4.5,4.6,16.85,17.1,1053.85,7939.1,1777115714.287,1777115716.315,ok
GCP,server,isolated,50,25,6,2.848534,17.5529,0.0,0.0,0.0,0.0,0,0,4.15,4.3,16.4,16.6,1014.75,7939.1,1777115722.568,1777115724.595,ok
GCP,server,isolated,50,25,7,3.302692,15.1392,0.0,0.0,0.0,0.0,0,0,4.65,5.0,16.25,16.3,1007.1,7939.1,1777115730.936,1777115732.966,ok
GCP,server,isolated,50,25,8,2.86141,17.4739,0.0,0.0,0.0,0.0,0,0,8.1,15.3,16.45,16.7,1020.65,7939.1,1777115739.859,1777115741.888,ok
GCP,server,isolated,50,25,9,2.67935,18.6612,0.0,0.0,0.0,0.0,0,0,2.45,4.5,16.4,16.4,1019.2,7939.1,1777115748.228,1777115750.254,ok
GCP,server,isolated,50,25,10,2.941668,16.9972,0.0,0.0,0.0,0.0,0,0,2.55,4.5,16.7,16.7,1044.85,7939.1,1777115756.459,1777115758.489,ok
GCP,presigned,isolated,50,25,1,3.185501,15.6961,1.437364,0.130937,1.564578,0.179601,0,0,1.35,2.5,16.3,16.3,1013.0,7939.1,1777115775.638,1777115777.663,ok
GCP,presigned,isolated,50,25,2,2.938695,17.0144,1.333584,0.137984,1.445176,0.157643,0,0,0.25,0.3,16.3,16.3,1012.9,7939.1,1777115783.969,1777115785.992,ok
GCP,presigned,isolated,50,25,3,2.538355,19.6978,1.111081,0.124063,1.247729,0.193037,0,0,0.35,0.4,16.3,16.3,1013.0,7939.1,1777115792.04,1777115794.065,ok
GCP,presigned,isolated,50,25,4,2.879335,17.3651,1.100405,0.14433,1.417336,0.448062,0,0,0.3,0.3,16.3,16.3,1012.95,7939.1,1777115799.736,1777115801.763,ok
GCP,presigned,isolated,50,25,5,2.721779,18.3703,1.33528,0.126433,1.337938,0.003632,0,0,0.3,0.3,16.3,16.3,1012.9,7939.1,1777115807.755,1777115809.781,ok
GCP,presigned,isolated,50,25,6,2.667049,18.7473,1.093133,0.448505,1.310227,0.306885,0,0,0.25,0.3,16.3,16.3,1012.9,7939.1,1777115815.933,1777115817.961,ok
GCP,presigned,isolated,50,25,7,2.43028,20.5738,1.091432,0.123548,1.190298,0.13962,0,0,0.5,0.6,16.2,16.2,1005.3,7939.1,1777115823.734,1777115825.761,ok
GCP,presigned,isolated,50,25,8,2.451751,20.3936,1.170367,0.140221,1.203325,0.046473,0,0,0.25,0.5,16.2,16.2,1005.3,7939.1,1777115831.312,1777115833.337,ok
GCP,presigned,isolated,50,25,9,2.890626,17.2973,1.360586,0.140592,1.417425,0.080194,0,0,0.4,0.5,16.2,16.2,1005.25,7939.1,1777115838.916,1777115840.939,ok
GCP,presigned,isolated,50,25,10,3.118994,16.0308,1.404193,0.13499,1.535463,0.185503,0,0,0.3,0.4,16.2,16.2,1005.2,7939.1,1777115846.951,1777115848.976,ok
AWS,server,isolated,50,50,1,0.731509,68.3519,0.0,0.0,0.0,0.0,0,0,9.1,9.1,16.2,16.2,999.9,7939.1,1777115862.723,1777115862.723,ok
AWS,server,isolated,50,50,2,0.728235,68.6592,0.0,0.0,0.0,0.0,0,0,4.0,4.0,16.3,16.3,1006.8,7939.1,1777115868.948,1777115868.948,ok
AWS,server,isolated,50,50,3,0.709557,70.4665,0.0,0.0,0.0,0.0,0,0,5.5,5.5,16.8,16.8,1053.2,7939.1,1777115875.154,1777115875.154,ok
AWS,server,isolated,50,50,4,0.776882,64.3598,0.0,0.0,0.0,0.0,0,0,9.1,9.1,16.1,16.1,998.4,7939.1,1777115881.38,1777115881.38,ok
AWS,server,isolated,50,50,5,0.670431,74.5789,0.0,0.0,0.0,0.0,0,0,9.6,9.6,16.9,16.9,1059.2,7939.1,1777115887.688,1777115887.688,ok
AWS,server,isolated,50,50,6,0.705263,70.8955,0.0,0.0,0.0,0.0,0,0,9.2,9.2,16.8,16.8,1052.8,7939.1,1777115893.882,1777115893.882,ok
AWS,server,isolated,50,50,7,0.631752,79.145,0.0,0.0,0.0,0.0,0,0,9.1,9.1,16.8,16.8,1049.5,7939.1,1777115900.084,1777115900.084,ok
AWS,server,isolated,50,50,8,0.700441,71.3836,0.0,0.0,0.0,0.0,0,0,9.3,9.3,16.2,16.2,1002.5,7939.1,1777115906.264,1777115906.264,ok
AWS,server,isolated,50,50,9,0.678586,73.6826,0.0,0.0,0.0,0.0,0,0,9.2,9.2,16.9,16.9,1060.0,7939.1,1777115912.471,1777115912.471,ok
AWS,server,isolated,50,50,10,0.707001,70.7213,0.0,0.0,0.0,0.0,0,0,9.2,9.2,16.2,16.2,1003.8,7939.1,1777115918.646,1777115918.646,ok
AWS,presigned,isolated,50,50,1,0.806075,62.029,0.568517,0.131441,0.56852,0.0,0,0,6.5,6.5,16.2,16.2,999.4,7939.1,1777115931.717,1777115931.717,ok
AWS,presigned,isolated,50,50,2,0.712902,70.1359,0.547051,0.058179,0.547054,0.0,0,0,6.4,6.4,16.2,16.2,999.4,7939.1,1777115937.592,1777115937.592,ok
AWS,presigned,isolated,50,50,3,0.806802,61.9731,0.566995,0.128593,0.566997,0.0,0,0,0.9,0.9,16.2,16.2,999.4,7939.1,1777115943.438,1777115943.438,ok
AWS,presigned,isolated,50,50,4,0.901288,55.4762,0.572438,0.062767,0.57244,0.0,0,0,1.0,1.0,16.2,16.2,999.4,7939.1,1777115949.317,1777115949.317,ok
AWS,presigned,isolated,50,50,5,0.842785,59.3271,0.584625,0.13376,0.584629,0.0,0,0,1.1,1.1,16.2,16.2,999.4,7939.1,1777115955.36,1777115955.36,ok
AWS,presigned,isolated,50,50,6,0.833356,59.9984,0.579343,0.057124,0.579346,0.0,0,0,1.0,1.0,16.2,16.2,999.4,7939.1,1777115961.268,1777115961.268,ok
AWS,presigned,isolated,50,50,7,0.802944,62.2709,0.549591,0.056896,0.549593,0.0,0,0,0.8,0.8,16.2,16.2,999.4,7939.1,1777115967.165,1777115967.165,ok
AWS,presigned,isolated,50,50,8,0.916155,54.5759,0.666169,0.164581,0.666172,0.0,0,0,1.0,1.0,16.2,16.2,999.4,7939.1,1777115973.141,1777115973.141,ok
AWS,presigned,isolated,50,50,9,0.841823,59.3949,0.582515,0.057997,0.582517,0.0,0,0,1.1,1.1,16.2,16.2,999.3,7939.1,1777115979.121,1777115979.121,ok
AWS,presigned,isolated,50,50,10,0.744549,67.1548,0.572976,0.126792,0.572978,0.0,0,0,1.1,1.1,16.2,16.2,999.3,7939.1,1777115985.093,1777115985.093,ok
AZURE,server,isolated,50,50,1,1.267896,39.4354,0.0,0.0,0.0,0.0,0,0,3.4,3.4,16.9,16.9,1056.9,7939.1,1777116000.488,1777116000.488,ok
AZURE,server,isolated,50,50,2,1.531491,32.6479,0.0,0.0,0.0,0.0,0,0,5.45,5.5,17.0,17.3,1067.6,7939.1,1777116007.345,1777116009.37,ok
AZURE,server,isolated,50,50,3,1.306582,38.2678,0.0,0.0,0.0,0.0,0,0,4.4,4.4,17.0,17.0,1069.8,7939.1,1777116014.425,1777116014.425,ok
AZURE,server,isolated,50,50,4,1.335081,37.4509,0.0,0.0,0.0,0.0,0,0,4.6,4.6,16.4,16.4,1016.8,7939.1,1777116021.26,1777116021.26,ok
AZURE,server,isolated,50,50,5,1.243409,40.212,0.0,0.0,0.0,0.0,0,0,5.0,5.0,16.3,16.3,1011.5,7939.1,1777116028.174,1777116028.174,ok
AZURE,server,isolated,50,50,6,1.345892,37.1501,0.0,0.0,0.0,0.0,0,0,5.2,5.2,17.0,17.0,1064.4,7939.1,1777116035.002,1777116035.002,ok
AZURE,server,isolated,50,50,7,1.522254,32.846,0.0,0.0,0.0,0.0,0,0,4.2,4.2,16.3,16.3,1011.6,7939.1,1777116041.857,1777116041.857,ok
AZURE,server,isolated,50,50,8,1.092294,45.7752,0.0,0.0,0.0,0.0,0,0,5.0,5.0,16.2,16.2,1003.5,7939.1,1777116048.856,1777116048.856,ok
AZURE,server,isolated,50,50,9,1.214215,41.1789,0.0,0.0,0.0,0.0,0,0,5.3,5.3,16.8,16.8,1051.4,7939.1,1777116055.521,1777116055.521,ok
AZURE,server,isolated,50,50,10,1.271537,39.3225,0.0,0.0,0.0,0.0,0,0,7.95,10.8,16.35,16.5,1017.3,7939.1,1777116062.469,1777116064.509,ok
AZURE,presigned,isolated,50,50,1,1.540007,32.4674,1.437266,0.026263,1.437352,0.0,0,0,4.9,4.9,16.2,16.2,1001.3,7939.1,1777116077.536,1777116077.536,ok
AZURE,presigned,isolated,50,50,2,1.386596,36.0595,1.28541,0.027056,1.285483,0.0,0,0,0.4,0.4,16.2,16.2,1001.3,7939.1,1777116084.107,1777116084.107,ok
AZURE,presigned,isolated,50,50,3,1.842897,27.1312,1.69859,0.029367,1.698739,0.0,0,0,3.8,3.8,16.2,16.2,1001.3,7939.1,1777116090.533,1777116090.533,ok
AZURE,presigned,isolated,50,50,4,1.547729,32.3054,1.442088,0.027811,1.442172,0.0,0,0,0.4,0.4,16.2,16.2,1001.1,7939.1,1777116097.411,1777116097.411,ok
AZURE,presigned,isolated,50,50,5,1.315605,38.0053,1.21628,0.027722,1.21635,0.0,0,0,0.4,0.4,16.2,16.2,1001.6,7939.1,1777116103.988,1777116103.988,ok
AZURE,presigned,isolated,50,50,6,1.248265,40.0556,1.151009,0.027532,1.151074,0.0,0,0,0.4,0.4,16.2,16.2,1001.6,7939.1,1777116110.34,1777116110.34,ok
AZURE,presigned,isolated,50,50,7,1.434883,34.846,1.338475,0.028482,1.338613,0.0,0,0,0.4,0.4,16.2,16.2,1001.6,7939.1,1777116116.623,1777116116.623,ok
AZURE,presigned,isolated,50,50,8,1.416377,35.3013,1.304373,0.028313,1.304447,0.0,0,0,0.4,0.4,16.2,16.2,1001.6,7939.1,1777116123.096,1777116123.096,ok
AZURE,presigned,isolated,50,50,9,1.561178,32.0271,1.461081,0.026845,1.461215,0.0,0,0,0.4,0.4,16.2,16.2,1001.6,7939.1,1777116129.541,1777116129.541,ok
AZURE,presigned,isolated,50,50,10,1.436032,34.8182,1.337937,0.026642,1.338036,0.0,0,0,0.4,0.4,16.2,16.2,1001.6,7939.1,1777116136.135,1777116136.135,ok
GCP,server,isolated,50,50,1,2.043302,24.4702,0.0,0.0,0.0,0.0,0,0,5.0,5.1,16.85,17.0,1052.15,7939.1,1777116153.134,1777116155.162,ok
GCP,server,isolated,50,50,2,2.444011,20.4582,0.0,0.0,0.0,0.0,0,0,4.6,5.2,17.1,17.4,1072.55,7939.1,1777116160.773,1777116162.8,ok
GCP,server,isolated,50,50,3,2.097247,23.8408,0.0,0.0,0.0,0.0,0,0,4.05,4.5,16.9,17.0,1055.2,7939.1,1777116168.763,1777116170.792,ok
GCP,server,isolated,50,50,4,2.077787,24.0641,0.0,0.0,0.0,0.0,0,0,11.05,17.3,16.75,17.0,1046.55,7939.1,1777116176.355,1777116178.383,ok
GCP,server,isolated,50,50,5,2.509621,19.9233,0.0,0.0,0.0,0.0,0,0,2.7,5.0,17.0,17.4,1064.9,7939.1,1777116183.98,1777116186.006,ok
GCP,server,isolated,50,50,6,2.549613,19.6108,0.0,0.0,0.0,0.0,0,0,4.75,5.4,16.55,16.8,1031.95,7939.1,1777116192.057,1777116194.082,ok
GCP,server,isolated,50,50,7,2.140229,23.362,0.0,0.0,0.0,0.0,0,0,4.4,4.6,16.45,16.7,1020.7,7939.1,1777116200.141,1777116202.164,ok
GCP,server,isolated,50,50,8,2.079579,24.0433,0.0,0.0,0.0,0.0,0,0,4.35,4.4,16.75,16.8,1044.05,7939.1,1777116207.759,1777116209.783,ok
GCP,server,isolated,50,50,9,2.293827,21.7976,0.0,0.0,0.0,0.0,0,0,3.75,4.8,16.55,16.7,1027.9,7939.1,1777116215.393,1777116217.419,ok
GCP,server,isolated,50,50,10,2.076623,24.0776,0.0,0.0,0.0,0.0,0,0,4.6,4.7,16.55,16.9,1029.25,7939.1,1777116223.245,1777116225.269,ok
GCP,presigned,isolated,50,50,1,1.75359,28.5129,1.701943,0.142015,1.702134,0.0,0,0,0.3,0.3,16.5,16.5,1028.7,7939.1,1777116240.128,1777116240.128,ok
GCP,presigned,isolated,50,50,2,1.766255,28.3085,1.719559,0.139959,1.719733,0.0,0,0,0.4,0.4,16.5,16.5,1028.6,7939.1,1777116247.03,1777116247.03,ok
GCP,presigned,isolated,50,50,3,2.027505,24.6608,1.970501,0.154001,1.970684,0.0,0,0,0.2,0.2,16.5,16.5,1029.1,7939.1,1777116253.963,1777116253.963,ok
GCP,presigned,isolated,50,50,4,2.035845,24.5598,1.979031,0.435491,1.97928,0.0,0,0,1.2,1.2,16.5,16.5,1028.6,7939.1,1777116261.434,1777116261.434,ok
GCP,presigned,isolated,50,50,5,1.755615,28.48,1.706836,0.13753,1.707038,0.0,0,0,0.2,0.2,16.5,16.5,1028.8,7939.1,1777116268.62,1777116268.62,ok
GCP,presigned,isolated,50,50,6,1.727995,28.9353,1.683673,0.136748,1.683856,0.0,0,0,0.2,0.2,16.5,16.5,1028.6,7939.1,1777116275.52,1777116275.52,ok
GCP,presigned,isolated,50,50,7,1.788195,27.9611,1.731732,0.149808,1.731938,0.0,0,0,0.2,0.2,16.5,16.5,1028.8,7939.1,1777116282.409,1777116282.409,ok
GCP,presigned,isolated,50,50,8,2.054132,24.3412,1.996335,0.13416,1.99659,0.0,0,0,0.2,0.2,16.5,16.5,1028.75,7939.1,1777116289.34,1777116291.368,ok
GCP,presigned,isolated,50,50,9,1.868311,26.7621,1.809656,0.143813,1.809919,0.0,0,0,0.2,0.2,16.5,16.5,1028.7,7939.1,1777116296.565,1777116296.565,ok
GCP,presigned,isolated,50,50,10,3.361734,14.8733,3.313595,0.130214,3.313863,0.0,0,0,0.35,0.5,16.5,16.5,1028.7,7939.1,1777116303.572,1777116305.598,ok
AWS,server,isolated,50,100,1,0.582436,85.8463,0.0,0.0,0.0,0.0,0,0,9.1,9.1,16.4,16.4,1015.1,7939.1,1777116319.28,1777116319.28,ok
AWS,server,isolated,50,100,2,0.589849,84.7675,0.0,0.0,0.0,0.0,0,0,8.8,8.8,16.4,16.4,1019.0,7939.1,1777116325.412,1777116325.412,ok
AWS,server,isolated,50,100,3,0.520875,95.9923,0.0,0.0,0.0,0.0,0,0,9.0,9.0,16.2,16.2,999.8,7939.1,1777116331.572,1777116331.572,ok
AWS,server,isolated,50,100,4,0.502087,99.5843,0.0,0.0,0.0,0.0,0,0,6.0,6.0,16.2,16.2,999.3,7939.1,1777116337.658,1777116337.658,ok
AWS,server,isolated,50,100,5,0.496827,100.6387,0.0,0.0,0.0,0.0,0,0,8.9,8.9,16.4,16.4,1021.1,7939.1,1777116343.743,1777116343.743,ok
AWS,server,isolated,50,100,6,0.514597,97.1634,0.0,0.0,0.0,0.0,0,0,8.6,8.6,16.1,16.1,997.3,7939.1,1777116349.797,1777116349.797,ok
AWS,server,isolated,50,100,7,0.708209,70.6006,0.0,0.0,0.0,0.0,0,0,8.8,8.8,16.1,16.1,997.4,7939.1,1777116355.895,1777116355.895,ok
AWS,server,isolated,50,100,8,0.573968,87.1129,0.0,0.0,0.0,0.0,0,0,6.9,6.9,16.9,16.9,1058.3,7939.1,1777116362.242,1777116362.242,ok
AWS,server,isolated,50,100,9,0.491849,101.6572,0.0,0.0,0.0,0.0,0,0,9.1,9.1,16.0,16.0,990.0,7939.1,1777116368.396,1777116368.396,ok
AWS,server,isolated,50,100,10,0.611727,81.7358,0.0,0.0,0.0,0.0,0,0,9.1,9.1,16.5,16.5,1025.6,7939.1,1777116374.398,1777116374.398,ok
AWS,presigned,isolated,50,100,1,0.825681,60.5561,0.570779,0.150574,0.570781,0.0,0,0,0.9,0.9,16.2,16.2,1004.1,7939.1,1777116387.336,1777116387.336,ok
AWS,presigned,isolated,50,100,2,0.872573,57.3018,0.588119,0.061718,0.588122,0.0,0,0,0.9,0.9,16.2,16.2,1004.4,7939.1,1777116393.235,1777116393.235,ok
AWS,presigned,isolated,50,100,3,0.783613,63.807,0.536321,0.060715,0.536324,0.0,0,0,5.9,5.9,16.3,16.3,1008.8,7939.1,1777116399.178,1777116399.178,ok
AWS,presigned,isolated,50,100,4,0.814407,61.3944,0.55755,0.141817,0.557553,0.0,0,0,1.4,1.4,16.3,16.3,1008.8,7939.1,1777116405.103,1777116405.103,ok
AWS,presigned,isolated,50,100,5,0.743965,67.2075,0.570727,0.148676,0.57073,0.0,0,0,1.3,1.3,16.3,16.3,1008.7,7939.1,1777116411.07,1777116411.07,ok
AWS,presigned,isolated,50,100,6,0.729382,68.5512,0.569357,0.132724,0.569359,0.0,0,0,1.3,1.3,16.3,16.3,1008.7,7939.1,1777116416.954,1777116416.954,ok
AWS,presigned,isolated,50,100,7,0.874838,57.1534,0.557375,0.054841,0.557378,0.0,0,0,1.1,1.1,16.3,16.3,1008.6,7939.1,1777116422.747,1777116422.747,ok
AWS,presigned,isolated,50,100,8,0.71776,69.6612,0.552663,0.053815,0.552665,0.0,0,0,0.8,0.8,16.3,16.3,1008.6,7939.1,1777116428.678,1777116428.678,ok
AWS,presigned,isolated,50,100,9,0.730137,68.4803,0.568075,0.051424,0.568078,0.0,0,0,0.7,0.7,16.3,16.3,1008.6,7939.1,1777116434.455,1777116434.455,ok
AWS,presigned,isolated,50,100,10,0.816789,61.2153,0.548239,0.060161,0.548241,0.0,0,0,0.6,0.6,16.3,16.3,1008.6,7939.1,1777116440.256,1777116440.256,ok
AZURE,server,isolated,50,100,1,1.882939,26.5542,0.0,0.0,0.0,0.0,0,0,5.0,5.5,16.75,17.0,1046.7,7939.1,1777116454.959,1777116456.984,ok
AZURE,server,isolated,50,100,2,1.223366,40.8708,0.0,0.0,0.0,0.0,0,0,5.2,5.2,16.3,16.3,1009.5,7939.1,1777116462.419,1777116462.419,ok
AZURE,server,isolated,50,100,3,1.683119,29.7068,0.0,0.0,0.0,0.0,0,0,11.65,18.3,16.75,16.9,1047.45,7939.1,1777116469.186,1777116471.21,ok
AZURE,server,isolated,50,100,4,1.598014,31.2888,0.0,0.0,0.0,0.0,0,0,4.8,5.7,16.65,16.8,1040.65,7939.1,1777116476.393,1777116478.416,ok
AZURE,server,isolated,50,100,5,1.349878,37.0404,0.0,0.0,0.0,0.0,0,0,3.0,3.0,16.2,16.2,1001.5,7939.1,1777116483.49,1777116483.49,ok
AZURE,server,isolated,50,100,6,1.346198,37.1416,0.0,0.0,0.0,0.0,0,0,5.5,5.5,16.3,16.3,1009.5,7939.1,1777116490.379,1777116490.379,ok
AZURE,server,isolated,50,100,7,1.394971,35.843,0.0,0.0,0.0,0.0,0,0,5.2,5.2,16.3,16.3,1010.3,7939.1,1777116497.214,1777116497.214,ok
AZURE,server,isolated,50,100,8,1.066204,46.8953,0.0,0.0,0.0,0.0,0,0,5.1,5.1,16.4,16.4,1017.4,7939.1,1777116504.139,1777116504.139,ok
AZURE,server,isolated,50,100,9,1.352145,36.9783,0.0,0.0,0.0,0.0,0,0,4.9,4.9,17.0,17.0,1066.8,7939.1,1777116510.712,1777116510.712,ok
AZURE,server,isolated,50,100,10,1.624378,30.781,0.0,0.0,0.0,0.0,0,0,4.6,4.8,16.55,16.8,1030.4,7939.1,1777116517.535,1777116519.561,ok
AZURE,presigned,isolated,50,100,1,1.492729,33.4957,1.397565,0.02559,1.39765,0.0,0,0,0.5,0.5,16.4,16.4,1019.2,7939.1,1777116532.358,1777116532.358,ok
AZURE,presigned,isolated,50,100,2,1.18928,42.0422,1.09423,0.028041,1.094296,0.0,0,0,0.3,0.3,16.3,16.3,1010.7,7939.1,1777116538.888,1777116538.888,ok
AZURE,presigned,isolated,50,100,3,1.615771,30.945,1.526442,0.024481,1.526512,0.0,0,0,1.4,1.4,16.3,16.3,1010.7,7939.1,1777116545.107,1777116545.107,ok
AZURE,presigned,isolated,50,100,4,1.321995,37.8216,1.218396,0.029129,1.218477,0.0,0,0,0.5,0.5,16.3,16.3,1010.7,7939.1,1777116551.761,1777116551.761,ok
AZURE,presigned,isolated,50,100,5,1.483744,33.6985,1.38229,0.027043,1.382355,0.0,0,0,0.3,0.3,16.3,16.3,1010.6,7939.1,1777116558.114,1777116558.114,ok
AZURE,presigned,isolated,50,100,6,1.121203,44.5949,1.027001,0.025976,1.027062,0.0,0,0,0.4,0.4,16.3,16.3,1010.6,7939.1,1777116564.629,1777116564.629,ok
AZURE,presigned,isolated,50,100,7,1.329424,37.6103,1.239202,0.025096,1.239289,0.0,0,0,0.3,0.3,16.3,16.3,1010.6,7939.1,1777116570.781,1777116570.781,ok
AZURE,presigned,isolated,50,100,8,1.497394,33.3913,1.406826,0.027012,1.406898,0.0,0,0,0.4,0.4,16.3,16.3,1010.6,7939.1,1777116577.146,1777116577.146,ok
AZURE,presigned,isolated,50,100,9,1.492757,33.4951,1.400163,0.02482,1.400224,0.0,0,0,0.4,0.4,16.3,16.3,1010.6,7939.1,1777116583.675,1777116583.675,ok
AZURE,presigned,isolated,50,100,10,1.465697,34.1135,1.358839,0.028598,1.358914,0.0,0,0,0.4,0.4,16.1,16.1,995.1,7939.1,1777116590.207,1777116590.207,ok
GCP,server,isolated,50,100,1,2.088525,23.9403,0.0,0.0,0.0,0.0,0,0,3.7,6.9,16.75,16.8,1045.05,7939.1,1777116607.32,1777116609.345,ok
GCP,server,isolated,50,100,2,2.063528,24.2303,0.0,0.0,0.0,0.0,0,0,4.85,5.2,17.1,17.2,1073.8,7939.1,1777116614.882,1777116616.909,ok
GCP,server,isolated,50,100,3,1.854447,26.9622,0.0,0.0,0.0,0.0,0,0,5.75,7.6,16.8,16.8,1049.6,7939.1,1777116622.496,1777116624.524,ok
GCP,server,isolated,50,100,4,1.930479,25.9003,0.0,0.0,0.0,0.0,0,0,5.2,7.5,16.8,17.1,1047.0,7939.1,1777116629.897,1777116631.921,ok
GCP,server,isolated,50,100,5,2.247639,22.2456,0.0,0.0,0.0,0.0,0,0,4.85,4.9,17.1,17.2,1073.6,7939.1,1777116637.41,1777116639.434,ok
GCP,server,isolated,50,100,6,1.958099,25.535,0.0,0.0,0.0,0.0,0,0,2.95,5.4,16.55,16.8,1031.8,7939.1,1777116645.202,1777116647.225,ok
GCP,server,isolated,50,100,7,1.926691,25.9512,0.0,0.0,0.0,0.0,0,0,9.3,18.2,16.6,16.8,1036.25,7939.1,1777116652.722,1777116654.746,ok
GCP,server,isolated,50,100,8,1.828007,27.3522,0.0,0.0,0.0,0.0,0,0,4.75,4.8,16.65,16.7,1037.1,7939.1,1777116660.219,1777116662.241,ok
GCP,server,isolated,50,100,9,1.805103,27.6993,0.0,0.0,0.0,0.0,0,0,8.95,15.3,16.5,16.6,1026.0,7939.1,1777116667.518,1777116669.544,ok
GCP,server,isolated,50,100,10,1.96175,25.4874,0.0,0.0,0.0,0.0,0,0,4.0,5.3,16.45,16.6,1025.15,7939.1,1777116674.821,1777116676.85,ok
GCP,presigned,isolated,50,100,1,1.703653,29.3487,1.660079,0.125128,1.660412,0.0,0,0,0.2,0.2,16.3,16.3,1013.6,7939.1,1777116691.949,1777116691.949,ok
GCP,presigned,isolated,50,100,2,1.666384,30.0051,1.611706,0.127694,1.611899,0.0,0,0,0.3,0.3,16.3,16.3,1012.1,7939.1,1777116698.793,1777116698.793,ok
GCP,presigned,isolated,50,100,3,1.762346,28.3713,1.715722,0.132145,1.715953,0.0,0,0,0.2,0.2,16.3,16.3,1011.9,7939.1,1777116705.599,1777116705.599,ok
GCP,presigned,isolated,50,100,4,2.084731,23.9839,2.030916,0.128219,2.031095,0.0,0,0,0.3,0.3,16.3,16.3,1011.75,7939.1,1777116712.499,1777116714.524,ok
GCP,presigned,isolated,50,100,5,1.730275,28.8971,1.674626,0.127713,1.674811,0.0,0,0,0.9,0.9,16.3,16.3,1011.7,7939.1,1777116719.721,1777116719.721,ok
GCP,presigned,isolated,50,100,6,2.15735,23.1766,2.109832,0.128973,2.11001,0.0,0,0,0.25,0.3,16.3,16.3,1011.7,7939.1,1777116726.586,1777116728.608,ok
GCP,presigned,isolated,50,100,7,2.14189,23.3439,2.084207,0.131525,2.084376,0.0,0,0,0.3,0.4,16.3,16.3,1011.7,7939.1,1777116733.89,1777116735.914,ok
GCP,presigned,isolated,50,100,8,2.848705,17.5518,2.801009,0.137264,2.801224,0.0,0,0,0.25,0.3,16.3,16.3,1011.7,7939.1,1777116741.175,1777116743.2,ok
GCP,presigned,isolated,50,100,9,1.746123,28.6349,1.701123,0.132013,1.701362,0.0,0,0,0.3,0.3,16.3,16.3,1011.9,7939.1,1777116749.169,1777116749.169,ok
GCP,presigned,isolated,50,100,10,1.983016,25.2141,1.938956,0.134399,1.939212,0.0,0,0,0.1,0.1,16.3,16.3,1011.9,7939.1,1777116756.059,1777116756.059,ok
AWS,server,isolated,100,5,1,2.499103,40.0144,0.0,0.0,0.0,0.0,0,0,48.45,70.1,16.35,16.4,1014.1,7939.1,1777116775.522,1777116777.548,ok
AWS,server,isolated,100,5,2,2.577293,38.8004,0.0,0.0,0.0,0.0,0,0,12.45,13.3,16.45,16.5,1021.4,7939.1,1777116784.011,1777116786.037,ok
AWS,server,isolated,100,5,3,2.524247,39.6158,0.0,0.0,0.0,0.0,0,0,30.85,34.8,16.4,16.5,1016.25,7939.1,1777116792.707,1777116794.733,ok
AWS,server,isolated,100,5,4,2.570319,38.9057,0.0,0.0,0.0,0.0,0,0,24.3,27.2,16.15,16.5,999.05,7939.1,1777116801.228,1777116803.256,ok
AWS,server,isolated,100,5,5,2.581644,38.735,0.0,0.0,0.0,0.0,0,0,29.15,31.1,16.35,16.6,1012.95,7939.1,1777116809.757,1777116811.786,ok
AWS,server,isolated,100,5,6,2.653463,37.6866,0.0,0.0,0.0,0.0,0,0,24.25,27.6,16.55,16.7,1029.85,7939.1,1777116818.374,1777116820.399,ok
AWS,server,isolated,100,5,7,2.479178,40.336,0.0,0.0,0.0,0.0,0,0,31.15,35.4,15.85,16.0,973.9,7939.1,1777116827.06,1777116829.087,ok
AWS,server,isolated,100,5,8,2.472977,40.4371,0.0,0.0,0.0,0.0,0,0,23.75,26.5,15.3,15.4,928.25,7939.1,1777116835.492,1777116837.513,ok
AWS,server,isolated,100,5,9,2.545585,39.2837,0.0,0.0,0.0,0.0,0,0,30.35,35.1,15.05,15.3,911.0,7939.1,1777116843.873,1777116845.899,ok
AWS,server,isolated,100,5,10,2.402037,41.6313,0.0,0.0,0.0,0.0,0,0,28.55,35.8,15.75,16.0,966.3,7939.1,1777116852.484,1777116854.507,ok
AWS,presigned,isolated,100,5,1,3.033095,32.9696,0.139028,0.062649,0.138182,0.025675,0,0,6.75,12.7,14.3,14.3,851.3,7939.1,1777116871.836,1777116873.858,ok
AWS,presigned,isolated,100,5,2,2.983199,33.5211,0.17822,0.143103,0.135696,0.016427,0,0,1.4,1.7,14.3,14.3,851.1,7939.1,1777116880.015,1777116882.039,ok
AWS,presigned,isolated,100,5,3,3.650623,27.3926,0.160021,0.139297,0.139329,0.025007,0,0,0.85,1.5,14.3,14.3,851.0,7939.1,1777116888.141,1777116890.165,ok
AWS,presigned,isolated,100,5,4,2.958718,33.7984,0.144201,0.133826,0.134678,0.018905,0,0,1.3,1.4,14.3,14.3,851.0,7939.1,1777116896.935,1777116898.958,ok
AWS,presigned,isolated,100,5,5,2.97658,33.5956,0.131878,0.063927,0.135296,0.039517,0,0,0.5,0.8,14.3,14.3,851.0,7939.1,1777116904.964,1777116906.987,ok
AWS,presigned,isolated,100,5,6,2.989616,33.4491,0.13832,0.067086,0.135808,0.023275,0,0,1.05,1.1,14.3,14.3,851.0,7939.1,1777116913.014,1777116915.047,ok
AWS,presigned,isolated,100,5,7,2.996091,33.3768,0.137478,0.149328,0.134803,0.012583,0,0,1.0,1.0,14.3,14.3,851.0,7939.1,1777116921.163,1777116923.186,ok
AWS,presigned,isolated,100,5,8,3.000405,33.3288,0.149856,0.140806,0.13657,0.018767,0,0,1.25,1.3,14.3,14.3,851.0,7939.1,1777116929.306,1777116931.33,ok
AWS,presigned,isolated,100,5,9,3.190045,31.3475,0.160511,0.13952,0.146081,0.026659,0,0,1.2,1.4,14.3,14.3,851.0,7939.1,1777116937.448,1777116939.474,ok
AWS,presigned,isolated,100,5,10,2.934449,34.0779,0.152052,0.143959,0.132473,0.014813,0,0,1.25,1.4,14.3,14.3,850.9,7939.1,1777116945.791,1777116947.82,ok
AZURE,server,isolated,100,5,1,1.320457,75.7314,0.0,0.0,0.0,0.0,0,0,26.4,43.7,14.25,14.3,845.5,7939.1,1777116962.908,1777116964.933,ok
AZURE,server,isolated,100,5,2,1.101646,90.7733,0.0,0.0,0.0,0.0,0,0,11.95,13.4,14.35,14.5,853.35,7939.1,1777116970.325,1777116972.348,ok
AZURE,server,isolated,100,5,3,1.063412,94.0369,0.0,0.0,0.0,0.0,0,0,10.0,10.2,14.5,14.6,865.8,7939.1,1777116977.442,1777116979.466,ok
AZURE,server,isolated,100,5,4,0.999623,100.0377,0.0,0.0,0.0,0.0,0,0,10.3,10.3,14.3,14.3,854.1,7939.1,1777116984.516,1777116984.516,ok
AZURE,server,isolated,100,5,5,1.178929,84.8228,0.0,0.0,0.0,0.0,0,0,11.7,12.4,14.4,14.5,863.45,7939.1,1777116991.5,1777116993.526,ok
AZURE,server,isolated,100,5,6,1.062067,94.156,0.0,0.0,0.0,0.0,0,0,10.05,18.8,14.85,14.9,894.5,7939.1,1777116998.646,1777117000.67,ok
AZURE,server,isolated,100,5,7,1.048563,95.3686,0.0,0.0,0.0,0.0,0,0,9.8,9.8,14.6,14.6,879.3,7939.1,1777117005.721,1777117005.721,ok
AZURE,server,isolated,100,5,8,1.42908,69.9751,0.0,0.0,0.0,0.0,0,0,13.65,17.5,14.75,14.8,887.3,7939.1,1777117012.687,1777117014.712,ok
AZURE,server,isolated,100,5,9,1.222404,81.806,0.0,0.0,0.0,0.0,0,0,14.4,17.5,14.8,14.8,893.25,7939.1,1777117020.136,1777117022.162,ok
AZURE,server,isolated,100,5,10,0.994015,100.6021,0.0,0.0,0.0,0.0,0,0,10.4,10.4,15.0,15.0,908.3,7939.1,1777117027.349,1777117027.349,ok
AZURE,presigned,isolated,100,5,1,4.945531,20.2203,0.230833,0.027441,0.241902,0.065512,0,0,0.7,0.8,14.8,14.8,887.83,7939.1,1777117049.556,1777117053.61,ok
AZURE,presigned,isolated,100,5,2,4.46029,22.4201,0.202894,0.029505,0.217146,0.045353,0,0,0.27,0.3,14.8,14.8,888.17,7939.1,1777117059.537,1777117063.59,ok
AZURE,presigned,isolated,100,5,3,4.96469,20.1422,0.355175,0.026413,0.242623,0.054091,0,0,0.4,0.6,14.8,14.8,888.1,7939.1,1777117069.031,1777117073.082,ok
AZURE,presigned,isolated,100,5,4,4.686094,21.3397,0.197045,0.025779,0.229022,0.061629,0,0,0.4,0.5,14.8,14.8,888.1,7939.1,1777117079.027,1777117083.081,ok
AZURE,presigned,isolated,100,5,5,5.286136,18.9174,0.264,0.027717,0.258807,0.068771,0,0,0.33,0.4,14.8,14.8,888.1,7939.1,1777117088.747,1777117092.802,ok
AZURE,presigned,isolated,100,5,6,4.715331,21.2074,0.247936,0.028184,0.229774,0.041439,0,0,0.47,0.7,14.8,14.8,887.97,7939.1,1777117099.072,1777117103.127,ok
AZURE,presigned,isolated,100,5,7,4.932457,20.2739,0.217085,0.02608,0.240948,0.07433,0,0,0.33,0.4,14.8,14.8,888.2,7939.1,1777117108.817,1777117112.875,ok
AZURE,presigned,isolated,100,5,8,4.516202,22.1425,0.251058,0.02946,0.220246,0.060684,0,0,0.37,0.5,14.8,14.8,888.2,7939.1,1777117118.789,1777117122.841,ok
AZURE,presigned,isolated,100,5,9,4.732908,21.1287,0.209802,0.026265,0.231082,0.068235,0,0,0.43,0.5,14.8,14.8,888.1,7939.1,1777117128.334,1777117132.385,ok
AZURE,presigned,isolated,100,5,10,5.137514,19.4647,0.217549,0.028966,0.251215,0.067169,0,0,0.3,0.5,14.8,14.8,888.1,7939.1,1777117138.107,1777117142.153,ok
GCP,server,isolated,100,5,1,15.655357,6.3876,0.0,0.0,0.0,0.0,0,0,2.38,5.8,14.83,15.0,895.09,7939.1,1777117187.678,1777117203.892,ok
GCP,server,isolated,100,5,2,15.591447,6.4138,0.0,0.0,0.0,0.0,0,0,3.41,13.4,14.83,15.1,894.73,7939.1,1777117209.28,1777117225.486,ok
GCP,server,isolated,100,5,3,16.279312,6.1428,0.0,0.0,0.0,0.0,0,0,2.09,4.3,14.93,15.1,901.68,7939.1,1777117230.81,1777117247.009,ok
GCP,server,isolated,100,5,4,15.956659,6.267,0.0,0.0,0.0,0.0,0,0,3.4,10.5,14.87,15.1,897.91,7939.1,1777117253.042,1777117269.239,ok
GCP,server,isolated,100,5,5,16.374754,6.107,0.0,0.0,0.0,0.0,0,0,2.02,4.5,14.82,15.0,891.96,7939.1,1777117275.041,1777117291.248,ok
GCP,server,isolated,100,5,6,15.983685,6.2564,0.0,0.0,0.0,0.0,0,0,3.1,12.8,14.83,15.1,892.26,7939.1,1777117297.444,1777117313.656,ok
GCP,server,isolated,100,5,7,14.293511,6.9962,0.0,0.0,0.0,0.0,0,0,5.36,27.3,14.84,15.1,892.83,7939.1,1777117319.428,1777117333.614,ok
GCP,server,isolated,100,5,8,12.892303,7.7566,0.0,0.0,0.0,0.0,0,0,2.83,6.4,14.9,15.1,898.54,7939.1,1777117339.773,1777117351.924,ok
GCP,server,isolated,100,5,9,16.163338,6.1868,0.0,0.0,0.0,0.0,0,0,5.01,26.9,15.01,15.1,908.63,7939.1,1777117358.614,1777117374.822,ok
GCP,server,isolated,100,5,10,14.119615,7.0823,0.0,0.0,0.0,0.0,0,0,2.44,5.6,14.86,15.1,896.4,7939.1,1777117380.676,1777117394.863,ok
GCP,presigned,isolated,100,5,1,17.534996,5.7029,0.808934,0.131038,0.87475,0.128525,0,0,0.36,0.5,15.0,15.0,910.77,7939.1,1777117442.646,1777117458.859,ok
GCP,presigned,isolated,100,5,2,19.920857,5.0199,1.023295,0.133007,0.993643,0.137546,0,0,0.28,0.5,15.0,15.0,910.7,7939.1,1777117465.324,1777117483.561,ok
GCP,presigned,isolated,100,5,3,19.013654,5.2594,0.751755,0.131324,0.948593,0.180737,0,0,0.26,0.4,15.0,15.0,910.66,7939.1,1777117490.384,1777117508.617,ok
GCP,presigned,isolated,100,5,4,18.492011,5.4077,0.774945,0.130776,0.922741,0.142785,0,0,0.26,0.4,15.0,15.0,910.5,7939.1,1777117514.532,1777117532.763,ok
GCP,presigned,isolated,100,5,5,17.406007,5.7451,0.718607,0.438692,0.868319,0.161476,0,0,0.29,0.5,15.0,15.0,910.5,7939.1,1777117538.469,1777117554.696,ok
GCP,presigned,isolated,100,5,6,17.704451,5.6483,1.038863,0.127131,0.883221,0.138814,0,0,0.22,0.5,15.0,15.0,910.4,7939.1,1777117561.005,1777117577.206,ok
GCP,presigned,isolated,100,5,7,17.116968,5.8422,0.943457,0.138823,0.853907,0.123661,0,0,0.33,0.7,15.0,15.0,910.4,7939.1,1777117583.854,1777117600.058,ok
GCP,presigned,isolated,100,5,8,19.15853,5.2196,0.774992,0.144631,0.956186,0.45429,0,0,0.28,0.5,15.0,15.0,910.36,7939.1,1777117606.12,1777117624.357,ok
GCP,presigned,isolated,100,5,9,17.730973,5.6398,0.999516,0.53321,0.88465,0.140052,0,0,0.4,0.7,15.1,15.1,914.5,7939.1,1777117630.82,1777117647.037,ok
GCP,presigned,isolated,100,5,10,18.020932,5.5491,0.750473,0.139778,0.899215,0.153753,0,0,0.23,0.4,15.1,15.1,914.47,7939.1,1777117653.694,1777117669.9,ok
AWS,server,isolated,100,8,1,2.566177,38.9685,0.0,0.0,0.0,0.0,0,0,36.25,69.8,15.7,16.1,962.6,7939.1,1777117690.73,1777117692.756,ok
AWS,server,isolated,100,8,2,2.539391,39.3795,0.0,0.0,0.0,0.0,0,0,25.5,27.3,16.45,16.9,1022.45,7939.1,1777117699.399,1777117701.429,ok
AWS,server,isolated,100,8,3,2.556316,39.1188,0.0,0.0,0.0,0.0,0,0,26.45,26.8,16.9,17.1,1059.9,7939.1,1777117707.975,1777117710.003,ok
AWS,server,isolated,100,8,4,2.427387,41.1966,0.0,0.0,0.0,0.0,0,0,27.2,27.8,16.65,16.9,1037.9,7939.1,1777117716.551,1777117718.577,ok
AWS,server,isolated,100,8,5,2.592662,38.5704,0.0,0.0,0.0,0.0,0,0,24.95,30.8,16.45,16.9,1019.8,7939.1,1777117724.955,1777117726.98,ok
AWS,server,isolated,100,8,6,2.639135,37.8912,0.0,0.0,0.0,0.0,0,0,25.7,30.9,16.55,17.1,1032.05,7939.1,1777117733.495,1777117735.524,ok
AWS,server,isolated,100,8,7,2.837607,35.241,0.0,0.0,0.0,0.0,0,0,22.65,31.5,17.15,17.3,1076.45,7939.1,1777117742.141,1777117744.166,ok
AWS,server,isolated,100,8,8,2.689801,37.1775,0.0,0.0,0.0,0.0,0,0,29.75,35.8,16.7,17.0,1042.95,7939.1,1777117750.929,1777117752.956,ok
AWS,server,isolated,100,8,9,2.580099,38.7582,0.0,0.0,0.0,0.0,0,0,49.7,72.0,16.75,17.3,1043.9,7939.1,1777117759.655,1777117761.683,ok
AWS,server,isolated,100,8,10,2.486582,40.2158,0.0,0.0,0.0,0.0,0,0,25.6,27.4,17.35,17.5,1093.0,7939.1,1777117768.217,1777117770.242,ok
AWS,presigned,isolated,100,8,1,2.438159,41.0145,0.204821,0.147891,0.168415,0.020261,0,0,6.4,11.3,16.2,16.2,1000.6,7939.1,1777117787.096,1777117789.12,ok
AWS,presigned,isolated,100,8,2,2.400292,41.6616,0.159698,0.13997,0.170487,0.022846,0,0,1.3,1.6,16.2,16.2,1000.45,7939.1,1777117794.679,1777117796.704,ok
AWS,presigned,isolated,100,8,3,2.404504,41.5886,0.180643,0.141999,0.165428,0.022625,0,0,0.95,1.0,16.2,16.2,1000.1,7939.1,1777117802.23,1777117804.254,ok
AWS,presigned,isolated,100,8,4,2.507349,39.8828,0.22771,0.0643,0.173095,0.025905,0,0,0.85,1.0,16.2,16.2,1000.1,7939.1,1777117809.705,1777117811.734,ok
AWS,presigned,isolated,100,8,5,2.403292,41.6096,0.186917,0.140092,0.165233,0.025886,0,0,1.15,1.2,16.2,16.2,1000.1,7939.1,1777117817.359,1777117819.383,ok
AWS,presigned,isolated,100,8,6,2.382138,41.9791,0.171463,0.063364,0.166956,0.022558,0,0,1.55,2.4,16.2,16.2,1000.1,7939.1,1777117824.831,1777117826.854,ok
AWS,presigned,isolated,100,8,7,5.250646,19.0453,0.152406,0.13759,0.383965,0.518936,0,0,0.8,0.9,16.2,16.2,1000.1,7939.1,1777117832.359,1777117836.415,ok
AWS,presigned,isolated,100,8,8,2.522713,39.6399,0.179864,0.062274,0.175052,0.03995,0,0,0.8,1.0,16.2,16.2,1000.1,7939.1,1777117842.677,1777117844.7,ok
AWS,presigned,isolated,100,8,9,2.733101,36.5885,0.207347,0.136651,0.191195,0.042623,0,0,1.25,1.3,16.2,16.2,1000.0,7939.1,1777117850.342,1777117852.366,ok
AWS,presigned,isolated,100,8,10,2.413311,41.4368,0.189371,0.138227,0.165752,0.02408,0,0,0.85,1.5,16.2,16.2,1000.0,7939.1,1777117858.223,1777117860.248,ok
AZURE,server,isolated,100,8,1,1.237624,80.8,0.0,0.0,0.0,0.0,0,0,13.9,15.8,15.75,15.9,967.55,7939.1,1777117875.917,1777117877.939,ok
AZURE,server,isolated,100,8,2,1.240826,80.5915,0.0,0.0,0.0,0.0,0,0,9.3,12.2,15.7,15.9,964.85,7939.1,1777117883.149,1777117885.174,ok
AZURE,server,isolated,100,8,3,1.00946,99.0629,0.0,0.0,0.0,0.0,0,0,8.0,8.0,15.8,15.8,970.5,7939.1,1777117890.457,1777117890.457,ok
AZURE,server,isolated,100,8,4,1.021146,97.9292,0.0,0.0,0.0,0.0,0,0,22.9,34.3,15.8,15.9,970.7,7939.1,1777117897.429,1777117899.453,ok
AZURE,server,isolated,100,8,5,0.950228,105.2379,0.0,0.0,0.0,0.0,0,0,9.9,9.9,16.2,16.2,998.8,7939.1,1777117904.537,1777117904.537,ok
AZURE,server,isolated,100,8,6,0.953198,104.91,0.0,0.0,0.0,0.0,0,0,11.0,11.0,16.7,16.7,1042.6,7939.1,1777117911.459,1777117911.459,ok
AZURE,server,isolated,100,8,7,1.162443,86.0257,0.0,0.0,0.0,0.0,0,0,9.7,9.9,15.75,15.9,966.35,7939.1,1777117918.38,1777117920.407,ok
AZURE,server,isolated,100,8,8,0.956123,104.5891,0.0,0.0,0.0,0.0,0,0,10.3,10.3,15.9,15.9,976.9,7939.1,1777117925.566,1777117925.566,ok
AZURE,server,isolated,100,8,9,1.113339,89.8199,0.0,0.0,0.0,0.0,0,0,10.75,11.5,15.75,15.9,969.0,7939.1,1777117932.578,1777117934.601,ok
AZURE,server,isolated,100,8,10,1.168329,85.5923,0.0,0.0,0.0,0.0,0,0,23.7,37.6,15.75,15.9,968.1,7939.1,1777117939.725,1777117941.747,ok
AZURE,presigned,isolated,100,8,1,3.616416,27.6517,0.272432,0.027399,0.270068,0.059873,0,0,0.3,0.4,16.0,16.0,985.7,7939.1,1777117959.392,1777117961.417,ok
AZURE,presigned,isolated,100,8,2,3.850713,25.9692,0.408263,0.025131,0.287706,0.073567,0,0,3.3,6.4,16.0,16.0,985.7,7939.1,1777117968.039,1777117970.066,ok
AZURE,presigned,isolated,100,8,3,3.654594,27.3628,0.344572,0.024893,0.273325,0.057533,0,0,0.3,0.3,16.0,16.0,985.9,7939.1,1777117976.92,1777117978.944,ok
AZURE,presigned,isolated,100,8,4,3.497775,28.5896,0.305237,0.027028,0.261571,0.056384,0,0,0.3,0.3,16.0,16.0,985.9,7939.1,1777117985.616,1777117987.641,ok
AZURE,presigned,isolated,100,8,5,3.439906,29.0706,0.42017,0.024877,0.257281,0.06855,0,0,0.4,0.4,16.0,16.0,985.9,7939.1,1777117994.14,1777117996.163,ok
AZURE,presigned,isolated,100,8,6,4.123197,24.253,0.286516,0.028375,0.309381,0.080359,0,0,0.43,0.5,16.0,16.0,985.9,7939.1,1777118002.615,1777118006.667,ok
AZURE,presigned,isolated,100,8,7,3.915535,25.5393,0.288342,0.028364,0.293309,0.06052,0,0,0.4,0.4,16.0,16.0,985.9,7939.1,1777118011.776,1777118013.8,ok
AZURE,presigned,isolated,100,8,8,3.5954,27.8133,0.251289,0.026791,0.268429,0.074726,0,0,0.3,0.4,16.0,16.0,985.7,7939.1,1777118020.726,1777118022.755,ok
AZURE,presigned,isolated,100,8,9,4.038942,24.759,0.297868,0.029252,0.30307,0.071984,0,0,0.4,0.4,16.0,16.0,985.7,7939.1,1777118029.355,1777118031.382,ok
AZURE,presigned,isolated,100,8,10,3.839895,26.0424,0.286202,0.025507,0.287558,0.057206,0,0,0.35,0.4,16.0,16.0,985.7,7939.1,1777118038.424,1777118040.451,ok
GCP,server,isolated,100,8,1,11.018854,9.0754,0.0,0.0,0.0,0.0,0,0,5.15,12.2,15.73,16.1,965.8,7939.1,1777118076.716,1777118086.842,ok
GCP,server,isolated,100,8,2,11.869657,8.4248,0.0,0.0,0.0,0.0,0,0,2.83,5.4,15.73,15.9,963.79,7939.1,1777118093.861,1777118106.024,ok
GCP,server,isolated,100,8,3,11.240285,8.8966,0.0,0.0,0.0,0.0,0,0,5.71,26.0,15.76,16.0,965.86,7939.1,1777118111.825,1777118123.972,ok
GCP,server,isolated,100,8,4,10.808964,9.2516,0.0,0.0,0.0,0.0,0,0,2.67,5.5,16.03,16.3,988.95,7939.1,1777118129.069,1777118139.19,ok
GCP,server,isolated,100,8,5,11.06985,9.0335,0.0,0.0,0.0,0.0,0,0,3.37,5.6,15.78,16.2,967.85,7939.1,1777118145.889,1777118156.008,ok
GCP,server,isolated,100,8,6,11.538484,8.6666,0.0,0.0,0.0,0.0,0,0,4.17,13.8,15.89,16.1,976.94,7939.1,1777118162.925,1777118175.076,ok
GCP,server,isolated,100,8,7,11.614236,8.6101,0.0,0.0,0.0,0.0,0,0,5.81,27.2,15.79,16.0,969.34,7939.1,1777118180.472,1777118192.625,ok
GCP,server,isolated,100,8,8,11.478567,8.7119,0.0,0.0,0.0,0.0,0,0,2.4,5.1,15.77,16.0,969.27,7939.1,1777118198.201,1777118210.352,ok
GCP,server,isolated,100,8,9,10.601817,9.4323,0.0,0.0,0.0,0.0,0,0,5.73,26.3,15.65,16.0,959.58,7939.1,1777118215.65,1777118225.774,ok
GCP,server,isolated,100,8,10,10.781535,9.2751,0.0,0.0,0.0,0.0,0,0,3.95,11.0,15.65,15.8,958.28,7939.1,1777118232.327,1777118242.451,ok
GCP,presigned,isolated,100,8,1,13.271186,7.5351,0.92864,0.141018,1.01804,0.175745,0,0,0.31,0.6,15.8,15.8,968.56,7939.1,1777118282.698,1777118294.877,ok
GCP,presigned,isolated,100,8,2,12.027123,8.3145,1.114432,0.136883,0.922525,0.134327,0,0,0.28,0.4,15.8,15.8,968.7,7939.1,1777118301.111,1777118311.237,ok
GCP,presigned,isolated,100,8,3,13.214954,7.5672,1.124927,0.127965,1.01398,0.201671,0,0,0.3,0.5,15.8,15.8,968.7,7939.1,1777118318.27,1777118330.412,ok
GCP,presigned,isolated,100,8,4,11.484031,8.7077,0.948123,0.120733,0.880774,0.132933,0,0,0.27,0.5,15.8,15.8,968.6,7939.1,1777118336.611,1777118346.73,ok
GCP,presigned,isolated,100,8,5,14.182502,7.0509,1.06384,0.448501,1.088066,0.126449,0,0,0.26,0.5,15.8,15.8,968.6,7939.1,1777118353.552,1777118365.702,ok
GCP,presigned,isolated,100,8,6,13.595723,7.3553,1.385764,0.13496,1.043116,0.166371,0,0,0.3,0.5,15.8,15.8,968.69,7939.1,1777118372.875,1777118385.032,ok
GCP,presigned,isolated,100,8,7,12.324752,8.1138,1.219888,0.136239,0.94532,0.162381,0,0,0.23,0.4,15.8,15.8,969.13,7939.1,1777118391.613,1777118403.768,ok
GCP,presigned,isolated,100,8,8,11.544931,8.6618,0.848234,0.145843,0.885273,0.141222,0,0,0.37,0.7,15.8,15.8,969.4,7939.1,1777118409.088,1777118419.216,ok
GCP,presigned,isolated,100,8,9,14.747437,6.7808,1.118169,0.128244,1.131364,0.093095,0,0,0.16,0.3,15.8,15.8,969.5,7939.1,1777118425.769,1777118439.954,ok
GCP,presigned,isolated,100,8,10,12.955814,7.7185,0.808804,0.139281,0.993663,0.186903,0,0,0.2,0.3,15.8,15.8,969.5,7939.1,1777118445.661,1777118457.809,ok
AWS,server,isolated,100,10,1,2.30556,43.3734,0.0,0.0,0.0,0.0,0,0,30.85,35.2,16.65,17.1,1039.5,7939.1,1777118475.519,1777118477.545,ok
AWS,server,isolated,100,10,2,2.439345,40.9946,0.0,0.0,0.0,0.0,0,0,23.15,26.0,17.05,17.2,1070.8,7939.1,1777118483.82,1777118485.846,ok
AWS,server,isolated,100,10,3,2.48728,40.2046,0.0,0.0,0.0,0.0,0,0,19.45,25.9,17.05,17.2,1071.05,7939.1,1777118492.323,1777118494.348,ok
AWS,server,isolated,100,10,4,2.458086,40.6821,0.0,0.0,0.0,0.0,0,0,21.65,30.9,16.7,17.2,1041.15,7939.1,1777118500.776,1777118502.802,ok
AWS,server,isolated,100,10,5,2.455386,40.7268,0.0,0.0,0.0,0.0,0,0,26.4,26.6,17.1,17.1,1074.25,7939.1,1777118509.234,1777118511.262,ok
AWS,server,isolated,100,10,6,2.357936,42.41,0.0,0.0,0.0,0.0,0,0,47.7,68.7,16.75,17.1,1048.2,7939.1,1777118517.706,1777118519.73,ok
AWS,server,isolated,100,10,7,2.454496,40.7416,0.0,0.0,0.0,0.0,0,0,18.95,25.9,16.95,17.4,1061.55,7939.1,1777118526.069,1777118528.093,ok
AWS,server,isolated,100,10,8,2.304965,43.3846,0.0,0.0,0.0,0.0,0,0,21.0,29.5,16.9,17.3,1054.55,7939.1,1777118534.506,1777118536.531,ok
AWS,server,isolated,100,10,9,2.498008,40.0319,0.0,0.0,0.0,0.0,0,0,30.5,35.0,17.2,17.2,1080.95,7939.1,1777118542.815,1777118544.842,ok
AWS,server,isolated,100,10,10,2.411037,41.4759,0.0,0.0,0.0,0.0,0,0,46.3,66.2,16.95,17.3,1063.15,7939.1,1777118551.369,1777118553.396,ok
AWS,presigned,isolated,100,10,1,2.193704,45.585,0.231354,0.059433,0.193741,0.018731,0,0,9.45,17.4,16.3,16.3,1012.1,7939.1,1777118569.568,1777118571.592,ok
AWS,presigned,isolated,100,10,2,2.218821,45.069,0.175012,0.061827,0.194997,0.02951,0,0,0.9,0.9,16.3,16.3,1012.2,7939.1,1777118576.831,1777118578.855,ok
AWS,presigned,isolated,100,10,3,2.384198,41.9428,0.26335,0.149909,0.211637,0.02558,0,0,1.35,1.4,16.3,16.3,1012.2,7939.1,1777118584.205,1777118586.235,ok
AWS,presigned,isolated,100,10,4,2.205134,45.3487,0.184418,0.131644,0.187749,0.022392,0,0,1.55,2.0,16.25,16.3,1008.15,7939.1,1777118591.727,1777118593.749,ok
AWS,presigned,isolated,100,10,5,2.090464,47.8363,0.197984,0.139633,0.184157,0.013135,0,0,1.35,1.5,16.2,16.2,1004.3,7939.1,1777118599.079,1777118601.102,ok
AWS,presigned,isolated,100,10,6,2.288427,43.6981,0.177938,0.142412,0.204513,0.024343,0,0,1.0,1.2,16.2,16.2,1004.3,7939.1,1777118606.321,1777118608.346,ok
AWS,presigned,isolated,100,10,7,2.12121,47.1429,0.207047,0.060761,0.194441,0.022946,0,0,0.85,1.0,16.2,16.2,1004.3,7939.1,1777118613.674,1777118615.697,ok
AWS,presigned,isolated,100,10,8,2.031391,49.2273,0.188618,0.141215,0.185629,0.008735,0,0,1.0,1.0,16.2,16.2,1004.3,7939.1,1777118620.944,1777118620.944,ok
AWS,presigned,isolated,100,10,9,2.08879,47.8746,0.247853,0.136049,0.192387,0.030923,0,0,0.8,0.8,16.2,16.2,1004.3,7939.1,1777118628.117,1777118630.14,ok
AWS,presigned,isolated,100,10,10,2.262618,44.1966,0.181489,0.060164,0.200537,0.028117,0,0,0.7,0.7,16.2,16.2,1004.2,7939.1,1777118635.276,1777118637.3,ok
AZURE,server,isolated,100,10,1,1.222379,81.8077,0.0,0.0,0.0,0.0,0,0,16.05,31.2,15.95,16.1,979.8,7939.1,1777118652.422,1777118654.446,ok
AZURE,server,isolated,100,10,2,1.107817,90.2676,0.0,0.0,0.0,0.0,0,0,8.95,10.0,15.85,16.0,977.75,7939.1,1777118659.647,1777118661.672,ok
AZURE,server,isolated,100,10,3,1.439087,69.4885,0.0,0.0,0.0,0.0,0,0,11.55,13.0,15.9,16.0,978.5,7939.1,1777118666.806,1777118668.828,ok
AZURE,server,isolated,100,10,4,1.0836,92.285,0.0,0.0,0.0,0.0,0,0,11.5,11.5,16.0,16.0,990.3,7939.1,1777118674.316,1777118674.316,ok
AZURE,server,isolated,100,10,5,1.253888,79.7519,0.0,0.0,0.0,0.0,0,0,10.9,11.1,15.95,16.1,979.2,7939.1,1777118681.329,1777118683.353,ok
AZURE,server,isolated,100,10,6,1.06884,93.5594,0.0,0.0,0.0,0.0,0,0,8.9,17.0,15.85,16.0,977.1,7939.1,1777118688.576,1777118690.6,ok
AZURE,server,isolated,100,10,7,1.148789,87.0482,0.0,0.0,0.0,0.0,0,0,9.75,10.0,15.9,16.0,977.4,7939.1,1777118695.685,1777118697.709,ok
AZURE,server,isolated,100,10,8,1.01455,98.5659,0.0,0.0,0.0,0.0,0,0,10.4,10.5,15.85,16.0,977.3,7939.1,1777118702.898,1777118704.923,ok
AZURE,server,isolated,100,10,9,1.432241,69.8207,0.0,0.0,0.0,0.0,0,0,11.35,12.1,15.9,16.0,979.2,7939.1,1777118710.035,1777118712.06,ok
AZURE,server,isolated,100,10,10,1.133774,88.201,0.0,0.0,0.0,0.0,0,0,9.55,9.9,15.95,16.1,981.45,7939.1,1777118717.569,1777118719.594,ok
AZURE,presigned,isolated,100,10,1,3.704478,26.9944,0.418934,0.025957,0.36092,0.067657,0,0,0.3,0.3,16.1,16.1,992.8,7939.1,1777118737.573,1777118739.596,ok
AZURE,presigned,isolated,100,10,2,3.843552,26.0176,0.414863,0.030249,0.374318,0.051418,0,0,0.25,0.3,16.1,16.1,992.8,7939.1,1777118746.316,1777118748.348,ok
AZURE,presigned,isolated,100,10,3,3.404986,29.3687,0.517664,0.026176,0.330609,0.094365,0,0,0.35,0.4,16.1,16.1,992.8,7939.1,1777118755.194,1777118757.223,ok
AZURE,presigned,isolated,100,10,4,4.134246,24.1882,0.562605,0.025522,0.403553,0.078563,0,0,0.27,0.4,16.1,16.1,992.8,7939.1,1777118763.631,1777118767.679,ok
AZURE,presigned,isolated,100,10,5,3.703618,27.0006,0.372566,0.025166,0.360515,0.067031,0,0,0.4,0.4,16.1,16.1,992.8,7939.1,1777118772.795,1777118774.817,ok
AZURE,presigned,isolated,100,10,6,3.896441,25.6644,0.414322,0.025048,0.380197,0.072886,0,0,0.35,0.4,16.1,16.1,992.7,7939.1,1777118781.529,1777118783.552,ok
AZURE,presigned,isolated,100,10,7,4.000991,24.9938,0.473227,0.023994,0.39115,0.101989,0,0,0.25,0.3,16.1,16.1,992.6,7939.1,1777118790.457,1777118792.477,ok
AZURE,presigned,isolated,100,10,8,3.627664,27.566,0.336257,0.024534,0.353425,0.053556,0,0,0.35,0.4,16.1,16.1,992.6,7939.1,1777118799.49,1777118801.515,ok
AZURE,presigned,isolated,100,10,9,3.664999,27.2851,0.351831,0.027477,0.357038,0.092262,0,0,0.35,0.4,16.1,16.1,992.6,7939.1,1777118808.153,1777118810.178,ok
AZURE,presigned,isolated,100,10,10,4.052849,24.674,0.365312,0.024326,0.395925,0.109024,0,0,0.33,0.4,16.1,16.1,992.5,7939.1,1777118816.849,1777118820.893,ok
GCP,server,isolated,100,10,1,9.346474,10.6992,0.0,0.0,0.0,0.0,0,0,4.42,7.8,16.02,16.1,987.12,7939.1,1777118850.56,1777118860.689,ok
GCP,server,isolated,100,10,2,10.032769,9.9673,0.0,0.0,0.0,0.0,0,0,4.3,14.7,15.93,16.3,982.07,7939.1,1777118865.849,1777118875.974,ok
GCP,server,isolated,100,10,3,8.944969,11.1795,0.0,0.0,0.0,0.0,0,0,4.08,8.0,16.04,16.2,990.84,7939.1,1777118881.848,1777118889.948,ok
GCP,server,isolated,100,10,4,8.995391,11.1168,0.0,0.0,0.0,0.0,0,0,5.06,8.3,15.9,16.1,977.38,7939.1,1777118896.937,1777118905.039,ok
GCP,server,isolated,100,10,5,9.05975,11.0378,0.0,0.0,0.0,0.0,0,0,3.4,6.1,15.96,16.0,982.26,7939.1,1777118912.013,1777118920.11,ok
GCP,server,isolated,100,10,6,9.286491,10.7683,0.0,0.0,0.0,0.0,0,0,2.38,4.8,15.97,16.1,983.18,7939.1,1777118927.041,1777118937.164,ok
GCP,server,isolated,100,10,7,9.24307,10.8189,0.0,0.0,0.0,0.0,0,0,6.08,16.4,15.97,16.1,984.57,7939.1,1777118942.333,1777118952.461,ok
GCP,server,isolated,100,10,8,9.891378,10.1098,0.0,0.0,0.0,0.0,0,0,7.55,27.8,15.95,16.1,982.18,7939.1,1777118957.811,1777118967.93,ok
GCP,server,isolated,100,10,9,9.351799,10.6931,0.0,0.0,0.0,0.0,0,0,3.77,6.8,16.05,16.2,989.6,7939.1,1777118973.737,1777118983.87,ok
GCP,server,isolated,100,10,10,8.945923,11.1783,0.0,0.0,0.0,0.0,0,0,4.74,7.3,16.02,16.4,986.58,7939.1,1777118989.09,1777118997.188,ok
GCP,presigned,isolated,100,10,1,9.538279,10.4841,0.831345,0.13631,0.9505,0.20329,0,0,0.22,0.3,16.1,16.1,998.4,7939.1,1777119028.216,1777119036.313,ok
GCP,presigned,isolated,100,10,2,10.316691,9.693,1.411487,0.151979,1.028164,0.177369,0,0,0.23,0.3,16.1,16.1,998.32,7939.1,1777119042.912,1777119053.041,ok
GCP,presigned,isolated,100,10,3,8.974442,11.1428,0.87162,0.130627,0.894045,0.085644,0,0,0.22,0.3,16.1,16.1,998.28,7939.1,1777119058.363,1777119066.467,ok
GCP,presigned,isolated,100,10,4,10.412613,9.6037,0.88349,0.139079,1.037902,0.164554,0,0,0.28,0.5,16.12,16.2,998.25,7939.1,1777119072.481,1777119082.607,ok
GCP,presigned,isolated,100,10,5,9.746194,10.2604,0.903319,0.136443,0.970822,0.161485,0,0,0.28,0.3,16.14,16.2,998.46,7939.1,1777119088.04,1777119096.144,ok
GCP,presigned,isolated,100,10,6,10.471142,9.5501,0.852672,0.130404,1.043457,0.159937,0,0,0.27,0.4,16.2,16.2,998.6,7939.1,1777119102.921,1777119113.06,ok
GCP,presigned,isolated,100,10,7,9.942833,10.0575,0.81648,0.12969,0.989943,0.192768,0,0,0.34,0.5,16.2,16.2,998.6,7939.1,1777119118.526,1777119126.637,ok
GCP,presigned,isolated,100,10,8,9.971558,10.0285,1.158655,0.137067,0.992892,0.178488,0,0,0.26,0.3,16.2,16.2,998.6,7939.1,1777119133.612,1777119141.725,ok
GCP,presigned,isolated,100,10,9,10.195934,9.8078,0.924295,0.126131,1.01527,0.160533,0,0,0.32,0.4,16.2,16.2,998.6,7939.1,1777119148.715,1777119158.863,ok
GCP,presigned,isolated,100,10,10,10.270652,9.7365,1.159952,0.138097,1.022017,0.210109,0,0,0.32,0.5,16.2,16.2,998.53,7939.1,1777119164.066,1777119174.224,ok
AWS,server,isolated,100,16,1,3.465378,28.8569,0.0,0.0,0.0,0.0,0,0,34.9,37.9,18.3,18.3,1168.3,7939.1,1777119195.069,1777119199.131,ok
AWS,server,isolated,100,16,2,3.846783,25.9957,0.0,0.0,0.0,0.0,0,0,28.63,42.2,18.73,18.9,1203.07,7939.1,1777119204.851,1777119208.926,ok
AWS,server,isolated,100,16,3,3.933674,25.4215,0.0,0.0,0.0,0.0,0,0,43.0,66.4,19.57,19.8,1268.4,7939.1,1777119215.126,1777119219.193,ok
AWS,server,isolated,100,16,4,3.769602,26.528,0.0,0.0,0.0,0.0,0,0,55.17,69.5,19.77,20.1,1284.53,7939.1,1777119225.185,1777119229.263,ok
AWS,server,isolated,100,16,5,3.238633,30.8772,0.0,0.0,0.0,0.0,0,0,39.73,64.2,20.13,20.2,1312.2,7939.1,1777119235.533,1777119239.609,ok
AWS,server,isolated,100,16,6,3.945792,25.3435,0.0,0.0,0.0,0.0,0,0,31.57,41.2,20.37,20.7,1333.07,7939.1,1777119244.903,1777119248.98,ok
AWS,server,isolated,100,16,7,3.97851,25.135,0.0,0.0,0.0,0.0,0,0,30.77,43.2,20.97,21.1,1382.73,7939.1,1777119255.431,1777119259.506,ok
AWS,server,isolated,100,16,8,3.403528,29.3813,0.0,0.0,0.0,0.0,0,0,46.3,70.5,21.63,21.9,1431.33,7939.1,1777119265.774,1777119269.843,ok
AWS,server,isolated,100,16,9,3.955959,25.2783,0.0,0.0,0.0,0.0,0,0,34.47,64.6,22.33,22.6,1489.0,7939.1,1777119275.333,1777119279.406,ok
AWS,server,isolated,100,16,10,4.026447,24.8358,0.0,0.0,0.0,0.0,0,0,35.13,64.8,22.9,22.9,1535.1,7939.1,1777119285.574,1777119289.638,ok
AWS,presigned,isolated,100,16,1,1.956545,51.1105,0.277321,0.182736,0.245821,0.051534,0,0,1.5,1.5,22.4,22.4,1491.4,7939.1,1777119305.494,1777119305.494,ok
AWS,presigned,isolated,100,16,2,1.93748,51.6134,0.258884,0.17439,0.251087,0.056709,0,0,4.7,4.7,22.4,22.4,1491.4,7939.1,1777119312.637,1777119312.637,ok
AWS,presigned,isolated,100,16,3,2.032535,49.1996,0.328776,0.171877,0.252097,0.056405,0,0,11.4,11.4,22.4,22.4,1491.1,7939.1,1777119319.755,1777119319.755,ok
AWS,presigned,isolated,100,16,4,2.074919,48.1947,0.252498,0.061255,0.257711,0.059007,0,0,1.15,1.2,22.4,22.4,1491.1,7939.1,1777119326.856,1777119328.882,ok
AWS,presigned,isolated,100,16,5,2.010953,49.7277,0.248433,0.064743,0.247832,0.056612,0,0,12.7,12.7,22.4,22.4,1491.1,7939.1,1777119333.999,1777119333.999,ok
AWS,presigned,isolated,100,16,6,1.927105,51.8913,0.264037,0.13833,0.240651,0.060797,0,0,1.3,1.3,22.4,22.4,1491.1,7939.1,1777119341.156,1777119341.156,ok
AWS,presigned,isolated,100,16,7,2.128006,46.9923,0.329038,0.063515,0.264998,0.056675,0,0,1.2,1.2,22.4,22.4,1491.05,7939.1,1777119348.155,1777119350.181,ok
AWS,presigned,isolated,100,16,8,1.808721,55.2877,0.229378,0.135685,0.235541,0.062725,0,0,1.1,1.1,22.4,22.4,1491.0,7939.1,1777119355.422,1777119355.422,ok
AWS,presigned,isolated,100,16,9,1.929846,51.8176,0.26995,0.152444,0.24948,0.049186,0,0,1.1,1.1,22.4,22.4,1491.0,7939.1,1777119362.395,1777119362.395,ok
AWS,presigned,isolated,100,16,10,2.050529,48.7679,0.35763,0.150082,0.254861,0.077358,0,0,1.15,1.2,22.4,22.4,1491.0,7939.1,1777119369.484,1777119371.508,ok
AZURE,server,isolated,100,16,1,1.278942,78.1896,0.0,0.0,0.0,0.0,0,0,8.85,17.2,22.2,22.3,1480.35,7939.1,1777119386.374,1777119388.402,ok
AZURE,server,isolated,100,16,2,1.264896,79.0579,0.0,0.0,0.0,0.0,0,0,22.95,44.6,22.2,22.3,1478.45,7939.1,1777119393.927,1777119395.955,ok
AZURE,server,isolated,100,16,3,1.113498,89.8071,0.0,0.0,0.0,0.0,0,0,11.95,13.3,22.25,22.4,1479.7,7939.1,1777119401.291,1777119403.318,ok
AZURE,server,isolated,100,16,4,1.002137,99.7868,0.0,0.0,0.0,0.0,0,0,10.95,11.4,22.2,22.3,1477.55,7939.1,1777119408.569,1777119410.594,ok
AZURE,server,isolated,100,16,5,1.011026,98.9094,0.0,0.0,0.0,0.0,0,0,10.9,10.9,22.3,22.3,1488.8,7939.1,1777119415.78,1777119415.78,ok
AZURE,server,isolated,100,16,6,0.990878,100.9206,0.0,0.0,0.0,0.0,0,0,10.95,12.7,22.25,22.4,1479.2,7939.1,1777119422.756,1777119424.781,ok
AZURE,server,isolated,100,16,7,1.022633,97.7868,0.0,0.0,0.0,0.0,0,0,7.5,7.5,22.3,22.3,1487.0,7939.1,1777119429.842,1777119429.842,ok
AZURE,server,isolated,100,16,8,1.28678,77.7134,0.0,0.0,0.0,0.0,0,0,11.45,17.2,22.2,22.3,1479.15,7939.1,1777119436.822,1777119438.85,ok
AZURE,server,isolated,100,16,9,0.936982,106.7256,0.0,0.0,0.0,0.0,0,0,10.7,10.7,22.2,22.2,1480.6,7939.1,1777119444.141,1777119444.141,ok
AZURE,server,isolated,100,16,10,1.021208,97.9232,0.0,0.0,0.0,0.0,0,0,10.0,10.0,22.3,22.3,1487.7,7939.1,1777119451.181,1777119451.181,ok
AZURE,presigned,isolated,100,16,1,3.426223,29.1867,0.628465,0.02606,0.477352,0.102242,0,0,0.3,0.3,22.3,22.3,1489.0,7939.1,1777119469.869,1777119471.893,ok
AZURE,presigned,isolated,100,16,2,3.26079,30.6674,0.432533,0.027423,0.451332,0.136387,0,0,2.0,3.7,22.3,22.3,1489.25,7939.1,1777119478.334,1777119480.359,ok
AZURE,presigned,isolated,100,16,3,3.394441,29.4599,0.645847,0.028997,0.471564,0.134655,0,0,0.4,0.4,22.3,22.3,1489.2,7939.1,1777119486.632,1777119488.655,ok
AZURE,presigned,isolated,100,16,4,3.170558,31.5402,0.386564,0.02671,0.440206,0.170732,0,0,0.4,0.4,22.3,22.3,1489.2,7939.1,1777119495.055,1777119497.08,ok
AZURE,presigned,isolated,100,16,5,3.054013,32.7438,0.481742,0.030266,0.423914,0.117515,0,0,0.4,0.4,22.3,22.3,1489.5,7939.1,1777119503.263,1777119505.288,ok
AZURE,presigned,isolated,100,16,6,3.468069,28.8345,0.885681,0.027819,0.481849,0.214298,0,0,0.35,0.4,22.3,22.3,1489.45,7939.1,1777119511.354,1777119513.379,ok
AZURE,presigned,isolated,100,16,7,3.790431,26.3822,0.493692,0.028583,0.527118,0.178999,0,0,0.4,0.4,22.3,22.3,1489.35,7939.1,1777119519.856,1777119521.88,ok
AZURE,presigned,isolated,100,16,8,3.118502,32.0667,0.380468,0.026979,0.432994,0.133884,0,0,0.35,0.4,22.3,22.3,1489.3,7939.1,1777119528.677,1777119530.703,ok
AZURE,presigned,isolated,100,16,9,3.115705,32.0955,0.513054,0.026935,0.431986,0.121771,0,0,0.45,0.5,22.3,22.3,1489.3,7939.1,1777119536.829,1777119538.858,ok
AZURE,presigned,isolated,100,16,10,3.43038,29.1513,0.559422,0.027896,0.471964,0.134772,0,0,0.3,0.4,22.3,22.3,1489.3,7939.1,1777119544.986,1777119547.011,ok
GCP,server,isolated,100,16,1,7.141569,14.0025,0.0,0.0,0.0,0.0,0,0,4.68,7.1,22.66,22.9,1514.4,7939.1,1777119574.931,1777119583.038,ok
GCP,server,isolated,100,16,2,7.355183,13.5959,0.0,0.0,0.0,0.0,0,0,4.62,7.9,22.7,22.9,1518.26,7939.1,1777119588.097,1777119596.202,ok
GCP,server,isolated,100,16,3,7.253797,13.7859,0.0,0.0,0.0,0.0,0,0,4.24,8.0,22.78,22.9,1525.04,7939.1,1777119601.393,1777119609.507,ok
GCP,server,isolated,100,16,4,8.023508,12.4634,0.0,0.0,0.0,0.0,0,0,4.48,8.4,22.82,23.4,1526.48,7939.1,1777119614.617,1777119622.722,ok
GCP,server,isolated,100,16,5,7.295339,13.7074,0.0,0.0,0.0,0.0,0,0,4.0,7.7,22.82,22.9,1528.0,7939.1,1777119628.586,1777119636.689,ok
GCP,server,isolated,100,16,6,6.945391,14.398,0.0,0.0,0.0,0.0,0,0,4.67,6.1,23.0,23.1,1542.8,7939.1,1777119641.886,1777119647.962,ok
GCP,server,isolated,100,16,7,6.885106,14.5241,0.0,0.0,0.0,0.0,0,0,3.58,5.5,22.85,23.5,1530.2,7939.1,1777119654.894,1777119660.966,ok
GCP,server,isolated,100,16,8,6.929452,14.4312,0.0,0.0,0.0,0.0,0,0,5.2,7.9,22.77,22.9,1524.8,7939.1,1777119667.782,1777119673.863,ok
GCP,server,isolated,100,16,9,7.10106,14.0824,0.0,0.0,0.0,0.0,0,0,4.23,7.7,22.82,23.3,1527.4,7939.1,1777119680.708,1777119686.784,ok
GCP,server,isolated,100,16,10,6.58074,15.1959,0.0,0.0,0.0,0.0,0,0,8.6,23.4,22.85,23.0,1530.45,7939.1,1777119693.815,1777119699.89,ok
GCP,presigned,isolated,100,16,1,7.69843,12.9897,0.958127,0.146393,1.094659,0.151093,0,0,0.28,0.3,23.0,23.0,1542.6,7939.1,1777119727.826,1777119733.904,ok
GCP,presigned,isolated,100,16,2,7.783887,12.8471,0.96827,0.142452,1.106174,0.159873,0,0,0.33,0.5,23.0,23.0,1542.6,7939.1,1777119740.675,1777119746.748,ok
GCP,presigned,isolated,100,16,3,7.330606,13.6414,0.932134,0.132956,1.04234,0.159468,0,0,0.18,0.2,23.0,23.0,1542.5,7939.1,1777119753.594,1777119759.664,ok
GCP,presigned,isolated,100,16,4,8.471026,11.8049,1.248949,0.129577,1.204069,0.148159,0,0,0.2,0.2,23.0,23.0,1542.5,7939.1,1777119766.06,1777119774.162,ok
GCP,presigned,isolated,100,16,5,8.802565,11.3603,1.986304,0.13492,1.251695,0.401169,0,0,0.38,0.5,23.0,23.0,1542.44,7939.1,1777119779.676,1777119787.778,ok
GCP,presigned,isolated,100,16,6,8.021975,12.4658,0.960242,0.139876,1.140015,0.138448,0,0,0.28,0.3,23.0,23.0,1542.4,7939.1,1777119793.625,1777119799.706,ok
GCP,presigned,isolated,100,16,7,7.069761,14.1447,0.903596,0.130435,1.004413,0.129537,0,0,0.15,0.2,23.0,23.0,1542.38,7939.1,1777119806.779,1777119812.857,ok
GCP,presigned,isolated,100,16,8,8.156189,12.2606,0.94655,0.137559,1.159236,0.16444,0,0,0.26,0.5,23.0,23.0,1542.3,7939.1,1777119818.994,1777119827.101,ok
GCP,presigned,isolated,100,16,9,7.651557,13.0692,1.195408,0.208985,1.087947,0.159602,0,0,0.3,0.4,23.0,23.0,1542.3,7939.1,1777119832.363,1777119838.438,ok
GCP,presigned,isolated,100,16,10,6.897706,14.4976,0.980548,0.126874,0.978946,0.109524,0,0,0.23,0.3,23.0,23.0,1542.3,7939.1,1777119845.144,1777119851.226,ok
AWS,server,isolated,100,25,1,1.736419,57.5898,0.0,0.0,0.0,0.0,0,0,43.65,66.1,24.95,25.3,1698.7,7939.1,1777119868.07,1777119870.096,ok
AWS,server,isolated,100,25,2,1.703395,58.7063,0.0,0.0,0.0,0.0,0,0,19.7,21.3,25.4,25.7,1732.05,7939.1,1777119875.781,1777119877.806,ok
AWS,server,isolated,100,25,3,1.749173,57.1699,0.0,0.0,0.0,0.0,0,0,19.2,20.5,25.55,26.2,1744.6,7939.1,1777119883.436,1777119885.461,ok
AWS,server,isolated,100,25,4,1.808889,55.2826,0.0,0.0,0.0,0.0,0,0,21.5,21.7,26.25,26.4,1801.0,7939.1,1777119891.261,1777119893.287,ok
AWS,server,isolated,100,25,5,1.831411,54.6027,0.0,0.0,0.0,0.0,0,0,21.1,21.5,26.35,26.5,1805.3,7939.1,1777119899.048,1777119901.075,ok
AWS,server,isolated,100,25,6,1.821855,54.8891,0.0,0.0,0.0,0.0,0,0,21.6,21.9,25.9,26.0,1769.8,7939.1,1777119906.952,1777119908.977,ok
AWS,server,isolated,100,25,7,1.593273,62.7639,0.0,0.0,0.0,0.0,0,0,25.25,30.5,26.05,26.5,1783.65,7939.1,1777119914.76,1777119916.783,ok
AWS,server,isolated,100,25,8,1.742387,57.3925,0.0,0.0,0.0,0.0,0,0,17.2,30.4,26.8,27.1,1844.35,7939.1,1777119922.263,1777119924.288,ok
AWS,server,isolated,100,25,9,1.57734,63.3979,0.0,0.0,0.0,0.0,0,0,21.9,22.0,27.65,27.7,1912.45,7939.1,1777119929.985,1777119932.01,ok
AWS,server,isolated,100,25,10,1.804071,55.4302,0.0,0.0,0.0,0.0,0,0,23.95,29.8,27.9,28.3,1933.2,7939.1,1777119937.482,1777119939.505,ok
AWS,presigned,isolated,100,25,1,1.941483,51.507,0.32704,0.129587,0.423852,0.227848,0,0,0.8,0.8,28.1,28.1,1944.5,7939.1,1777119953.623,1777119953.623,ok
AWS,presigned,isolated,100,25,2,1.542553,64.8276,0.306717,0.128068,0.325022,0.017568,0,0,8.0,8.0,27.9,27.9,1931.9,7939.1,1777119960.707,1777119960.707,ok
AWS,presigned,isolated,100,25,3,1.705851,58.6218,0.319054,0.135863,0.363568,0.073323,0,0,1.4,1.4,27.9,27.9,1930.9,7939.1,1777119967.392,1777119967.392,ok
AWS,presigned,isolated,100,25,4,1.608215,62.1807,0.399643,0.130585,0.344735,0.036681,0,0,5.3,5.3,27.9,27.9,1930.9,7939.1,1777119974.235,1777119974.235,ok
AWS,presigned,isolated,100,25,5,1.458625,68.5577,0.305039,0.140123,0.320509,0.016638,0,0,1.3,1.3,27.9,27.9,1931.1,7939.1,1777119980.991,1777119980.991,ok
AWS,presigned,isolated,100,25,6,1.528176,65.4375,0.336039,0.133733,0.342422,0.022405,0,0,1.1,1.1,27.9,27.9,1930.9,7939.1,1777119987.586,1777119987.586,ok
AWS,presigned,isolated,100,25,7,1.485302,67.3264,0.320397,0.136569,0.330696,0.013844,0,0,1.2,1.2,27.9,27.9,1930.8,7939.1,1777119994.256,1777119994.256,ok
AWS,presigned,isolated,100,25,8,1.631534,61.292,0.335976,0.0564,0.351093,0.030299,0,0,1.1,1.1,27.9,27.9,1930.8,7939.1,1777120000.812,1777120000.812,ok
AWS,presigned,isolated,100,25,9,1.560631,64.0767,0.325472,0.125473,0.332698,0.019797,0,0,0.8,0.8,27.9,27.9,1930.8,7939.1,1777120007.568,1777120007.568,ok
AWS,presigned,isolated,100,25,10,1.533463,65.2119,0.344935,0.133379,0.325273,0.018488,0,0,1.1,1.1,27.9,27.9,1930.8,7939.1,1777120014.27,1777120014.27,ok
AZURE,server,isolated,100,25,1,1.368282,73.0843,0.0,0.0,0.0,0.0,0,0,27.05,41.1,27.55,27.8,1904.7,7939.1,1777120030.368,1777120032.391,ok
AZURE,server,isolated,100,25,2,1.280152,78.1157,0.0,0.0,0.0,0.0,0,0,8.9,11.8,27.45,27.6,1896.15,7939.1,1777120037.757,1777120039.779,ok
AZURE,server,isolated,100,25,3,0.947316,105.5614,0.0,0.0,0.0,0.0,0,0,10.0,10.0,27.6,27.6,1905.7,7939.1,1777120045.035,1777120045.035,ok
AZURE,server,isolated,100,25,4,0.980501,101.9887,0.0,0.0,0.0,0.0,0,0,9.3,9.3,27.6,27.6,1909.7,7939.1,1777120051.911,1777120051.911,ok
AZURE,server,isolated,100,25,5,0.989859,101.0245,0.0,0.0,0.0,0.0,0,0,9.1,9.1,28.4,28.4,1969.4,7939.1,1777120058.802,1777120058.802,ok
AZURE,server,isolated,100,25,6,1.028149,97.2622,0.0,0.0,0.0,0.0,0,0,8.6,8.6,27.7,27.7,1914.5,7939.1,1777120065.752,1777120065.752,ok
AZURE,server,isolated,100,25,7,0.95484,104.7296,0.0,0.0,0.0,0.0,0,0,10.65,11.4,27.5,27.6,1898.35,7939.1,1777120072.759,1777120074.784,ok
AZURE,server,isolated,100,25,8,1.015525,98.4712,0.0,0.0,0.0,0.0,0,0,10.2,10.2,27.6,27.6,1905.7,7939.1,1777120079.844,1777120079.844,ok
AZURE,server,isolated,100,25,9,0.942201,106.1345,0.0,0.0,0.0,0.0,0,0,10.4,10.4,27.6,27.6,1907.5,7939.1,1777120086.888,1777120086.888,ok
AZURE,server,isolated,100,25,10,0.929043,107.6376,0.0,0.0,0.0,0.0,0,0,9.0,9.0,27.6,27.6,1908.4,7939.1,1777120093.891,1777120093.891,ok
AZURE,presigned,isolated,100,25,1,2.955812,33.8316,0.715277,0.027675,0.715987,0.028117,0,0,2.05,3.7,27.6,27.6,1910.3,7939.1,1777120111.914,1777120113.939,ok
AZURE,presigned,isolated,100,25,2,2.836645,35.2529,0.607638,0.028953,0.686838,0.250133,0,0,0.4,0.4,27.6,27.6,1910.3,7939.1,1777120119.905,1777120121.934,ok
AZURE,presigned,isolated,100,25,3,2.771346,36.0836,0.755957,0.028281,0.670905,0.135711,0,0,0.25,0.3,27.6,27.6,1910.5,7939.1,1777120127.775,1777120129.799,ok
AZURE,presigned,isolated,100,25,4,2.857182,34.9995,0.647119,0.028242,0.693503,0.035994,0,0,0.35,0.4,27.6,27.6,1910.5,7939.1,1777120135.585,1777120137.608,ok
AZURE,presigned,isolated,100,25,5,3.201561,31.2348,0.712877,0.024842,0.780748,0.115903,0,0,0.3,0.4,27.6,27.6,1910.5,7939.1,1777120143.469,1777120145.493,ok
AZURE,presigned,isolated,100,25,6,2.921804,34.2254,0.549577,0.029472,0.708019,0.11524,0,0,0.3,0.3,27.6,27.6,1910.5,7939.1,1777120151.71,1777120153.736,ok
AZURE,presigned,isolated,100,25,7,2.965414,33.7221,0.767511,0.026406,0.720393,0.150289,0,0,0.3,0.3,27.6,27.6,1910.5,7939.1,1777120159.661,1777120161.687,ok
AZURE,presigned,isolated,100,25,8,2.750829,36.3527,0.642128,0.028372,0.665502,0.126082,0,0,0.25,0.3,27.6,27.6,1910.5,7939.1,1777120167.669,1777120169.699,ok
AZURE,presigned,isolated,100,25,9,2.919353,34.2542,0.808049,0.024765,0.709578,0.244175,0,0,0.3,0.4,27.6,27.6,1910.7,7939.1,1777120175.445,1777120177.472,ok
AZURE,presigned,isolated,100,25,10,2.693312,37.129,0.549501,0.02535,0.653873,0.090305,0,0,0.4,0.4,27.6,27.6,1910.7,7939.1,1777120183.396,1777120185.42,ok
GCP,server,isolated,100,25,1,4.987108,20.0517,0.0,0.0,0.0,0.0,0,0,12.3,29.0,27.27,27.7,1879.23,7939.1,1777120208.885,1777120212.936,ok
GCP,server,isolated,100,25,2,5.786505,17.2816,0.0,0.0,0.0,0.0,0,0,4.17,7.0,27.02,27.6,1861.38,7939.1,1777120219.912,1777120225.989,ok
GCP,server,isolated,100,25,3,8.389406,11.9198,0.0,0.0,0.0,0.0,0,0,5.52,7.4,26.38,26.5,1811.58,7939.1,1777120231.656,1777120239.757,ok
GCP,server,isolated,100,25,4,5.271613,18.9695,0.0,0.0,0.0,0.0,0,0,9.85,28.3,26.65,27.1,1831.78,7939.1,1777120246.084,1777120252.161,ok
GCP,server,isolated,100,25,5,5.028396,19.8871,0.0,0.0,0.0,0.0,0,0,5.4,6.5,26.43,26.6,1814.97,7939.1,1777120257.412,1777120261.465,ok
GCP,server,isolated,100,25,6,5.020621,19.9179,0.0,0.0,0.0,0.0,0,0,6.63,8.9,26.4,26.7,1813.13,7939.1,1777120268.467,1777120272.52,ok
GCP,server,isolated,100,25,7,5.132943,19.482,0.0,0.0,0.0,0.0,0,0,8.32,16.7,26.62,27.2,1828.42,7939.1,1777120279.51,1777120285.59,ok
GCP,server,isolated,100,25,8,4.824956,20.7256,0.0,0.0,0.0,0.0,0,0,4.1,6.2,26.43,26.8,1815.87,7939.1,1777120290.677,1777120294.728,ok
GCP,server,isolated,100,25,9,5.367358,18.6311,0.0,0.0,0.0,0.0,0,0,8.6,25.5,26.35,26.6,1809.12,7939.1,1777120301.421,1777120307.498,ok
GCP,server,isolated,100,25,10,5.33409,18.7473,0.0,0.0,0.0,0.0,0,0,6.3,10.5,26.7,26.9,1834.3,7939.1,1777120312.705,1777120318.785,ok
GCP,presigned,isolated,100,25,1,5.377909,18.5946,1.421242,0.134457,1.329475,0.155025,0,0,0.17,0.3,26.4,26.4,1812.7,7939.1,1777120339.593,1777120343.642,ok
GCP,presigned,isolated,100,25,2,5.211986,19.1865,1.644014,0.12324,1.287891,0.245404,0,0,0.3,0.5,26.4,26.4,1812.7,7939.1,1777120350.11,1777120354.162,ok
GCP,presigned,isolated,100,25,3,4.728983,21.1462,1.084727,0.138938,1.167564,0.170529,0,0,0.27,0.3,26.4,26.4,1812.6,7939.1,1777120360.467,1777120364.519,ok
GCP,presigned,isolated,100,25,4,5.112909,19.5583,1.107909,0.137311,1.263578,0.218661,0,0,0.33,0.5,26.4,26.4,1812.7,7939.1,1777120370.343,1777120374.396,ok
GCP,presigned,isolated,100,25,5,5.203679,19.2172,1.088851,0.132267,1.284791,0.22506,0,0,0.3,0.3,26.4,26.4,1812.13,7939.1,1777120380.599,1777120384.65,ok
GCP,presigned,isolated,100,25,6,6.414552,15.5896,1.490517,0.140359,1.58814,0.545805,0,0,0.23,0.5,26.4,26.4,1812.1,7939.1,1777120390.949,1777120397.026,ok
GCP,presigned,isolated,100,25,7,5.981052,16.7195,1.319653,0.137746,1.480655,0.246323,0,0,0.2,0.3,26.4,26.4,1812.1,7939.1,1777120402.513,1777120406.562,ok
GCP,presigned,isolated,100,25,8,5.939929,16.8352,1.332293,0.144573,1.470318,0.120326,0,0,0.2,0.2,26.4,26.4,1812.1,7939.1,1777120413.647,1777120417.7,ok
GCP,presigned,isolated,100,25,9,4.924967,20.3047,1.049944,0.414127,1.216564,0.157087,0,0,0.13,0.2,26.4,26.4,1812.1,7939.1,1777120425.011,1777120429.063,ok
GCP,presigned,isolated,100,25,10,5.295915,18.8825,1.052786,0.421521,1.307944,0.223595,0,0,0.3,0.5,26.4,26.4,1811.8,7939.1,1777120435.369,1777120439.419,ok
AWS,server,isolated,100,50,1,1.452655,68.8395,0.0,0.0,0.0,0.0,0,0,19.55,26.8,27.05,27.2,1864.15,7939.1,1777120455.661,1777120457.687,ok
AWS,server,isolated,100,50,2,1.476208,67.7411,0.0,0.0,0.0,0.0,0,0,37.05,62.7,26.75,27.4,1837.05,7939.1,1777120463.062,1777120465.09,ok
AWS,server,isolated,100,50,3,1.476744,67.7165,0.0,0.0,0.0,0.0,0,0,16.15,23.7,26.9,27.2,1851.65,7939.1,1777120470.66,1777120472.685,ok
AWS,server,isolated,100,50,4,1.516244,65.9524,0.0,0.0,0.0,0.0,0,0,10.85,18.7,26.75,27.2,1839.6,7939.1,1777120478.164,1777120480.19,ok
AWS,server,isolated,100,50,5,1.550587,64.4917,0.0,0.0,0.0,0.0,0,0,19.15,22.7,26.8,26.9,1842.75,7939.1,1777120485.602,1777120487.627,ok
AWS,server,isolated,100,50,6,1.584197,63.1235,0.0,0.0,0.0,0.0,0,0,17.45,23.1,26.85,27.3,1847.8,7939.1,1777120493.197,1777120495.22,ok
AWS,server,isolated,100,50,7,2.005943,49.8519,0.0,0.0,0.0,0.0,0,0,15.95,19.2,27.15,27.5,1872.35,7939.1,1777120500.78,1777120502.805,ok
AWS,server,isolated,100,50,8,1.470763,67.9919,0.0,0.0,0.0,0.0,0,0,22.5,25.2,26.9,27.0,1852.75,7939.1,1777120508.93,1777120510.955,ok
AWS,server,isolated,100,50,9,1.344653,74.3686,0.0,0.0,0.0,0.0,0,0,19.85,20.8,26.4,26.5,1815.0,7939.1,1777120516.443,1777120518.465,ok
AWS,server,isolated,100,50,10,1.441575,69.3686,0.0,0.0,0.0,0.0,0,0,22.55,26.7,26.8,27.6,1841.65,7939.1,1777120523.715,1777120525.743,ok
AWS,presigned,isolated,100,50,1,1.541628,64.8665,0.621194,0.14758,0.620401,0.001125,0,0,13.2,13.2,27.0,27.0,1859.4,7939.1,1777120539.227,1777120539.227,ok
AWS,presigned,isolated,100,50,2,1.382457,72.335,0.558731,0.131335,0.551682,0.009972,0,0,6.0,6.0,26.5,26.5,1823.0,7939.1,1777120545.902,1777120545.902,ok
AWS,presigned,isolated,100,50,3,1.386584,72.1197,0.548272,0.132252,0.550424,0.00304,0,0,0.9,0.9,26.5,26.5,1817.3,7939.1,1777120552.428,1777120552.428,ok
AWS,presigned,isolated,100,50,4,1.312725,76.1774,0.537826,0.130298,0.545399,0.010708,0,0,1.0,1.0,26.5,26.5,1817.2,7939.1,1777120558.947,1777120558.947,ok
AWS,presigned,isolated,100,50,5,1.324605,75.4942,0.538507,0.059379,0.539508,0.001412,0,0,0.9,0.9,26.5,26.5,1816.9,7939.1,1777120565.329,1777120565.329,ok
AWS,presigned,isolated,100,50,6,1.4213,70.3581,0.576622,0.129356,0.562331,0.020214,0,0,0.9,0.9,26.5,26.5,1816.9,7939.1,1777120571.792,1777120571.792,ok
AWS,presigned,isolated,100,50,7,1.647518,60.6974,0.781231,0.054538,0.679556,0.143793,0,0,0.9,0.9,26.5,26.5,1816.9,7939.1,1777120578.27,1777120578.27,ok
AWS,presigned,isolated,100,50,8,1.385134,72.1952,0.542098,0.12466,0.545429,0.004707,0,0,1.0,1.0,26.5,26.5,1816.9,7939.1,1777120585.049,1777120585.049,ok
AWS,presigned,isolated,100,50,9,1.365806,73.2168,0.53442,0.126128,0.543085,0.01225,0,0,1.1,1.1,26.5,26.5,1816.6,7939.1,1777120591.568,1777120591.568,ok
AWS,presigned,isolated,100,50,10,1.340516,74.5981,0.552087,0.125188,0.55318,0.001541,0,0,1.2,1.2,26.5,26.5,1816.6,7939.1,1777120598.064,1777120598.064,ok
AZURE,server,isolated,100,50,1,0.890867,112.2502,0.0,0.0,0.0,0.0,0,0,6.9,6.9,26.5,26.5,1817.5,7939.1,1777120613.982,1777120613.982,ok
AZURE,server,isolated,100,50,2,1.115253,89.6658,0.0,0.0,0.0,0.0,0,0,11.6,11.6,26.5,26.5,1817.7,7939.1,1777120620.851,1777120620.851,ok
AZURE,server,isolated,100,50,3,0.986164,101.403,0.0,0.0,0.0,0.0,0,0,7.9,7.9,26.7,26.7,1838.0,7939.1,1777120627.898,1777120627.898,ok
AZURE,server,isolated,100,50,4,1.092562,91.528,0.0,0.0,0.0,0.0,0,0,10.7,10.7,26.7,26.7,1835.6,7939.1,1777120634.9,1777120634.9,ok
AZURE,server,isolated,100,50,5,0.99502,100.5005,0.0,0.0,0.0,0.0,0,0,10.5,10.5,26.7,26.7,1835.6,7939.1,1777120641.908,1777120641.908,ok
AZURE,server,isolated,100,50,6,1.153763,86.6729,0.0,0.0,0.0,0.0,0,0,26.1,43.0,26.65,26.7,1832.05,7939.1,1777120648.876,1777120650.898,ok
AZURE,server,isolated,100,50,7,1.048569,95.3681,0.0,0.0,0.0,0.0,0,0,0.5,0.5,26.9,26.9,1853.1,7939.1,1777120656.04,1777120656.04,ok
AZURE,server,isolated,100,50,8,1.057489,94.5636,0.0,0.0,0.0,0.0,0,0,11.0,12.2,26.85,27.0,1845.3,7939.1,1777120662.984,1777120665.009,ok
AZURE,server,isolated,100,50,9,1.006671,99.3373,0.0,0.0,0.0,0.0,0,0,9.6,9.6,27.0,27.0,1859.7,7939.1,1777120670.116,1777120670.116,ok
AZURE,server,isolated,100,50,10,1.012153,98.7993,0.0,0.0,0.0,0.0,0,0,10.0,10.0,26.9,26.9,1853.9,7939.1,1777120677.102,1777120677.102,ok
AZURE,presigned,isolated,100,50,1,2.750476,36.3573,1.223222,0.028084,1.306647,0.117878,0,0,2.4,4.4,27.0,27.0,1857.9,7939.1,1777120696.342,1777120698.367,ok
AZURE,presigned,isolated,100,50,2,2.555773,39.1271,1.271154,0.026104,1.205091,0.093928,0,0,0.3,0.3,27.0,27.0,1858.1,7939.1,1777120704.126,1777120706.151,ok
AZURE,presigned,isolated,100,50,3,3.023885,33.07,1.520065,0.025883,1.445333,0.105784,0,0,0.35,0.4,27.0,27.0,1858.1,7939.1,1777120711.711,1777120713.735,ok
AZURE,presigned,isolated,100,50,4,2.668187,37.4786,1.304213,0.023654,1.268771,0.050217,0,0,0.25,0.3,27.0,27.0,1858.1,7939.1,1777120719.764,1777120721.792,ok
AZURE,presigned,isolated,100,50,5,2.646322,37.7883,1.062367,0.025133,1.256909,0.275034,0,0,0.4,0.4,27.0,27.0,1858.1,7939.1,1777120727.466,1777120729.492,ok
AZURE,presigned,isolated,100,50,6,2.98944,33.4511,1.357484,0.024663,1.429902,0.102292,0,0,0.4,0.4,27.0,27.0,1858.1,7939.1,1777120735.142,1777120737.168,ok
AZURE,presigned,isolated,100,50,7,3.524052,28.3764,1.837192,0.024139,1.69561,0.20057,0,0,0.3,0.3,27.0,27.0,1858.1,7939.1,1777120743.163,1777120745.189,ok
AZURE,presigned,isolated,100,50,8,2.92564,34.1806,1.56059,0.027858,1.391742,0.239216,0,0,0.4,0.4,27.0,27.0,1858.05,7939.1,1777120751.726,1777120753.755,ok
AZURE,presigned,isolated,100,50,9,2.977041,33.5904,1.572794,0.026033,1.414866,0.223449,0,0,0.35,0.4,27.0,27.0,1858.0,7939.1,1777120759.682,1777120761.704,ok
AZURE,presigned,isolated,100,50,10,3.435951,29.104,1.984364,0.026996,1.637948,0.490004,0,0,0.3,0.3,27.0,27.0,1858.0,7939.1,1777120767.693,1777120769.739,ok
GCP,server,isolated,100,50,1,4.168446,23.9898,0.0,0.0,0.0,0.0,0,0,9.67,24.7,27.9,28.2,1928.33,7939.1,1777120791.625,1777120795.671,ok
GCP,server,isolated,100,50,2,4.257991,23.4853,0.0,0.0,0.0,0.0,0,0,14.6,31.7,28.0,28.4,1939.57,7939.1,1777120801.697,1777120805.749,ok
GCP,server,isolated,100,50,3,3.86061,25.9026,0.0,0.0,0.0,0.0,0,0,10.73,25.3,27.93,28.3,1934.7,7939.1,1777120812.022,1777120816.067,ok
GCP,server,isolated,100,50,4,4.125154,24.2415,0.0,0.0,0.0,0.0,0,0,4.23,7.9,27.9,28.4,1930.17,7939.1,1777120821.833,1777120825.88,ok
GCP,server,isolated,100,50,5,3.45975,28.9038,0.0,0.0,0.0,0.0,0,0,7.47,13.2,28.27,29.2,1961.37,7939.1,1777120831.964,1777120836.009,ok
GCP,server,isolated,100,50,6,3.878038,25.7862,0.0,0.0,0.0,0.0,0,0,6.87,7.3,28.03,28.5,1944.17,7939.1,1777120841.992,1777120846.04,ok
GCP,server,isolated,100,50,7,3.613806,27.6717,0.0,0.0,0.0,0.0,0,0,8.17,9.1,27.93,28.5,1935.1,7939.1,1777120851.833,1777120855.881,ok
GCP,server,isolated,100,50,8,3.473718,28.7876,0.0,0.0,0.0,0.0,0,0,7.63,16.0,28.17,29.0,1953.27,7939.1,1777120861.406,1777120865.462,ok
GCP,server,isolated,100,50,9,3.670678,27.2429,0.0,0.0,0.0,0.0,0,0,9.43,14.8,28.0,28.5,1940.23,7939.1,1777120870.947,1777120875.003,ok
GCP,server,isolated,100,50,10,4.482937,22.3068,0.0,0.0,0.0,0.0,0,0,4.77,7.4,27.83,28.1,1925.9,7939.1,1777120880.545,1777120884.603,ok
GCP,presigned,isolated,100,50,1,3.697463,27.0456,1.497487,0.147278,1.804164,0.433569,0,0,0.3,0.3,27.1,27.1,1868.5,7939.1,1777120903.773,1777120905.799,ok
GCP,presigned,isolated,100,50,2,3.638752,27.4819,1.67505,0.131233,1.768582,0.132118,0,0,0.3,0.3,27.1,27.1,1866.2,7939.1,1777120912.615,1777120914.641,ok
GCP,presigned,isolated,100,50,3,3.463207,28.875,1.655312,0.139807,1.682941,0.038913,0,0,0.5,0.7,27.1,27.1,1866.0,7939.1,1777120921.403,1777120923.432,ok
GCP,presigned,isolated,100,50,4,3.858026,25.92,1.775105,0.468575,1.886529,0.15738,0,0,0.15,0.3,27.1,27.1,1866.1,7939.1,1777120930.347,1777120932.37,ok
GCP,presigned,isolated,100,50,5,4.423869,22.6046,1.811983,0.143015,2.165915,0.500384,0,0,0.4,0.7,27.1,27.1,1865.9,7939.1,1777120939.356,1777120943.407,ok
GCP,presigned,isolated,100,50,6,3.887559,25.7231,1.771212,0.431708,1.901922,0.184706,0,0,0.3,0.3,27.1,27.1,1865.9,7939.1,1777120949.218,1777120951.241,ok
GCP,presigned,isolated,100,50,7,3.954844,25.2854,1.429359,0.137522,1.930662,0.708774,0,0,0.3,0.3,27.1,27.1,1865.9,7939.1,1777120958.26,1777120960.287,ok
GCP,presigned,isolated,100,50,8,3.499505,28.5755,1.718626,0.135155,1.701262,0.024711,0,0,0.45,0.7,27.1,27.1,1865.9,7939.1,1777120967.361,1777120969.388,ok
GCP,presigned,isolated,100,50,9,3.962749,25.235,1.793284,0.133552,1.939532,0.206682,0,0,0.25,0.3,27.1,27.1,1865.8,7939.1,1777120975.999,1777120978.023,ok
GCP,presigned,isolated,100,50,10,3.773336,26.5017,1.671029,0.144667,1.845413,0.246487,0,0,0.1,0.2,27.1,27.1,1865.65,7939.1,1777120985.118,1777120987.142,ok
AWS,server,isolated,100,100,1,1.207576,82.8105,0.0,0.0,0.0,0.0,0,0,20.15,24.7,28.35,28.8,1967.1,7939.1,1777121003.388,1777121005.414,ok
AWS,server,isolated,100,100,2,1.171233,85.3801,0.0,0.0,0.0,0.0,0,0,15.7,15.9,27.8,28.2,1924.2,7939.1,1777121010.657,1777121012.684,ok
AWS,server,isolated,100,100,3,1.200937,83.2683,0.0,0.0,0.0,0.0,0,0,31.95,52.4,27.85,27.9,1927.25,7939.1,1777121017.739,1777121019.769,ok
AWS,server,isolated,100,100,4,1.154623,86.6084,0.0,0.0,0.0,0.0,0,0,14.55,14.7,27.8,28.1,1925.3,7939.1,1777121024.958,1777121026.984,ok
AWS,server,isolated,100,100,5,1.155357,86.5533,0.0,0.0,0.0,0.0,0,0,11.25,14.3,27.2,27.4,1876.85,7939.1,1777121032.265,1777121034.29,ok
AWS,server,isolated,100,100,6,1.161426,86.1011,0.0,0.0,0.0,0.0,0,0,15.15,18.6,27.8,28.1,1924.6,7939.1,1777121039.391,1777121041.414,ok
AWS,server,isolated,100,100,7,1.173312,85.2288,0.0,0.0,0.0,0.0,0,0,16.85,19.1,27.7,28.1,1916.15,7939.1,1777121046.582,1777121048.607,ok
AWS,server,isolated,100,100,8,1.161729,86.0786,0.0,0.0,0.0,0.0,0,0,11.8,14.6,27.25,27.6,1880.45,7939.1,1777121053.849,1777121055.873,ok
AWS,server,isolated,100,100,9,1.170186,85.4565,0.0,0.0,0.0,0.0,0,0,7.4,14.5,28.05,28.1,1941.5,7939.1,1777121060.999,1777121063.023,ok
AWS,server,isolated,100,100,10,1.162821,85.9978,0.0,0.0,0.0,0.0,0,0,33.15,51.7,28.4,28.9,1971.2,7939.1,1777121068.327,1777121070.349,ok
AWS,presigned,isolated,100,100,1,1.261551,79.2675,0.986882,0.055395,0.986884,0.0,0,0,0.8,0.8,26.9,26.9,1853.2,7939.1,1777121083.431,1777121083.431,ok
AWS,presigned,isolated,100,100,2,1.323565,75.5535,1.016882,0.12954,1.016884,0.0,0,0,8.3,8.3,26.9,26.9,1853.4,7939.1,1777121089.83,1777121089.83,ok
AWS,presigned,isolated,100,100,3,1.288142,77.6312,1.001069,0.123418,1.001072,0.0,0,0,1.2,1.2,26.9,26.9,1853.3,7939.1,1777121096.281,1777121096.281,ok
AWS,presigned,isolated,100,100,4,1.294342,77.2593,1.009502,0.055929,1.009504,0.0,0,0,1.1,1.1,26.9,26.9,1853.3,7939.1,1777121102.636,1777121102.636,ok
AWS,presigned,isolated,100,100,5,1.34245,74.4907,1.052541,0.133324,1.052543,0.0,0,0,1.3,1.3,26.9,26.9,1853.3,7939.1,1777121109.068,1777121109.068,ok
AWS,presigned,isolated,100,100,6,1.260036,79.3628,0.992427,0.1338,0.99243,0.0,0,0,1.2,1.2,26.9,26.9,1853.2,7939.1,1777121115.555,1777121115.555,ok
AWS,presigned,isolated,100,100,7,1.298759,76.9966,0.993976,0.142096,0.993978,0.0,0,0,1.3,1.3,26.9,26.9,1853.2,7939.1,1777121121.967,1777121121.967,ok
AWS,presigned,isolated,100,100,8,1.300576,76.889,1.030997,0.125356,1.030999,0.0,0,0,1.3,1.3,26.9,26.9,1853.2,7939.1,1777121128.391,1777121128.391,ok
AWS,presigned,isolated,100,100,9,1.298574,77.0076,1.003293,0.132618,1.003295,0.0,0,0,1.2,1.2,26.9,26.9,1853.2,7939.1,1777121134.832,1777121134.832,ok
AWS,presigned,isolated,100,100,10,1.274274,78.476,0.992585,0.131325,0.992587,0.0,0,0,1.3,1.3,26.9,26.9,1853.2,7939.1,1777121141.268,1777121141.268,ok
AZURE,server,isolated,100,100,1,1.303906,76.6926,0.0,0.0,0.0,0.0,0,0,25.95,44.3,26.5,27.0,1818.45,7939.1,1777121156.757,1777121158.781,ok
AZURE,server,isolated,100,100,2,1.202831,83.1372,0.0,0.0,0.0,0.0,0,0,20.65,40.9,25.85,26.3,1768.6,7939.1,1777121164.006,1777121166.029,ok
AZURE,server,isolated,100,100,3,1.00344,99.6572,0.0,0.0,0.0,0.0,0,0,8.2,8.2,25.7,25.7,1760.3,7939.1,1777121171.111,1777121171.111,ok
AZURE,server,isolated,100,100,4,1.07256,93.2349,0.0,0.0,0.0,0.0,0,0,20.4,33.3,25.75,25.8,1760.25,7939.1,1777121178.126,1777121180.149,ok
AZURE,server,isolated,100,100,5,1.000016,99.9984,0.0,0.0,0.0,0.0,0,0,9.5,9.5,25.8,25.8,1763.9,7939.1,1777121185.203,1777121185.203,ok
AZURE,server,isolated,100,100,6,0.995702,100.4317,0.0,0.0,0.0,0.0,0,0,9.8,9.8,25.8,25.8,1762.1,7939.1,1777121192.225,1777121192.225,ok
AZURE,server,isolated,100,100,7,0.992231,100.783,0.0,0.0,0.0,0.0,0,0,9.2,9.2,25.7,25.7,1757.1,7939.1,1777121199.191,1777121199.191,ok
AZURE,server,isolated,100,100,8,1.199316,83.3809,0.0,0.0,0.0,0.0,0,0,13.35,16.7,25.55,25.7,1747.7,7939.1,1777121206.144,1777121208.169,ok
AZURE,server,isolated,100,100,9,1.214269,82.3541,0.0,0.0,0.0,0.0,0,0,11.55,12.9,25.6,25.7,1747.9,7939.1,1777121213.334,1777121215.356,ok
AZURE,server,isolated,100,100,10,0.950581,105.1988,0.0,0.0,0.0,0.0,0,0,6.1,6.1,25.8,25.8,1762.4,7939.1,1777121220.592,1777121220.592,ok
AZURE,presigned,isolated,100,100,1,2.869086,34.8543,2.739662,0.026532,2.739733,0.0,0,0,5.75,7.6,25.7,25.7,1754.0,7939.1,1777121238.269,1777121240.294,ok
AZURE,presigned,isolated,100,100,2,2.685172,37.2416,2.554613,0.025543,2.554688,0.0,0,0,0.4,0.5,25.7,25.7,1754.1,7939.1,1777121246.168,1777121248.192,ok
AZURE,presigned,isolated,100,100,3,2.613139,38.2681,2.4531,0.028295,2.4532,0.0,0,0,0.3,0.3,25.7,25.7,1754.1,7939.1,1777121253.895,1777121255.92,ok
AZURE,presigned,isolated,100,100,4,2.810334,35.583,2.661993,0.024663,2.662085,0.0,0,0,0.35,0.4,25.7,25.7,1754.1,7939.1,1777121261.533,1777121263.562,ok
AZURE,presigned,isolated,100,100,5,3.473773,28.7871,3.317441,0.025951,3.317522,0.0,0,0,0.4,0.4,25.7,25.7,1754.1,7939.1,1777121269.377,1777121271.404,ok
AZURE,presigned,isolated,100,100,6,2.337155,42.7871,2.18292,0.027794,2.182987,0.0,0,0,0.35,0.4,25.7,25.7,1754.1,7939.1,1777121277.887,1777121279.914,ok
AZURE,presigned,isolated,100,100,7,2.761024,36.2184,2.620434,0.0262,2.620527,0.0,0,0,0.3,0.4,25.7,25.7,1754.05,7939.1,1777121285.255,1777121287.278,ok
AZURE,presigned,isolated,100,100,8,2.988078,33.4663,2.828363,0.027862,2.828446,0.0,0,0,0.4,0.4,25.7,25.7,1754.0,7939.1,1777121293.051,1777121295.074,ok
AZURE,presigned,isolated,100,100,9,2.976054,33.6015,2.806343,0.026661,2.806408,0.0,0,0,0.3,0.3,25.7,25.7,1754.0,7939.1,1777121301.075,1777121303.098,ok
AZURE,presigned,isolated,100,100,10,2.438841,41.0031,2.278205,0.025865,2.278275,0.0,0,0,0.4,0.4,25.7,25.7,1756.2,7939.1,1777121309.083,1777121311.108,ok
GCP,server,isolated,100,100,1,3.169159,31.5541,0.0,0.0,0.0,0.0,0,0,9.47,14.9,27.07,27.6,1866.6,7939.1,1777121330.99,1777121335.041,ok
GCP,server,isolated,100,100,2,3.603937,27.7474,0.0,0.0,0.0,0.0,0,0,4.67,8.6,26.43,26.8,1813.5,7939.1,1777121340.193,1777121344.244,ok
GCP,server,isolated,100,100,3,3.08836,32.3796,0.0,0.0,0.0,0.0,0,0,5.07,11.0,26.7,27.2,1837.7,7939.1,1777121349.702,1777121353.753,ok
GCP,server,isolated,100,100,4,3.532234,28.3107,0.0,0.0,0.0,0.0,0,0,16.43,32.8,27.07,27.5,1863.63,7939.1,1777121358.837,1777121362.885,ok
GCP,server,isolated,100,100,5,3.035162,32.9472,0.0,0.0,0.0,0.0,0,0,4.13,8.2,26.67,27.2,1833.63,7939.1,1777121368.392,1777121372.445,ok
GCP,server,isolated,100,100,6,4.90711,20.3786,0.0,0.0,0.0,0.0,0,0,11.73,16.9,27.2,27.8,1877.1,7939.1,1777121377.498,1777121381.544,ok
GCP,server,isolated,100,100,7,2.906182,34.4094,0.0,0.0,0.0,0.0,0,0,4.25,7.4,26.5,27.1,1819.8,7939.1,1777121388.517,1777121390.54,ok
GCP,server,isolated,100,100,8,3.16717,31.5739,0.0,0.0,0.0,0.0,0,0,5.1,7.1,27.17,27.5,1873.37,7939.1,1777121397.441,1777121401.49,ok
GCP,server,isolated,100,100,9,3.054253,32.7412,0.0,0.0,0.0,0.0,0,0,8.2,9.4,26.65,27.3,1828.6,7939.1,1777121406.631,1777121408.658,ok
GCP,server,isolated,100,100,10,3.447234,29.0088,0.0,0.0,0.0,0.0,0,0,13.2,27.9,26.7,27.1,1835.3,7939.1,1777121415.708,1777121419.759,ok
GCP,presigned,isolated,100,100,1,3.114447,32.1084,3.026163,0.131818,3.026423,0.0,0,0,0.3,0.4,26.1,26.1,1791.4,7939.1,1777121436.763,1777121438.788,ok
GCP,presigned,isolated,100,100,2,2.855431,35.021,2.748845,0.133667,2.749029,0.0,0,0,0.25,0.3,26.1,26.1,1791.6,7939.1,1777121445.028,1777121447.054,ok
GCP,presigned,isolated,100,100,3,2.870539,34.8367,2.781272,0.179174,2.781493,0.0,0,0,1.65,3.0,26.1,26.1,1791.6,7939.1,1777121453.073,1777121455.098,ok
GCP,presigned,isolated,100,100,4,2.907948,34.3885,2.827662,0.133081,2.827848,0.0,0,0,0.3,0.3,26.1,26.1,1791.6,7939.1,1777121461.092,1777121463.115,ok
GCP,presigned,isolated,100,100,5,2.872866,34.8084,2.789723,0.131235,2.789899,0.0,0,0,0.15,0.2,26.1,26.1,1791.6,7939.1,1777121469.145,1777121471.171,ok
GCP,presigned,isolated,100,100,6,5.886247,16.9888,5.806456,0.130586,5.806791,0.0,0,0,0.2,0.2,26.1,26.1,1791.5,7939.1,1777121477.162,1777121481.213,ok
GCP,presigned,isolated,100,100,7,2.840118,35.2098,2.735806,0.134422,2.73599,0.0,0,0,0.25,0.3,26.1,26.1,1791.5,7939.1,1777121488.2,1777121490.227,ok
GCP,presigned,isolated,100,100,8,2.815078,35.523,2.728965,0.13978,2.729134,0.0,0,0,0.4,0.5,26.1,26.1,1791.4,7939.1,1777121496.192,1777121498.219,ok
GCP,presigned,isolated,100,100,9,2.818743,35.4768,2.714323,0.13809,2.714518,0.0,0,0,0.3,0.3,26.1,26.1,1791.2,7939.1,1777121504.163,1777121506.188,ok
GCP,presigned,isolated,100,100,10,2.88692,34.639,2.799976,0.129506,2.800223,0.0,0,0,0.4,0.5,26.1,26.1,1791.2,7939.1,1777121512.121,1777121514.146,ok
AWS,server,isolated,500,5,1,10.519287,47.5317,0.0,0.0,0.0,0.0,0,0,56.04,71.0,24.51,24.9,1659.86,7939.1,1777121559.439,1777121573.636,ok
AWS,server,isolated,500,5,2,11.124676,44.9451,0.0,0.0,0.0,0.0,0,0,50.15,76.5,24.06,24.4,1622.03,7939.1,1777121579.421,1777121593.628,ok
AWS,server,isolated,500,5,3,10.522614,47.5167,0.0,0.0,0.0,0.0,0,0,52.19,68.6,24.27,24.5,1638.01,7939.1,1777121600.553,1777121614.748,ok
AWS,server,isolated,500,5,4,10.76618,46.4417,0.0,0.0,0.0,0.0,0,0,55.4,72.2,24.3,25.2,1641.12,7939.1,1777121620.605,1777121634.799,ok
AWS,server,isolated,500,5,5,11.439453,43.7084,0.0,0.0,0.0,0.0,0,0,51.83,68.8,23.77,23.9,1600.07,7939.1,1777121641.115,1777121657.33,ok
AWS,server,isolated,500,5,6,11.504322,43.4619,0.0,0.0,0.0,0.0,0,0,53.44,74.7,23.6,24.1,1586.35,7939.1,1777121662.48,1777121676.682,ok
AWS,server,isolated,500,5,7,12.03776,41.536,0.0,0.0,0.0,0.0,0,0,53.63,70.1,23.06,23.1,1540.38,7939.1,1777121683.727,1777121699.97,ok
AWS,server,isolated,500,5,8,9.787425,51.086,0.0,0.0,0.0,0.0,0,0,56.64,98.7,21.16,22.5,1392.03,7939.1,1777121705.641,1777121719.45,ok
AWS,server,isolated,500,5,9,9.925933,50.3731,0.0,0.0,0.0,0.0,0,0,53.38,74.3,20.35,20.5,1326.96,7939.1,1777121725.998,1777121740.196,ok
AWS,server,isolated,500,5,10,10.30859,48.5032,0.0,0.0,0.0,0.0,0,0,52.14,69.8,20.29,20.9,1323.7,7939.1,1777121745.349,1777121759.532,ok
AWS,presigned,isolated,500,5,1,14.420748,34.6723,0.138424,0.211884,0.138536,0.028326,0,0,0.71,1.3,19.4,19.4,1259.59,7939.1,1777121799.91,1777121814.112,ok
AWS,presigned,isolated,500,5,2,14.963517,33.4146,0.168591,0.113382,0.144003,0.064365,0,0,0.62,1.2,19.4,19.4,1259.5,7939.1,1777121819.454,1777121833.654,ok
AWS,presigned,isolated,500,5,3,14.069106,35.5389,0.132795,0.107558,0.135291,0.017392,0,0,0.64,1.6,19.4,19.4,1259.81,7939.1,1777121839.53,1777121851.697,ok
AWS,presigned,isolated,500,5,4,14.158383,35.3148,0.127649,0.104807,0.13606,0.028923,0,0,0.6,0.9,19.4,19.4,1259.97,7939.1,1777121858.713,1777121870.869,ok
AWS,presigned,isolated,500,5,5,13.744702,36.3777,0.13427,0.109841,0.131988,0.017741,0,0,0.5,0.8,19.4,19.4,1259.93,7939.1,1777121877.989,1777121890.173,ok
AWS,presigned,isolated,500,5,6,14.275041,35.0262,0.149611,0.187436,0.137235,0.041087,0,0,0.69,1.5,19.4,19.4,1260.3,7939.1,1777121896.928,1777121911.128,ok
AWS,presigned,isolated,500,5,7,13.714202,36.4586,0.1422,0.227909,0.131351,0.013218,0,0,0.53,1.2,19.4,19.4,1260.2,7939.1,1777121916.442,1777121928.598,ok
AWS,presigned,isolated,500,5,8,14.208967,35.189,0.126578,0.189992,0.136525,0.029454,0,0,0.65,1.0,19.4,19.4,1260.2,7939.1,1777121935.35,1777121949.533,ok
AWS,presigned,isolated,500,5,9,13.925969,35.9041,0.144925,0.186953,0.133621,0.036799,0,0,0.69,1.5,19.46,19.5,1260.31,7939.1,1777121954.762,1777121966.933,ok
AWS,presigned,isolated,500,5,10,14.388287,34.7505,0.177998,0.183837,0.138166,0.022606,0,0,0.57,1.4,19.5,19.5,1260.89,7939.1,1777121973.876,1777121988.083,ok
AZURE,server,isolated,500,5,1,4.492959,111.2852,0.0,0.0,0.0,0.0,0,0,26.5,36.3,16.02,16.1,987.04,7939.1,1777122018.697,1777122026.805,ok
AZURE,server,isolated,500,5,2,4.970279,100.598,0.0,0.0,0.0,0.0,0,0,17.46,24.7,15.92,16.1,977.42,7939.1,1777122032.703,1777122040.808,ok
AZURE,server,isolated,500,5,3,4.994945,100.1012,0.0,0.0,0.0,0.0,0,0,30.24,68.2,16.06,16.2,986.48,7939.1,1777122046.954,1777122055.064,ok
AZURE,server,isolated,500,5,4,5.07655,98.4921,0.0,0.0,0.0,0.0,0,0,19.76,32.8,16.02,16.2,987.32,7939.1,1777122061.297,1777122069.407,ok
AZURE,server,isolated,500,5,5,4.857501,102.9336,0.0,0.0,0.0,0.0,0,0,24.34,42.7,16.06,16.2,988.76,7939.1,1777122075.839,1777122083.933,ok
AZURE,server,isolated,500,5,6,4.678461,106.8728,0.0,0.0,0.0,0.0,0,0,30.28,45.9,16.06,16.3,988.66,7939.1,1777122090.391,1777122098.505,ok
AZURE,server,isolated,500,5,7,4.75886,105.0672,0.0,0.0,0.0,0.0,0,0,25.32,47.2,15.98,16.2,982.06,7939.1,1777122104.457,1777122112.569,ok
AZURE,server,isolated,500,5,8,4.728598,105.7396,0.0,0.0,0.0,0.0,0,0,29.32,70.6,15.96,16.1,980.1,7939.1,1777122118.737,1777122126.849,ok
AZURE,server,isolated,500,5,9,5.28599,94.5897,0.0,0.0,0.0,0.0,0,0,29.26,49.8,19.44,28.8,1256.18,7939.1,1777122132.842,1777122140.976,ok
AZURE,server,isolated,500,5,10,5.055812,98.8961,0.0,0.0,0.0,0.0,0,0,41.93,67.7,33.7,71.1,2388.49,7939.1,1777122147.631,1777122159.814,ok
AZURE,presigned,isolated,500,5,1,25.232463,19.8157,0.282961,0.029075,0.248593,0.071876,0,0,0.28,0.7,15.7,15.7,965.35,7939.1,1777122222.68,1777122247.0,ok
AZURE,presigned,isolated,500,5,2,24.887484,20.0904,0.260964,0.034454,0.245009,0.067172,0,0,0.29,0.5,15.7,15.7,965.81,7939.1,1777122252.958,1777122277.292,ok
AZURE,presigned,isolated,500,5,3,23.063418,21.6794,0.213702,0.029512,0.226694,0.050892,0,0,0.31,0.5,15.7,15.7,966.13,7939.1,1777122282.878,1777122305.176,ok
AZURE,presigned,isolated,500,5,4,26.241469,19.0538,0.215069,0.032028,0.258704,0.075884,0,0,0.26,0.5,15.8,15.8,966.83,7939.1,1777122310.983,1777122335.299,ok
AZURE,presigned,isolated,500,5,5,23.888801,20.9303,0.213876,0.027031,0.235175,0.057055,0,0,0.25,0.5,15.8,15.8,966.72,7939.1,1777122342.26,1777122364.558,ok
AZURE,presigned,isolated,500,5,6,25.482569,19.6213,0.230451,0.029715,0.250112,0.074984,0,0,0.32,0.5,15.8,15.8,966.89,7939.1,1777122371.188,1777122395.492,ok
AZURE,presigned,isolated,500,5,7,23.697613,21.0992,0.188029,0.026537,0.233082,0.073041,0,0,0.38,0.9,15.8,15.8,967.2,7939.1,1777122401.703,1777122424.001,ok
AZURE,presigned,isolated,500,5,8,23.146918,21.6011,0.259511,0.028258,0.22782,0.051667,0,0,0.28,0.7,15.8,15.8,967.3,7939.1,1777122430.434,1777122452.718,ok
AZURE,presigned,isolated,500,5,9,22.847356,21.8844,0.200202,0.02807,0.224862,0.054294,0,0,0.25,0.5,15.8,15.8,967.5,7939.1,1777122458.619,1777122480.89,ok
AZURE,presigned,isolated,500,5,10,24.18319,20.6755,0.22656,0.029573,0.237925,0.061927,0,0,0.33,0.5,15.8,15.8,967.7,7939.1,1777122486.505,1777122508.804,ok
GCP,server,isolated,500,5,1,70.516516,7.0905,0.0,0.0,0.0,0.0,0,0,5.48,40.5,17.03,33.8,1061.85,7939.1,1777122682.443,1777122757.487,ok
GCP,server,isolated,500,5,2,78.607742,6.3607,0.0,0.0,0.0,0.0,0,0,13.52,88.2,24.11,80.8,1632.72,7939.1,1777122763.738,1777122855.209,ok
GCP,server,isolated,500,5,3,77.340066,6.465,0.0,0.0,0.0,0.0,0,0,7.83,55.7,14.13,16.0,841.49,7939.1,1777122861.547,1777122945.796,ok
GCP,server,isolated,500,5,4,65.878312,7.5898,0.0,0.0,0.0,0.0,0,0,6.0,51.4,13.17,13.4,764.96,7939.1,1777122951.341,1777123022.356,ok
GCP,server,isolated,500,5,5,72.675437,6.8799,0.0,0.0,0.0,0.0,0,0,4.38,48.9,12.89,13.4,743.07,7939.1,1777123028.179,1777123105.263,ok
GCP,server,isolated,500,5,6,74.772436,6.687,0.0,0.0,0.0,0.0,0,0,4.46,50.8,10.42,10.6,546.72,7939.1,1777123110.536,1777123189.648,ok
GCP,server,isolated,500,5,7,62.982035,7.9388,0.0,0.0,0.0,0.0,0,0,4.66,44.7,10.42,10.7,546.04,7939.1,1777123195.964,1777123262.903,ok
GCP,server,isolated,500,5,8,67.389397,7.4196,0.0,0.0,0.0,0.0,0,0,3.48,37.3,10.33,10.5,538.46,7939.1,1777123268.648,1777123339.637,ok
GCP,server,isolated,500,5,9,75.826478,6.594,0.0,0.0,0.0,0.0,0,0,3.83,40.3,10.6,10.9,560.52,7939.1,1777123345.342,1777123424.418,ok
GCP,server,isolated,500,5,10,62.520564,7.9974,0.0,0.0,0.0,0.0,0,0,11.84,35.2,19.44,70.1,1262.56,7939.1,1777123430.62,1777123495.52,ok
GCP,presigned,isolated,500,5,1,85.455119,5.851,0.736014,0.164103,0.85264,0.137279,0,0,0.26,0.5,10.7,10.7,568.94,7939.1,1777123687.197,1777123772.346,ok
GCP,presigned,isolated,500,5,2,84.08907,5.9461,0.721405,0.220087,0.839046,0.128017,0,0,0.34,0.7,10.66,10.7,567.33,7939.1,1777123777.88,1777123861.001,ok
GCP,presigned,isolated,500,5,3,83.259075,6.0054,0.964309,0.214297,0.830807,0.131658,0,0,0.26,0.6,10.6,10.6,564.24,7939.1,1777123867.186,1777123950.274,ok
GCP,presigned,isolated,500,5,4,89.683838,5.5751,1.086538,0.487,0.895068,0.190586,0,0,0.28,1.3,10.5,10.5,559.62,7939.1,1777123955.937,1777124045.065,ok
GCP,presigned,isolated,500,5,5,85.417771,5.8536,0.716925,0.137503,0.851808,0.135376,0,0,0.27,0.5,10.5,10.5,559.41,7939.1,1777124050.765,1777124136.05,ok
GCP,presigned,isolated,500,5,6,90.032402,5.5536,1.146911,0.163251,0.898014,0.146931,0,0,0.26,0.7,10.5,10.5,559.28,7939.1,1777124141.35,1777124230.495,ok
GCP,presigned,isolated,500,5,7,86.915501,5.7527,0.786704,0.524448,0.867467,0.216866,0,0,0.27,0.7,10.5,10.5,559.07,7939.1,1777124236.915,1777124322.01,ok
GCP,presigned,isolated,500,5,8,86.083295,5.8083,1.178698,0.507985,0.85913,0.153766,0,0,0.25,0.6,10.5,10.5,558.88,7939.1,1777124329.349,1777124414.441,ok
GCP,presigned,isolated,500,5,9,85.229768,5.8665,0.883536,0.134557,0.850608,0.161622,0,0,0.24,0.4,10.5,10.5,558.79,7939.1,1777124420.568,1777124505.649,ok
GCP,presigned,isolated,500,5,10,87.707089,5.7008,0.737639,0.489852,0.875356,0.170688,0,0,0.28,0.9,10.5,10.5,558.52,7939.1,1777124511.296,1777124598.382,ok
AWS,server,isolated,500,8,1,10.107949,49.466,0.0,0.0,0.0,0.0,0,0,55.49,78.4,14.5,15.6,870.45,7939.1,1777124638.513,1777124652.712,ok
AWS,server,isolated,500,8,2,10.252763,48.7673,0.0,0.0,0.0,0.0,0,0,51.3,72.2,15.78,16.4,972.3,7939.1,1777124658.094,1777124672.28,ok
AWS,server,isolated,500,8,3,9.757229,51.2441,0.0,0.0,0.0,0.0,0,0,53.86,71.6,16.51,17.2,1029.8,7939.1,1777124677.795,1777124691.995,ok
AWS,server,isolated,500,8,4,10.141094,49.3043,0.0,0.0,0.0,0.0,0,0,50.08,69.1,17.0,17.4,1070.21,7939.1,1777124697.223,1777124711.412,ok
AWS,server,isolated,500,8,5,9.712309,51.4811,0.0,0.0,0.0,0.0,0,0,50.57,68.9,16.99,17.5,1067.74,7939.1,1777124717.021,1777124729.184,ok
AWS,server,isolated,500,8,6,9.663301,51.7422,0.0,0.0,0.0,0.0,0,0,53.96,70.7,16.99,17.5,1066.56,7939.1,1777124736.109,1777124748.29,ok
AWS,server,isolated,500,8,7,10.163019,49.198,0.0,0.0,0.0,0.0,0,0,53.25,68.9,17.14,17.8,1080.75,7939.1,1777124755.047,1777124769.242,ok
AWS,server,isolated,500,8,8,10.077773,49.6141,0.0,0.0,0.0,0.0,0,0,48.65,74.9,15.86,16.3,979.77,7939.1,1777124774.564,1777124788.772,ok
AWS,server,isolated,500,8,9,9.737238,51.3493,0.0,0.0,0.0,0.0,0,0,50.03,71.3,16.79,18.1,1053.16,7939.1,1777124794.067,1777124806.24,ok
AWS,server,isolated,500,8,10,10.331183,48.3972,0.0,0.0,0.0,0.0,0,0,55.56,69.8,17.4,18.0,1100.89,7939.1,1777124813.111,1777124827.309,ok
AWS,presigned,isolated,500,8,1,11.271028,44.3615,0.15968,0.088967,0.171548,0.019064,0,0,0.57,1.0,15.1,15.1,922.95,7939.1,1777124862.371,1777124872.515,ok
AWS,presigned,isolated,500,8,2,11.294758,44.2683,0.174083,0.173413,0.1718,0.041223,0,0,0.67,1.2,15.1,15.1,924.2,7939.1,1777124878.822,1777124888.958,ok
AWS,presigned,isolated,500,8,3,11.254809,44.4255,0.160506,0.179663,0.170731,0.017724,0,0,0.78,1.4,15.1,15.1,924.6,7939.1,1777124895.304,1777124905.432,ok
AWS,presigned,isolated,500,8,4,11.42868,43.7496,0.21687,0.167558,0.173787,0.021261,0,0,0.6,1.0,15.2,15.2,925.3,7939.1,1777124911.736,1777124921.87,ok
AWS,presigned,isolated,500,8,5,11.524513,43.3858,0.181089,0.088346,0.175497,0.043011,0,0,0.52,1.2,15.2,15.2,925.3,7939.1,1777124928.26,1777124938.395,ok
AWS,presigned,isolated,500,8,6,11.112244,44.9954,0.176161,0.095069,0.168887,0.017328,0,0,0.45,0.8,15.2,15.2,925.48,7939.1,1777124944.888,1777124955.029,ok
AWS,presigned,isolated,500,8,7,11.682147,42.8004,0.211327,0.0941,0.17817,0.037895,0,0,0.5,1.1,15.2,15.2,925.72,7939.1,1777124961.1,1777124971.243,ok
AWS,presigned,isolated,500,8,8,11.709842,42.6991,0.167025,0.164033,0.178414,0.04571,0,0,0.53,1.5,15.2,15.2,925.75,7939.1,1777124977.953,1777124988.086,ok
AWS,presigned,isolated,500,8,9,13.212872,37.8419,0.164333,0.159664,0.202172,0.197723,0,0,0.57,1.0,15.2,15.2,925.83,7939.1,1777124994.826,1777125006.979,ok
AWS,presigned,isolated,500,8,10,11.314023,44.1929,0.293375,0.16849,0.171882,0.026868,0,0,0.57,0.9,15.2,15.2,925.8,7939.1,1777125013.214,1777125023.361,ok
AZURE,server,isolated,500,8,1,4.840816,103.2884,0.0,0.0,0.0,0.0,0,0,30.82,52.9,15.12,15.2,920.86,7939.1,1777125053.518,1777125061.624,ok
AZURE,server,isolated,500,8,2,5.004651,99.9071,0.0,0.0,0.0,0.0,0,0,22.2,49.7,15.12,15.2,920.34,7939.1,1777125068.046,1777125076.148,ok
AZURE,server,isolated,500,8,3,4.603437,108.6145,0.0,0.0,0.0,0.0,0,0,25.52,53.3,15.16,15.3,925.26,7939.1,1777125082.415,1777125090.525,ok
AZURE,server,isolated,500,8,4,4.468315,111.899,0.0,0.0,0.0,0.0,0,0,26.22,45.2,15.26,15.3,932.48,7939.1,1777125096.607,1777125104.768,ok
AZURE,server,isolated,500,8,5,4.409118,113.4014,0.0,0.0,0.0,0.0,0,0,24.96,32.7,15.2,15.3,925.74,7939.1,1777125110.591,1777125118.697,ok
AZURE,server,isolated,500,8,6,4.475926,111.7087,0.0,0.0,0.0,0.0,0,0,24.72,38.2,15.2,15.3,926.98,7939.1,1777125124.741,1777125132.848,ok
AZURE,server,isolated,500,8,7,4.468474,111.895,0.0,0.0,0.0,0.0,0,0,15.76,26.3,15.16,15.3,923.48,7939.1,1777125138.871,1777125146.986,ok
AZURE,server,isolated,500,8,8,4.71324,106.0841,0.0,0.0,0.0,0.0,0,0,25.5,68.8,15.22,15.3,928.74,7939.1,1777125152.628,1777125160.738,ok
AZURE,server,isolated,500,8,9,4.782605,104.5455,0.0,0.0,0.0,0.0,0,0,21.7,29.5,15.14,15.2,922.44,7939.1,1777125166.755,1777125174.865,ok
AZURE,server,isolated,500,8,10,4.589744,108.9385,0.0,0.0,0.0,0.0,0,0,32.7,70.8,15.18,15.3,927.42,7939.1,1777125180.895,1777125189.008,ok
AZURE,presigned,isolated,500,8,1,19.087935,26.1946,0.263182,0.029567,0.29808,0.080145,0,0,0.32,0.5,15.0,15.0,911.12,7939.1,1777125237.868,1777125256.102,ok
AZURE,presigned,isolated,500,8,2,17.518595,28.5411,0.228733,0.026318,0.273218,0.055652,0,0,0.28,0.4,15.0,15.0,911.0,7939.1,1777125261.984,1777125278.188,ok
AZURE,presigned,isolated,500,8,3,18.623647,26.8476,0.260199,0.026791,0.290647,0.067904,0,0,0.23,0.3,15.0,15.0,911.0,7939.1,1777125284.535,1777125302.775,ok
AZURE,presigned,isolated,500,8,4,17.605097,28.4009,0.285449,0.028552,0.274666,0.060964,0,0,0.33,0.5,15.0,15.0,911.06,7939.1,1777125308.194,1777125324.407,ok
AZURE,presigned,isolated,500,8,5,17.643331,28.3393,0.293926,0.028127,0.275284,0.065995,0,0,0.3,0.5,15.0,15.0,911.49,7939.1,1777125330.837,1777125347.052,ok
AZURE,presigned,isolated,500,8,6,19.346633,25.8443,0.211724,0.028913,0.302314,0.084126,0,0,0.3,0.5,15.0,15.0,911.6,7939.1,1777125353.516,1777125371.757,ok
AZURE,presigned,isolated,500,8,7,18.746764,26.6713,0.249425,0.025323,0.292614,0.074096,0,0,0.88,5.7,14.75,15.0,891.9,7939.1,1777125377.895,1777125396.362,ok
AZURE,presigned,isolated,500,8,8,19.109722,26.1647,0.305727,0.030285,0.293446,0.072667,0,0,0.38,0.7,14.5,14.5,872.2,7939.1,1777125401.679,1777125419.919,ok
AZURE,presigned,isolated,500,8,9,18.177413,27.5067,0.29628,0.033558,0.283638,0.06222,0,0,0.81,2.3,14.5,14.5,872.18,7939.1,1777125425.831,1777125442.044,ok
AZURE,presigned,isolated,500,8,10,19.132111,26.1341,0.315217,0.027564,0.298144,0.074329,0,0,0.24,0.5,14.5,14.5,872.32,7939.1,1777125449.042,1777125467.288,ok
GCP,server,isolated,500,8,1,53.420667,9.3597,0.0,0.0,0.0,0.0,0,0,4.64,39.2,14.82,15.4,896.24,7939.1,1777125590.567,1777125647.31,ok
GCP,server,isolated,500,8,2,51.009126,9.8022,0.0,0.0,0.0,0.0,0,0,5.25,42.5,14.78,15.2,892.1,7939.1,1777125653.321,1777125708.055,ok
GCP,server,isolated,500,8,3,49.050542,10.1936,0.0,0.0,0.0,0.0,0,0,5.31,42.7,14.74,14.9,889.19,7939.1,1777125714.173,1777125766.861,ok
GCP,server,isolated,500,8,4,51.59265,9.6913,0.0,0.0,0.0,0.0,0,0,6.03,39.7,14.53,14.9,872.07,7939.1,1777125773.183,1777125829.94,ok
GCP,server,isolated,500,8,5,42.973511,11.6351,0.0,0.0,0.0,0.0,0,0,5.55,40.6,14.83,15.1,895.5,7939.1,1777125835.045,1777125881.688,ok
GCP,server,isolated,500,8,6,42.794304,11.6838,0.0,0.0,0.0,0.0,0,0,5.81,30.3,14.93,15.3,904.6,7939.1,1777125887.725,1777125934.401,ok
GCP,server,isolated,500,8,7,45.662258,10.95,0.0,0.0,0.0,0.0,0,0,6.06,52.6,14.83,15.0,896.53,7939.1,1777125940.278,1777125988.957,ok
GCP,server,isolated,500,8,8,54.490814,9.1759,0.0,0.0,0.0,0.0,0,0,5.23,53.7,14.63,14.8,881.28,7939.1,1777125995.531,1777126054.341,ok
GCP,server,isolated,500,8,9,45.598118,10.9654,0.0,0.0,0.0,0.0,0,0,5.75,43.5,14.92,15.3,902.7,7939.1,1777126059.576,1777126108.228,ok
GCP,server,isolated,500,8,10,49.514267,10.0981,0.0,0.0,0.0,0.0,0,0,5.34,67.4,14.53,14.7,873.31,7939.1,1777126114.896,1777126167.585,ok
GCP,presigned,isolated,500,8,1,61.298709,8.1568,0.931294,0.139307,0.97005,0.136453,0,0,0.26,0.7,14.3,14.3,856.38,7939.1,1777126307.997,1777126368.788,ok
GCP,presigned,isolated,500,8,2,65.53022,7.6301,1.117486,0.139592,1.037199,0.184675,0,0,0.26,0.5,14.3,14.3,857.12,7939.1,1777126374.445,1777126439.312,ok
GCP,presigned,isolated,500,8,3,58.192202,8.5922,1.313585,0.145103,0.920958,0.133204,0,0,0.32,0.7,14.35,14.4,861.42,7939.1,1777126445.127,1777126501.855,ok
GCP,presigned,isolated,500,8,4,63.467761,7.878,0.823882,0.149782,1.003975,0.165428,0,0,0.24,0.5,14.4,14.4,865.6,7939.1,1777126508.477,1777126571.322,ok
GCP,presigned,isolated,500,8,5,59.121106,8.4572,1.187907,0.142469,0.935088,0.15396,0,0,0.31,1.0,14.4,14.4,865.88,7939.1,1777126577.095,1777126635.874,ok
GCP,presigned,isolated,500,8,6,62.130119,8.0476,0.990675,0.518972,0.983387,0.194466,0,0,0.33,0.8,14.4,14.4,866.66,7939.1,1777126641.741,1777126702.584,ok
GCP,presigned,isolated,500,8,7,58.912835,8.4871,0.845345,0.139997,0.932235,0.173295,0,0,0.28,0.5,14.4,14.4,866.46,7939.1,1777126709.019,1777126767.794,ok
GCP,presigned,isolated,500,8,8,59.0658,8.4651,1.117728,0.283151,0.934485,0.148777,0,0,0.28,0.7,14.4,14.4,866.39,7939.1,1777126773.222,1777126832.011,ok
GCP,presigned,isolated,500,8,9,62.872138,7.9526,0.796764,0.454877,0.994898,0.14866,0,0,0.27,0.5,14.4,14.4,866.29,7939.1,1777126837.747,1777126900.607,ok
GCP,presigned,isolated,500,8,10,56.400032,8.8652,1.084336,0.203316,0.892025,0.122976,0,0,0.31,0.8,14.4,14.4,865.73,7939.1,1777126905.851,1777126960.615,ok
AWS,server,isolated,500,10,1,11.765049,42.4988,0.0,0.0,0.0,0.0,0,0,53.7,71.3,16.53,17.5,1031.68,7939.1,1777127003.268,1777127019.512,ok
AWS,server,isolated,500,10,2,11.721983,42.6549,0.0,0.0,0.0,0.0,0,0,54.81,71.5,16.27,16.9,1012.3,7939.1,1777127024.861,1777127041.115,ok
AWS,server,isolated,500,10,3,13.776406,36.2939,0.0,0.0,0.0,0.0,0,0,54.79,71.5,17.03,17.7,1071.33,7939.1,1777127046.298,1777127064.61,ok
AWS,server,isolated,500,10,4,15.262721,32.7596,0.0,0.0,0.0,0.0,0,0,55.98,72.8,17.8,18.4,1132.43,7939.1,1777127070.672,1777127091.015,ok
AWS,server,isolated,500,10,5,18.009119,27.7637,0.0,0.0,0.0,0.0,0,0,55.85,71.3,17.02,17.4,1070.39,7939.1,1777127096.439,1777127118.843,ok
AWS,server,isolated,500,10,6,10.705493,46.705,0.0,0.0,0.0,0.0,0,0,53.69,70.8,16.7,17.2,1047.56,7939.1,1777127125.041,1777127139.25,ok
AWS,server,isolated,500,10,7,10.059485,49.7043,0.0,0.0,0.0,0.0,0,0,54.92,75.8,16.21,16.9,1006.76,7939.1,1777127146.15,1777127160.36,ok
AWS,server,isolated,500,10,8,10.00844,49.9578,0.0,0.0,0.0,0.0,0,0,54.06,71.9,15.95,16.6,985.71,7939.1,1777127165.792,1777127179.987,ok
AWS,server,isolated,500,10,9,9.958351,50.2091,0.0,0.0,0.0,0.0,0,0,49.65,70.9,15.95,16.6,987.38,7939.1,1777127185.215,1777127199.411,ok
AWS,server,isolated,500,10,10,10.014849,49.9259,0.0,0.0,0.0,0.0,0,0,53.99,69.1,16.31,17.1,1016.15,7939.1,1777127204.649,1777127218.859,ok
AWS,presigned,isolated,500,10,1,10.512976,47.5603,0.175022,0.1577,0.200808,0.071536,0,0,0.6,1.5,15.0,15.0,914.2,7939.1,1777127259.951,1777127270.085,ok
AWS,presigned,isolated,500,10,2,12.6442,39.5438,0.194838,0.156728,0.244047,0.252906,0,0,0.43,0.9,15.0,15.0,914.2,7939.1,1777127275.628,1777127287.787,ok
AWS,presigned,isolated,500,10,3,10.222559,48.9114,0.197644,0.144944,0.195449,0.019016,0,0,0.85,1.4,15.0,15.0,914.15,7939.1,1777127293.425,1777127303.561,ok
AWS,presigned,isolated,500,10,4,10.609549,47.1274,0.178928,0.152621,0.20324,0.068238,0,0,0.7,0.9,15.0,15.0,914.02,7939.1,1777127308.807,1777127318.936,ok
AWS,presigned,isolated,500,10,5,10.079147,49.6074,0.210982,0.156272,0.192279,0.024301,0,0,0.76,1.1,15.0,15.0,914.38,7939.1,1777127324.582,1777127332.688,ok
AWS,presigned,isolated,500,10,6,10.261423,48.7262,0.179208,0.148619,0.196298,0.026612,0,0,0.8,1.4,15.0,15.0,914.77,7939.1,1777127339.819,1777127349.955,ok
AWS,presigned,isolated,500,10,7,10.998606,45.4603,0.190386,0.160755,0.210878,0.066938,0,0,0.8,1.0,15.08,15.1,917.8,7939.1,1777127355.249,1777127365.382,ok
AWS,presigned,isolated,500,10,8,11.34987,44.0534,0.198869,0.08157,0.217763,0.159934,0,0,0.62,1.3,15.0,15.0,915.82,7939.1,1777127371.331,1777127381.465,ok
AWS,presigned,isolated,500,10,9,11.453411,43.6551,1.158914,0.152485,0.218344,0.140606,0,0,0.4,0.9,15.0,15.0,915.8,7939.1,1777127387.841,1777127397.985,ok
AWS,presigned,isolated,500,10,10,10.657291,46.9162,0.194913,0.086679,0.203249,0.054636,0,0,0.57,0.8,15.0,15.0,916.02,7939.1,1777127404.395,1777127414.54,ok
AZURE,server,isolated,500,10,1,4.629979,107.9919,0.0,0.0,0.0,0.0,0,0,27.58,52.4,15.52,15.6,952.88,7939.1,1777127443.866,1777127451.972,ok
AZURE,server,isolated,500,10,2,4.816531,103.8092,0.0,0.0,0.0,0.0,0,0,19.54,24.0,15.42,15.5,943.76,7939.1,1777127458.114,1777127466.215,ok
AZURE,server,isolated,500,10,3,5.267736,94.9174,0.0,0.0,0.0,0.0,0,0,27.32,54.2,15.46,15.6,947.54,7939.1,1777127472.643,1777127480.763,ok
AZURE,server,isolated,500,10,4,4.673889,106.9773,0.0,0.0,0.0,0.0,0,0,28.48,38.0,15.34,15.5,939.14,7939.1,1777127487.607,1777127495.721,ok
AZURE,server,isolated,500,10,5,4.69708,106.4491,0.0,0.0,0.0,0.0,0,0,28.86,39.4,15.2,15.3,927.62,7939.1,1777127502.003,1777127510.11,ok
AZURE,server,isolated,500,10,6,5.123549,97.5886,0.0,0.0,0.0,0.0,0,0,22.78,37.5,15.48,15.6,948.82,7939.1,1777127516.598,1777127524.715,ok
AZURE,server,isolated,500,10,7,5.395966,92.6618,0.0,0.0,0.0,0.0,0,0,21.08,28.3,15.5,15.6,950.04,7939.1,1777127531.377,1777127539.506,ok
AZURE,server,isolated,500,10,8,4.551952,109.843,0.0,0.0,0.0,0.0,0,0,24.44,34.2,15.38,15.6,942.18,7939.1,1777127546.347,1777127554.468,ok
AZURE,server,isolated,500,10,9,4.699264,106.3996,0.0,0.0,0.0,0.0,0,0,25.2,47.2,15.3,15.3,935.96,7939.1,1777127560.646,1777127568.758,ok
AZURE,server,isolated,500,10,10,4.757384,105.0998,0.0,0.0,0.0,0.0,0,0,25.54,38.4,15.28,15.3,933.76,7939.1,1777127575.083,1777127583.199,ok
AZURE,presigned,isolated,500,10,1,19.555347,25.5685,0.348002,0.029885,0.385068,0.079395,0,0,0.33,0.4,15.0,15.0,913.3,7939.1,1777127632.977,1777127651.227,ok
AZURE,presigned,isolated,500,10,2,18.845219,26.5319,0.374374,0.031832,0.370958,0.081181,0,0,0.28,0.4,15.0,15.0,913.42,7939.1,1777127657.573,1777127675.828,ok
AZURE,presigned,isolated,500,10,3,18.840535,26.5385,0.426494,0.027624,0.371182,0.07729,0,0,0.31,0.5,15.1,15.1,919.3,7939.1,1777127681.45,1777127699.702,ok
AZURE,presigned,isolated,500,10,4,19.068645,26.2211,0.400097,0.027408,0.374883,0.073175,0,0,0.29,0.5,15.1,15.1,919.58,7939.1,1777127705.324,1777127723.588,ok
AZURE,presigned,isolated,500,10,5,19.283323,25.9291,0.419184,0.028643,0.379245,0.080784,0,0,0.31,0.5,15.1,15.1,919.8,7939.1,1777127729.439,1777127747.686,ok
AZURE,presigned,isolated,500,10,6,18.722396,26.706,0.523089,0.030001,0.368226,0.086948,0,0,0.29,0.4,15.1,15.1,919.7,7939.1,1777127753.757,1777127772.004,ok
AZURE,presigned,isolated,500,10,7,20.583725,24.291,0.682427,0.031085,0.403217,0.088007,0,0,0.27,0.5,15.1,15.1,919.63,7939.1,1777127777.519,1777127797.795,ok
AZURE,presigned,isolated,500,10,8,20.121006,24.8497,0.448559,0.028845,0.395599,0.088528,0,0,0.38,0.9,15.1,15.1,919.66,7939.1,1777127803.141,1777127821.388,ok
AZURE,presigned,isolated,500,10,9,19.345215,25.8462,0.336766,0.030875,0.38034,0.084129,0,0,0.32,0.5,15.1,15.1,919.7,7939.1,1777127828.297,1777127846.572,ok
AZURE,presigned,isolated,500,10,10,19.724002,25.3498,0.451103,0.031776,0.388166,0.083651,0,0,0.26,0.4,15.1,15.1,919.68,7939.1,1777127852.685,1777127870.933,ok
GCP,server,isolated,500,10,1,43.607877,11.4658,0.0,0.0,0.0,0.0,0,0,4.45,16.0,15.68,16.0,963.15,7939.1,1777127979.864,1777128026.517,ok
GCP,server,isolated,500,10,2,41.142972,12.1527,0.0,0.0,0.0,0.0,0,0,6.0,50.2,15.62,16.0,959.26,7939.1,1777128033.255,1777128077.872,ok
GCP,server,isolated,500,10,3,40.278759,12.4135,0.0,0.0,0.0,0.0,0,0,6.78,42.0,15.56,15.9,954.38,7939.1,1777128084.148,1777128128.753,ok
GCP,server,isolated,500,10,4,41.442556,12.0649,0.0,0.0,0.0,0.0,0,0,6.28,40.5,15.91,16.3,982.37,7939.1,1777128133.942,1777128178.57,ok
GCP,server,isolated,500,10,5,41.652951,12.004,0.0,0.0,0.0,0.0,0,0,6.8,51.4,15.76,16.3,971.8,7939.1,1777128184.985,1777128229.576,ok
GCP,server,isolated,500,10,6,41.269122,12.1156,0.0,0.0,0.0,0.0,0,0,6.06,36.6,15.57,15.9,955.3,7939.1,1777128236.378,1777128280.954,ok
GCP,server,isolated,500,10,7,36.729672,13.613,0.0,0.0,0.0,0.0,0,0,7.65,63.8,15.89,16.3,981.3,7939.1,1777128287.199,1777128327.725,ok
GCP,server,isolated,500,10,8,35.969685,13.9006,0.0,0.0,0.0,0.0,0,0,5.97,44.3,15.49,15.9,948.79,7939.1,1777128333.604,1777128374.132,ok
GCP,server,isolated,500,10,9,37.179772,13.4482,0.0,0.0,0.0,0.0,0,0,5.3,22.1,15.48,15.6,947.1,7939.1,1777128379.304,1777128419.86,ok
GCP,server,isolated,500,10,10,41.873758,11.9407,0.0,0.0,0.0,0.0,0,0,5.57,38.3,15.44,15.7,945.92,7939.1,1777128425.986,1777128470.6,ok
GCP,presigned,isolated,500,10,1,52.246395,9.57,0.874517,0.204754,1.041628,0.167699,0,0,0.3,0.5,15.4,15.4,944.23,7939.1,1777128589.247,1777128639.889,ok
GCP,presigned,isolated,500,10,2,51.004754,9.803,1.253902,0.140713,1.016816,0.168936,0,0,0.29,0.5,15.4,15.4,944.57,7939.1,1777128646.641,1777128697.323,ok
GCP,presigned,isolated,500,10,3,49.16882,10.169,0.935766,0.145736,0.979149,0.157728,0,0,0.27,0.5,15.4,15.4,944.54,7939.1,1777128702.798,1777128751.46,ok
GCP,presigned,isolated,500,10,4,50.067695,9.9865,0.871246,0.503001,0.997142,0.169309,0,0,0.3,0.7,15.4,15.4,945.2,7939.1,1777128757.478,1777128806.124,ok
GCP,presigned,isolated,500,10,5,46.935031,10.653,0.821234,0.49144,0.935442,0.138492,0,0,0.3,0.7,15.4,15.4,945.12,7939.1,1777128813.041,1777128859.653,ok
GCP,presigned,isolated,500,10,6,49.356516,10.1304,0.865637,0.132363,0.983815,0.183291,0,0,0.26,0.4,15.4,15.4,945.26,7939.1,1777128865.113,1777128913.713,ok
GCP,presigned,isolated,500,10,7,50.519937,9.8971,0.846108,0.133543,1.007121,0.170338,0,0,0.28,0.6,15.4,15.4,945.49,7939.1,1777128919.609,1777128968.229,ok
GCP,presigned,isolated,500,10,8,48.328943,10.3458,1.147468,0.134058,0.963243,0.146816,0,0,0.27,0.5,15.4,15.4,945.32,7939.1,1777128975.273,1777129021.888,ok
GCP,presigned,isolated,500,10,9,45.825675,10.9109,0.857323,0.219255,0.913328,0.133651,0,0,0.31,0.8,15.4,15.4,945.21,7939.1,1777129028.829,1777129073.384,ok
GCP,presigned,isolated,500,10,10,47.085298,10.619,0.98412,0.147331,0.938355,0.132749,0,0,0.25,0.4,15.4,15.4,945.14,7939.1,1777129079.806,1777129126.438,ok
AWS,server,isolated,500,16,1,9.975646,50.1221,0.0,0.0,0.0,0.0,0,0,53.09,69.6,16.48,17.4,1027.99,7939.1,1777129165.753,1777129179.953,ok
AWS,server,isolated,500,16,2,9.73751,51.3478,0.0,0.0,0.0,0.0,0,0,54.01,70.7,16.95,18.1,1065.29,7939.1,1777129185.457,1777129199.647,ok
AWS,server,isolated,500,16,3,9.719979,51.4404,0.0,0.0,0.0,0.0,0,0,47.65,70.2,17.07,18.2,1075.19,7939.1,1777129204.758,1777129218.95,ok
AWS,server,isolated,500,16,4,9.965973,50.1707,0.0,0.0,0.0,0.0,0,0,48.39,76.3,17.04,18.0,1071.65,7939.1,1777129224.202,1777129238.391,ok
AWS,server,isolated,500,16,5,11.629284,42.9949,0.0,0.0,0.0,0.0,0,0,49.3,71.6,17.04,18.1,1072.89,7939.1,1777129243.647,1777129257.851,ok
AWS,server,isolated,500,16,6,10.502146,47.6093,0.0,0.0,0.0,0.0,0,0,53.21,71.1,17.26,18.4,1090.45,7939.1,1777129264.908,1777129279.124,ok
AWS,server,isolated,500,16,7,11.404501,43.8423,0.0,0.0,0.0,0.0,0,0,53.59,70.3,17.21,18.6,1086.53,7939.1,1777129284.946,1777129299.161,ok
AWS,server,isolated,500,16,8,13.48632,37.0746,0.0,0.0,0.0,0.0,0,0,58.39,69.3,17.07,17.8,1074.4,7939.1,1777129306.052,1777129324.329,ok
AWS,server,isolated,500,16,9,11.513123,43.4287,0.0,0.0,0.0,0.0,0,0,54.84,71.4,16.79,17.3,1052.13,7939.1,1777129329.871,1777129346.105,ok
AWS,server,isolated,500,16,10,12.773122,39.1447,0.0,0.0,0.0,0.0,0,0,54.26,72.2,17.89,19.1,1139.33,7939.1,1777129351.192,1777129367.421,ok
AWS,presigned,isolated,500,16,1,8.167927,61.215,0.252338,0.076375,0.2413,0.026377,0,0,0.58,0.8,16.0,16.0,994.7,7939.1,1777129395.533,1777129403.64,ok
AWS,presigned,isolated,500,16,2,8.175346,61.1595,0.237102,0.150795,0.242396,0.030011,0,0,0.66,1.2,16.0,16.0,994.9,7939.1,1777129408.857,1777129416.971,ok
AWS,presigned,isolated,500,16,3,8.647448,57.8205,0.270742,0.158742,0.255927,0.023355,0,0,0.62,1.6,16.0,16.0,994.9,7939.1,1777129422.199,1777129430.308,ok
AWS,presigned,isolated,500,16,4,8.365114,59.772,0.254476,0.152723,0.247455,0.035743,0,0,0.56,1.0,16.0,16.0,994.94,7939.1,1777129436.005,1777129444.118,ok
AWS,presigned,isolated,500,16,5,8.308374,60.1802,0.286977,0.156292,0.246704,0.032,0,0,0.82,1.2,16.0,16.0,995.08,7939.1,1777129449.534,1777129457.649,ok
AWS,presigned,isolated,500,16,6,8.640113,57.8696,0.228509,0.165382,0.257064,0.093692,0,0,0.9,1.8,16.0,16.0,995.0,7939.1,1777129463.016,1777129471.136,ok
AWS,presigned,isolated,500,16,7,8.43336,59.2884,0.255623,0.158636,0.250323,0.036369,0,0,0.58,1.6,16.0,16.0,995.0,7939.1,1777129476.823,1777129484.931,ok
AWS,presigned,isolated,500,16,8,8.493854,58.8661,0.259613,0.074758,0.252284,0.03838,0,0,0.7,1.3,16.0,16.0,995.32,7939.1,1777129490.337,1777129498.44,ok
AWS,presigned,isolated,500,16,9,8.371699,59.725,0.23904,0.176104,0.248233,0.035714,0,0,0.76,1.2,16.0,16.0,995.76,7939.1,1777129504.014,1777129512.134,ok
AWS,presigned,isolated,500,16,10,8.065809,61.9901,0.24198,0.072622,0.239127,0.026653,0,0,0.82,1.5,16.0,16.0,995.8,7939.1,1777129517.464,1777129523.544,ok
AZURE,server,isolated,500,16,1,5.317437,94.0303,0.0,0.0,0.0,0.0,0,0,32.26,69.0,16.64,16.8,1041.44,7939.1,1777129555.183,1777129563.294,ok
AZURE,server,isolated,500,16,2,4.811611,103.9153,0.0,0.0,0.0,0.0,0,0,22.62,38.6,16.88,17.0,1060.68,7939.1,1777129570.171,1777129578.3,ok
AZURE,server,isolated,500,16,3,4.699076,106.4039,0.0,0.0,0.0,0.0,0,0,23.78,36.9,17.02,17.2,1071.42,7939.1,1777129584.558,1777129592.666,ok
AZURE,server,isolated,500,16,4,4.870706,102.6545,0.0,0.0,0.0,0.0,0,0,20.94,45.3,17.0,17.2,1070.86,7939.1,1777129598.836,1777129606.946,ok
AZURE,server,isolated,500,16,5,4.605038,108.5767,0.0,0.0,0.0,0.0,0,0,24.54,37.5,17.0,17.2,1069.78,7939.1,1777129613.391,1777129621.495,ok
AZURE,server,isolated,500,16,6,4.876508,102.5324,0.0,0.0,0.0,0.0,0,0,28.8,67.3,17.02,17.2,1073.3,7939.1,1777129627.766,1777129635.89,ok
AZURE,server,isolated,500,16,7,5.404186,92.5209,0.0,0.0,0.0,0.0,0,0,24.77,54.3,16.98,17.1,1067.07,7939.1,1777129642.16,1777129652.338,ok
AZURE,server,isolated,500,16,8,4.683231,106.7639,0.0,0.0,0.0,0.0,0,0,25.34,48.3,16.94,17.1,1066.8,7939.1,1777129658.437,1777129666.54,ok
AZURE,server,isolated,500,16,9,5.623751,88.9086,0.0,0.0,0.0,0.0,0,0,20.58,30.8,16.93,17.1,1064.72,7939.1,1777129672.942,1777129683.076,ok
AZURE,server,isolated,500,16,10,4.492416,111.2987,0.0,0.0,0.0,0.0,0,0,25.02,48.6,16.96,17.1,1067.36,7939.1,1777129688.326,1777129696.44,ok
AZURE,presigned,isolated,500,16,1,15.446594,32.3696,0.580565,0.032136,0.474766,0.11281,0,0,0.33,0.4,16.9,16.9,1060.6,7939.1,1777129739.608,1777129753.792,ok
AZURE,presigned,isolated,500,16,2,15.214909,32.8625,0.525648,0.029571,0.467619,0.10512,0,0,0.28,0.4,16.9,16.9,1060.5,7939.1,1777129760.089,1777129774.276,ok
AZURE,presigned,isolated,500,16,3,15.311469,32.6553,0.373161,0.028945,0.469937,0.111154,0,0,0.33,0.5,16.9,16.9,1060.5,7939.1,1777129780.34,1777129794.526,ok
AZURE,presigned,isolated,500,16,4,15.57106,32.1109,0.467591,0.030012,0.478552,0.123027,0,0,0.28,0.4,16.9,16.9,1060.5,7939.1,1777129800.689,1777129814.894,ok
AZURE,presigned,isolated,500,16,5,14.854279,33.6603,0.431393,0.030105,0.456578,0.117373,0,0,0.34,0.5,16.9,16.9,1060.7,7939.1,1777129821.295,1777129835.485,ok
AZURE,presigned,isolated,500,16,6,15.206984,32.8796,0.414067,0.029752,0.467008,0.135124,0,0,0.33,0.5,16.9,16.9,1060.69,7939.1,1777129841.188,1777129855.373,ok
AZURE,presigned,isolated,500,16,7,15.347032,32.5796,0.395723,0.028721,0.471732,0.132839,0,0,0.23,0.4,16.9,16.9,1060.6,7939.1,1777129861.43,1777129875.606,ok
AZURE,presigned,isolated,500,16,8,15.281628,32.719,0.472015,0.024804,0.469739,0.109842,0,0,0.25,0.3,16.9,16.9,1060.92,7939.1,1777129881.807,1777129895.992,ok
AZURE,presigned,isolated,500,16,9,15.817211,31.6111,0.409005,0.027156,0.485986,0.136231,0,0,0.39,0.5,16.9,16.9,1060.95,7939.1,1777129902.125,1777129916.316,ok
AZURE,presigned,isolated,500,16,10,15.845705,31.5543,0.611643,0.029394,0.4863,0.110016,0,0,0.42,0.6,16.9,16.9,1061.01,7939.1,1777129922.981,1777129937.167,ok
GCP,server,isolated,500,16,1,30.39654,16.4492,0.0,0.0,0.0,0.0,0,0,8.31,47.2,16.62,16.7,1039.17,7939.1,1777130022.34,1777130056.971,ok
GCP,server,isolated,500,16,2,31.131694,16.0608,0.0,0.0,0.0,0.0,0,0,9.38,57.7,17.13,17.5,1078.1,7939.1,1777130063.308,1777130099.891,ok
GCP,server,isolated,500,16,3,31.729958,15.758,0.0,0.0,0.0,0.0,0,0,8.03,48.1,16.95,17.3,1064.99,7939.1,1777130105.052,1777130141.63,ok
GCP,server,isolated,500,16,4,27.786424,17.9944,0.0,0.0,0.0,0.0,0,0,10.38,69.2,16.99,17.3,1067.58,7939.1,1777130146.864,1777130177.273,ok
GCP,server,isolated,500,16,5,35.093419,14.2477,0.0,0.0,0.0,0.0,0,0,6.11,27.6,16.53,16.8,1030.72,7939.1,1777130184.26,1777130222.814,ok
GCP,server,isolated,500,16,6,28.204068,17.7279,0.0,0.0,0.0,0.0,0,0,13.65,68.8,16.62,17.2,1039.24,7939.1,1777130229.104,1777130260.579,ok
GCP,server,isolated,500,16,7,31.08278,16.0861,0.0,0.0,0.0,0.0,0,0,7.64,68.2,15.93,16.2,984.48,7939.1,1777130267.213,1777130301.689,ok
GCP,server,isolated,500,16,8,27.077829,18.4653,0.0,0.0,0.0,0.0,0,0,9.36,52.1,16.02,16.8,991.23,7939.1,1777130307.947,1777130338.373,ok
GCP,server,isolated,500,16,9,29.390105,17.0125,0.0,0.0,0.0,0.0,0,0,9.58,46.1,15.84,16.2,976.31,7939.1,1777130344.559,1777130377.038,ok
GCP,server,isolated,500,16,10,30.654333,16.3109,0.0,0.0,0.0,0.0,0,0,8.44,51.9,16.03,16.3,992.24,7939.1,1777130384.035,1777130418.558,ok
GCP,presigned,isolated,500,16,1,34.430698,14.5219,0.912274,0.146671,1.069654,0.148205,0,0,0.28,0.7,15.6,15.6,960.8,7939.1,1777130503.461,1777130535.887,ok
GCP,presigned,isolated,500,16,2,33.88306,14.7566,1.279633,0.130962,1.053366,0.148166,0,0,0.28,0.5,15.6,15.6,960.91,7939.1,1777130543.029,1777130575.467,ok
GCP,presigned,isolated,500,16,3,36.374082,13.7461,1.184416,0.146624,1.130757,0.339598,0,0,0.3,0.5,15.6,15.6,961.61,7939.1,1777130582.061,1777130616.544,ok
GCP,presigned,isolated,500,16,4,34.360049,14.5518,1.263355,0.15267,1.0682,0.165035,0,0,0.36,0.7,15.6,15.6,961.54,7939.1,1777130623.6,1777130656.039,ok
GCP,presigned,isolated,500,16,5,35.81921,13.959,1.182899,0.138539,1.113018,0.319208,0,0,0.27,0.5,15.6,15.6,961.4,7939.1,1777130663.105,1777130697.566,ok
GCP,presigned,isolated,500,16,6,33.955893,14.725,1.248889,0.136742,1.05542,0.15716,0,0,0.26,0.5,15.6,15.6,961.52,7939.1,1777130704.063,1777130736.505,ok
GCP,presigned,isolated,500,16,7,37.377701,13.377,0.92565,0.137428,1.161635,0.148814,0,0,0.33,0.7,15.6,15.6,962.09,7939.1,1777130743.163,1777130779.669,ok
GCP,presigned,isolated,500,16,8,36.278698,13.7822,1.201243,0.136354,1.128298,0.176028,0,0,0.28,1.2,15.6,15.6,962.17,7939.1,1777130785.683,1777130820.135,ok
GCP,presigned,isolated,500,16,9,33.992903,14.709,0.955411,0.137042,1.056468,0.14662,0,0,0.26,0.4,15.6,15.6,962.41,7939.1,1777130827.105,1777130859.532,ok
GCP,presigned,isolated,500,16,10,35.097266,14.2461,0.9199,0.209806,1.091057,0.214461,0,0,0.3,0.6,15.6,15.6,962.5,7939.1,1777130866.312,1777130900.759,ok
AWS,server,isolated,500,25,1,10.422406,47.9736,0.0,0.0,0.0,0.0,0,0,52.9,72.4,18.94,20.4,1223.85,7939.1,1777130941.616,1777130955.8,ok
AWS,server,isolated,500,25,2,9.976478,50.1179,0.0,0.0,0.0,0.0,0,0,53.02,73.5,19.43,21.1,1262.14,7939.1,1777130961.868,1777130976.102,ok
AWS,server,isolated,500,25,3,9.709848,51.4941,0.0,0.0,0.0,0.0,0,0,48.36,75.1,19.74,21.7,1287.27,7939.1,1777130981.292,1777130993.459,ok
AWS,server,isolated,500,25,4,10.088254,49.5626,0.0,0.0,0.0,0.0,0,0,52.94,76.0,22.54,23.9,1507.79,7939.1,1777131000.318,1777131014.508,ok
AWS,server,isolated,500,25,5,9.741728,51.3256,0.0,0.0,0.0,0.0,0,0,54.23,80.7,23.05,24.6,1547.6,7939.1,1777131020.17,1777131034.374,ok
AWS,server,isolated,500,25,6,11.164306,44.7856,0.0,0.0,0.0,0.0,0,0,51.38,71.8,23.26,24.8,1567.45,7939.1,1777131039.473,1777131053.675,ok
AWS,server,isolated,500,25,7,9.804905,50.9949,0.0,0.0,0.0,0.0,0,0,54.88,69.7,24.03,25.8,1626.39,7939.1,1777131059.985,1777131074.191,ok
AWS,server,isolated,500,25,8,10.733015,46.5852,0.0,0.0,0.0,0.0,0,0,56.61,73.5,24.35,25.7,1652.35,7939.1,1777131079.475,1777131093.701,ok
AWS,server,isolated,500,25,9,11.795225,42.39,0.0,0.0,0.0,0.0,0,0,55.4,69.0,25.21,26.7,1720.33,7939.1,1777131100.039,1777131116.274,ok
AWS,server,isolated,500,25,10,9.279873,53.88,0.0,0.0,0.0,0.0,0,0,50.73,76.3,24.53,26.9,1666.61,7939.1,1777131121.593,1777131133.766,ok
AWS,presigned,isolated,500,25,1,7.01769,71.2485,0.334271,0.145933,0.331284,0.009529,0,0,0.62,1.2,23.2,23.2,1560.0,7939.1,1777131159.812,1777131165.892,ok
AWS,presigned,isolated,500,25,2,7.10296,70.3932,0.344295,0.13424,0.335258,0.017363,0,0,0.85,1.9,23.2,23.2,1560.0,7939.1,1777131171.97,1777131178.045,ok
AWS,presigned,isolated,500,25,3,7.147281,69.9567,0.376338,0.072437,0.337809,0.026225,0,0,0.53,0.8,23.2,23.2,1560.0,7939.1,1777131184.157,1777131190.244,ok
AWS,presigned,isolated,500,25,4,8.004931,62.4615,0.321699,0.21294,0.380519,0.169516,0,0,0.75,1.0,23.2,23.2,1559.85,7939.1,1777131196.523,1777131202.607,ok
AWS,presigned,isolated,500,25,5,7.026197,71.1622,0.340585,0.145144,0.331643,0.021014,0,0,0.78,1.4,23.2,23.2,1560.6,7939.1,1777131209.68,1777131215.759,ok
AWS,presigned,isolated,500,25,6,7.058262,70.839,0.362833,0.149233,0.332093,0.036255,0,0,0.35,1.0,23.2,23.2,1560.53,7939.1,1777131221.867,1777131227.956,ok
AWS,presigned,isolated,500,25,7,6.894908,72.5173,0.330835,0.141896,0.324651,0.015594,0,0,0.75,1.0,23.2,23.2,1560.5,7939.1,1777131234.075,1777131240.17,ok
AWS,presigned,isolated,500,25,8,7.553736,66.1924,0.330638,0.068015,0.35873,0.122837,0,0,0.68,1.0,23.2,23.2,1560.5,7939.1,1777131246.042,1777131252.123,ok
AWS,presigned,isolated,500,25,9,6.994226,71.4875,0.35401,0.143953,0.32992,0.023478,0,0,0.53,0.9,23.2,23.2,1560.8,7939.1,1777131258.743,1777131264.814,ok
AWS,presigned,isolated,500,25,10,7.089384,70.528,0.331308,0.144773,0.334842,0.058381,0,0,0.8,1.2,23.2,23.2,1561.0,7939.1,1777131270.888,1777131276.97,ok
AZURE,server,isolated,500,25,1,4.847443,103.1472,0.0,0.0,0.0,0.0,0,0,24.18,44.6,23.8,23.9,1610.08,7939.1,1777131307.057,1777131315.165,ok
AZURE,server,isolated,500,25,2,4.920687,101.6118,0.0,0.0,0.0,0.0,0,0,33.12,70.3,23.82,24.0,1610.94,7939.1,1777131321.801,1777131329.92,ok
AZURE,server,isolated,500,25,3,5.153626,97.0191,0.0,0.0,0.0,0.0,0,0,20.64,47.6,23.84,24.0,1613.92,7939.1,1777131336.362,1777131344.466,ok
AZURE,server,isolated,500,25,4,5.120464,97.6474,0.0,0.0,0.0,0.0,0,0,28.52,49.5,23.86,24.1,1614.32,7939.1,1777131351.124,1777131359.232,ok
AZURE,server,isolated,500,25,5,4.661948,107.2513,0.0,0.0,0.0,0.0,0,0,24.16,53.4,23.82,24.0,1611.74,7939.1,1777131365.857,1777131373.97,ok
AZURE,server,isolated,500,25,6,4.605458,108.5668,0.0,0.0,0.0,0.0,0,0,25.18,51.7,23.82,24.0,1612.46,7939.1,1777131379.951,1777131388.073,ok
AZURE,server,isolated,500,25,7,4.990796,100.1844,0.0,0.0,0.0,0.0,0,0,26.18,45.8,23.86,23.9,1616.44,7939.1,1777131394.482,1777131402.607,ok
AZURE,server,isolated,500,25,8,4.95731,100.8612,0.0,0.0,0.0,0.0,0,0,29.9,39.1,23.86,24.0,1613.38,7939.1,1777131408.898,1777131417.01,ok
AZURE,server,isolated,500,25,9,5.797606,86.2425,0.0,0.0,0.0,0.0,0,0,27.13,47.4,23.97,24.1,1620.93,7939.1,1777131423.592,1777131433.752,ok
AZURE,server,isolated,500,25,10,4.900732,102.0256,0.0,0.0,0.0,0.0,0,0,25.38,45.3,23.84,24.0,1612.38,7939.1,1777131439.239,1777131447.368,ok
AZURE,presigned,isolated,500,25,1,15.11166,33.087,0.788336,0.043782,0.743506,0.114227,0,0,0.3,0.5,24.0,24.0,1626.5,7939.1,1777131491.255,1777131505.456,ok
AZURE,presigned,isolated,500,25,2,16.030449,31.1906,0.777267,0.028196,0.789476,0.191284,0,0,0.33,0.5,24.0,24.0,1626.4,7939.1,1777131511.4,1777131525.583,ok
AZURE,presigned,isolated,500,25,3,15.168392,32.9633,0.586518,0.024653,0.739557,0.125435,0,0,0.41,1.0,24.0,24.0,1626.9,7939.1,1777131532.459,1777131546.654,ok
AZURE,presigned,isolated,500,25,4,15.735304,31.7757,1.128903,0.028185,0.774373,0.192876,0,0,0.53,1.3,24.0,24.0,1627.11,7939.1,1777131552.667,1777131566.851,ok
AZURE,presigned,isolated,500,25,5,16.121752,31.014,0.772675,0.027797,0.79181,0.110851,0,0,0.3,0.5,24.0,24.0,1627.1,7939.1,1777131573.435,1777131587.634,ok
AZURE,presigned,isolated,500,25,6,15.510237,32.2368,0.826013,0.02648,0.762535,0.173207,0,0,0.3,0.5,24.0,24.0,1627.1,7939.1,1777131594.592,1777131608.779,ok
AZURE,presigned,isolated,500,25,7,14.159543,35.3119,0.572555,0.028428,0.69567,0.121857,0,0,0.37,0.5,24.0,24.0,1627.1,7939.1,1777131615.137,1777131627.315,ok
AZURE,presigned,isolated,500,25,8,15.288361,32.7046,0.934642,0.068207,0.742411,0.144507,0,0,0.26,0.5,24.0,24.0,1627.05,7939.1,1777131634.447,1777131648.63,ok
AZURE,presigned,isolated,500,25,9,14.806585,33.7688,0.758888,0.026946,0.72828,0.162198,0,0,0.25,0.3,24.0,24.0,1627.0,7939.1,1777131654.698,1777131668.891,ok
AZURE,presigned,isolated,500,25,10,14.748023,33.9028,0.978166,0.02612,0.725596,0.168817,0,0,0.36,0.5,24.0,24.0,1627.0,7939.1,1777131674.535,1777131688.716,ok
GCP,server,isolated,500,25,1,23.048856,21.6931,0.0,0.0,0.0,0.0,0,0,10.86,37.7,21.6,22.0,1434.5,7939.1,1777131756.178,1777131782.538,ok
GCP,server,isolated,500,25,2,23.744095,21.0579,0.0,0.0,0.0,0.0,0,0,10.26,48.0,21.29,21.6,1409.37,7939.1,1777131788.589,1777131814.954,ok
GCP,server,isolated,500,25,3,22.365847,22.3555,0.0,0.0,0.0,0.0,0,0,17.38,71.0,18.85,21.7,1214.49,7939.1,1777131821.979,1777131847.08,ok
GCP,server,isolated,500,25,4,22.788038,21.9413,0.0,0.0,0.0,0.0,0,0,9.51,38.6,16.11,16.8,999.16,7939.1,1777131853.64,1777131879.999,ok
GCP,server,isolated,500,25,5,22.800928,21.9289,0.0,0.0,0.0,0.0,0,0,7.77,38.4,16.02,16.4,991.93,7939.1,1777131885.81,1777131912.165,ok
GCP,server,isolated,500,25,6,24.309103,20.5684,0.0,0.0,0.0,0.0,0,0,9.5,65.3,16.13,16.5,999.71,7939.1,1777131917.783,1777131946.162,ok
GCP,server,isolated,500,25,7,23.387102,21.3793,0.0,0.0,0.0,0.0,0,0,10.07,39.6,16.06,16.4,993.65,7939.1,1777131951.612,1777131977.974,ok
GCP,server,isolated,500,25,8,22.228866,22.4933,0.0,0.0,0.0,0.0,0,0,10.91,52.4,16.04,16.2,993.09,7939.1,1777131984.124,1777132010.476,ok
GCP,server,isolated,500,25,9,22.904131,21.8301,0.0,0.0,0.0,0.0,0,0,7.24,24.3,16.2,16.7,1004.55,7939.1,1777132015.807,1777132042.151,ok
GCP,server,isolated,500,25,10,21.587578,23.1615,0.0,0.0,0.0,0.0,0,0,9.95,38.4,16.58,17.3,1036.61,7939.1,1777132048.102,1777132072.429,ok
GCP,presigned,isolated,500,25,1,23.548414,21.2329,1.452124,0.136861,1.167941,0.143225,0,0,0.28,0.5,15.6,15.6,963.17,7939.1,1777132134.033,1777132156.317,ok
GCP,presigned,isolated,500,25,2,25.67397,19.475,1.100287,0.134062,1.274087,0.177371,0,0,0.24,0.5,15.6,15.6,963.3,7939.1,1777132162.725,1777132187.04,ok
GCP,presigned,isolated,500,25,3,27.169384,18.4031,1.388813,0.447792,1.348724,0.119245,0,0,0.29,0.5,15.6,15.6,963.39,7939.1,1777132193.856,1777132220.191,ok
GCP,presigned,isolated,500,25,4,25.35279,19.7217,1.09183,0.137742,1.257126,0.163646,0,0,0.27,0.4,15.61,15.7,963.72,7939.1,1777132226.179,1777132250.488,ok
GCP,presigned,isolated,500,25,5,26.462027,18.895,1.3802,0.435374,1.312944,0.136277,0,0,0.21,0.5,15.7,15.7,963.9,7939.1,1777132256.973,1777132283.298,ok
GCP,presigned,isolated,500,25,6,23.78999,21.0172,1.099719,0.136474,1.178555,0.142144,0,0,0.24,0.5,15.7,15.7,964.15,7939.1,1777132288.588,1777132310.864,ok
GCP,presigned,isolated,500,25,7,22.986448,21.7519,1.224107,0.151567,1.139486,0.101606,0,0,0.33,0.5,15.7,15.7,965.1,7939.1,1777132317.536,1777132339.835,ok
GCP,presigned,isolated,500,25,8,25.265619,19.7897,1.363599,0.268138,1.253642,0.139757,0,0,0.32,0.6,15.69,15.7,965.36,7939.1,1777132345.799,1777132370.101,ok
GCP,presigned,isolated,500,25,9,25.954592,19.2644,1.121408,0.23159,1.288374,0.170991,0,0,0.29,0.5,15.7,15.7,963.9,7939.1,1777132376.306,1777132400.624,ok
GCP,presigned,isolated,500,25,10,23.468287,21.3053,1.052387,0.136749,1.162355,0.124966,0,0,0.29,0.5,15.61,15.7,963.75,7939.1,1777132407.412,1777132429.741,ok
AWS,server,isolated,500,50,1,9.280362,53.8772,0.0,0.0,0.0,0.0,0,0,53.24,72.5,19.76,22.8,1288.54,7939.1,1777132467.589,1777132479.752,ok
AWS,server,isolated,500,50,2,8.997691,55.5698,0.0,0.0,0.0,0.0,0,0,54.63,72.7,20.03,23.1,1310.73,7939.1,1777132486.438,1777132498.61,ok
AWS,server,isolated,500,50,3,9.125538,54.7913,0.0,0.0,0.0,0.0,0,0,49.74,76.3,20.46,23.8,1343.53,7939.1,1777132504.779,1777132516.953,ok
AWS,server,isolated,500,50,4,9.260492,53.9928,0.0,0.0,0.0,0.0,0,0,52.64,75.8,20.31,23.2,1331.71,7939.1,1777132523.349,1777132535.518,ok
AWS,server,isolated,500,50,5,9.208521,54.2975,0.0,0.0,0.0,0.0,0,0,52.79,76.9,20.16,23.0,1319.13,7939.1,1777132541.946,1777132554.117,ok
AWS,server,isolated,500,50,6,8.911308,56.1085,0.0,0.0,0.0,0.0,0,0,54.57,86.5,20.36,23.3,1335.51,7939.1,1777132560.509,1777132572.675,ok
AWS,server,isolated,500,50,7,9.176893,54.4847,0.0,0.0,0.0,0.0,0,0,50.59,73.0,20.77,23.7,1368.41,7939.1,1777132578.846,1777132591.02,ok
AWS,server,isolated,500,50,8,9.387598,53.2618,0.0,0.0,0.0,0.0,0,0,52.8,75.1,20.81,24.0,1371.34,7939.1,1777132597.612,1777132609.772,ok
AWS,server,isolated,500,50,9,9.380791,53.3004,0.0,0.0,0.0,0.0,0,0,54.01,75.2,20.69,23.8,1361.6,7939.1,1777132616.445,1777132628.614,ok
AWS,server,isolated,500,50,10,9.353982,53.4532,0.0,0.0,0.0,0.0,0,0,52.99,73.3,21.26,24.6,1405.39,7939.1,1777132635.252,1777132647.421,ok
AWS,presigned,isolated,500,50,1,6.28046,79.612,0.547492,0.062673,0.562687,0.035762,0,0,0.85,1.2,17.1,17.1,1081.5,7939.1,1777132671.997,1777132678.083,ok
AWS,presigned,isolated,500,50,2,6.149046,81.3134,0.546155,0.136727,0.552094,0.014248,0,0,0.97,1.0,17.1,17.1,1081.5,7939.1,1777132683.419,1777132689.491,ok
AWS,presigned,isolated,500,50,3,6.273118,79.7052,0.584689,0.138906,0.561078,0.020326,0,0,0.8,1.1,17.1,17.1,1080.78,7939.1,1777132694.715,1777132700.8,ok
AWS,presigned,isolated,500,50,4,6.327444,79.0208,0.562798,0.149851,0.566437,0.026403,0,0,0.78,1.1,17.1,17.1,1080.5,7939.1,1777132706.147,1777132712.251,ok
AWS,presigned,isolated,500,50,5,6.218447,80.4059,0.565507,0.134647,0.557321,0.019595,0,0,1.02,1.1,17.1,17.1,1080.5,7939.1,1777132717.613,1777132723.687,ok
AWS,presigned,isolated,500,50,6,6.272462,79.7135,0.568476,0.139506,0.562499,0.020139,0,0,0.6,1.4,17.1,17.1,1080.4,7939.1,1777132728.978,1777132735.067,ok
AWS,presigned,isolated,500,50,7,6.236993,80.1668,0.609693,0.144616,0.559268,0.024352,0,0,1.02,1.5,17.1,17.1,1080.65,7939.1,1777132740.404,1777132746.477,ok
AWS,presigned,isolated,500,50,8,6.064763,82.4435,0.575235,0.132016,0.548249,0.014085,0,0,0.73,1.1,17.1,17.1,1080.7,7939.1,1777132751.777,1777132755.828,ok
AWS,presigned,isolated,500,50,9,6.303928,79.3156,0.579693,0.142653,0.565772,0.030782,0,0,0.6,0.8,17.1,17.1,1081.3,7939.1,1777132762.991,1777132769.077,ok
AWS,presigned,isolated,500,50,10,6.324656,79.0557,0.548068,0.13383,0.567853,0.02011,0,0,0.93,1.7,17.1,17.1,1081.2,7939.1,1777132774.432,1777132780.517,ok
AZURE,server,isolated,500,50,1,4.828386,103.5543,0.0,0.0,0.0,0.0,0,0,28.18,54.3,17.2,17.4,1085.86,7939.1,1777132809.54,1777132817.65,ok
AZURE,server,isolated,500,50,2,4.702683,106.3223,0.0,0.0,0.0,0.0,0,0,31.18,68.3,17.34,17.4,1097.64,7939.1,1777132823.633,1777132831.757,ok
AZURE,server,isolated,500,50,3,4.63325,107.9156,0.0,0.0,0.0,0.0,0,0,28.36,76.2,17.52,17.7,1109.9,7939.1,1777132838.058,1777132846.181,ok
AZURE,server,isolated,500,50,4,5.08519,98.3247,0.0,0.0,0.0,0.0,0,0,28.46,68.0,17.6,17.7,1117.46,7939.1,1777132852.242,1777132860.351,ok
AZURE,server,isolated,500,50,5,4.943583,101.1412,0.0,0.0,0.0,0.0,0,0,19.4,22.9,17.76,18.0,1129.98,7939.1,1777132866.715,1777132874.828,ok
AZURE,server,isolated,500,50,6,4.90188,102.0017,0.0,0.0,0.0,0.0,0,0,24.56,36.4,17.74,18.0,1129.94,7939.1,1777132881.324,1777132889.457,ok
AZURE,server,isolated,500,50,7,4.779815,104.6066,0.0,0.0,0.0,0.0,0,0,28.02,53.1,17.72,17.9,1128.54,7939.1,1777132895.853,1777132903.969,ok
AZURE,server,isolated,500,50,8,5.082699,98.3729,0.0,0.0,0.0,0.0,0,0,32.06,68.3,17.74,17.9,1127.78,7939.1,1777132910.061,1777132918.177,ok
AZURE,server,isolated,500,50,9,5.334471,93.73,0.0,0.0,0.0,0.0,0,0,28.04,51.2,17.72,17.9,1127.78,7939.1,1777132924.529,1777132932.649,ok
AZURE,server,isolated,500,50,10,5.59301,89.3973,0.0,0.0,0.0,0.0,0,0,27.04,37.9,17.8,17.9,1133.38,7939.1,1777132939.571,1777132947.683,ok
AZURE,presigned,isolated,500,50,1,14.38051,34.7693,1.175014,0.028255,1.383385,0.217285,0,0,0.24,0.4,18.1,18.1,1157.6,7939.1,1777132990.115,1777133004.302,ok
AZURE,presigned,isolated,500,50,2,14.914998,33.5233,1.60944,0.024765,1.4405,0.189646,0,0,0.4,0.5,18.1,18.1,1156.31,7939.1,1777133009.528,1777133023.714,ok
AZURE,presigned,isolated,500,50,3,15.581532,32.0893,1.323306,0.025474,1.508931,0.228106,0,0,0.39,0.5,18.1,18.1,1155.45,7939.1,1777133029.475,1777133043.668,ok
AZURE,presigned,isolated,500,50,4,15.022841,33.2827,1.102302,0.027213,1.452821,0.257968,0,0,0.41,0.7,18.05,18.1,1152.89,7939.1,1777133050.094,1777133064.272,ok
AZURE,presigned,isolated,500,50,5,16.299062,30.6766,1.674081,0.026702,1.580823,0.226711,0,0,0.28,0.4,18.0,18.0,1149.8,7939.1,1777133070.148,1777133086.38,ok
AZURE,presigned,isolated,500,50,6,14.126746,35.3939,1.460225,0.024475,1.363126,0.127823,0,0,0.27,0.4,18.0,18.0,1149.77,7939.1,1777133091.477,1777133103.635,ok
AZURE,presigned,isolated,500,50,7,14.040934,35.6102,1.424276,0.024866,1.355433,0.294565,0,0,0.21,0.3,18.0,18.0,1149.7,7939.1,1777133110.638,1777133122.798,ok
AZURE,presigned,isolated,500,50,8,14.119783,35.4113,1.188219,0.029397,1.362362,0.220943,0,0,0.61,1.2,17.97,18.0,1148.77,7939.1,1777133129.723,1777133141.871,ok
AZURE,presigned,isolated,500,50,9,13.861024,36.0724,1.673718,0.029741,1.335577,0.249729,0,0,1.24,1.7,17.9,17.9,1142.47,7939.1,1777133148.877,1777133161.026,ok
AZURE,presigned,isolated,500,50,10,15.855582,31.5346,1.375244,0.028843,1.526544,0.216799,0,0,1.38,1.5,17.9,17.9,1141.85,7939.1,1777133167.778,1777133181.961,ok
GCP,server,isolated,500,50,1,16.599333,30.1217,0.0,0.0,0.0,0.0,0,0,11.21,31.5,19.08,19.4,1234.01,7939.1,1777133236.377,1777133256.635,ok
GCP,server,isolated,500,50,2,16.067607,31.1185,0.0,0.0,0.0,0.0,0,0,11.89,25.7,19.03,19.5,1229.4,7939.1,1777133262.446,1777133282.717,ok
GCP,server,isolated,500,50,3,16.116965,31.0232,0.0,0.0,0.0,0.0,0,0,14.15,52.3,19.39,20.2,1258.75,7939.1,1777133288.708,1777133308.976,ok
GCP,server,isolated,500,50,4,16.760806,29.8315,0.0,0.0,0.0,0.0,0,0,11.23,44.5,19.42,20.1,1262.95,7939.1,1777133314.382,1777133334.656,ok
GCP,server,isolated,500,50,5,17.071273,29.289,0.0,0.0,0.0,0.0,0,0,11.65,46.1,18.95,19.4,1224.05,7939.1,1777133340.895,1777133361.178,ok
GCP,server,isolated,500,50,6,16.193651,30.8763,0.0,0.0,0.0,0.0,0,0,11.6,36.3,19.33,20.4,1254.22,7939.1,1777133367.821,1777133388.102,ok
GCP,server,isolated,500,50,7,17.450097,28.6531,0.0,0.0,0.0,0.0,0,0,9.38,30.0,18.98,19.4,1227.43,7939.1,1777133393.48,1777133413.758,ok
GCP,server,isolated,500,50,8,17.219367,29.0371,0.0,0.0,0.0,0.0,0,0,9.62,29.6,18.95,19.4,1223.88,7939.1,1777133420.494,1777133440.761,ok
GCP,server,isolated,500,50,9,16.713121,29.9166,0.0,0.0,0.0,0.0,0,0,7.75,18.4,18.85,19.3,1215.01,7939.1,1777133447.199,1777133467.463,ok
GCP,server,isolated,500,50,10,16.390669,30.5052,0.0,0.0,0.0,0.0,0,0,11.67,41.8,18.9,19.4,1219.46,7939.1,1777133473.794,1777133494.064,ok
GCP,presigned,isolated,500,50,1,18.324837,27.2854,1.873977,0.42472,1.794571,0.056584,0,0,0.33,0.5,18.0,18.0,1148.2,7939.1,1777133541.321,1777133559.574,ok
GCP,presigned,isolated,500,50,2,18.442581,27.1112,1.740628,0.448595,1.805675,0.248843,0,0,0.3,0.5,18.0,18.0,1148.2,7939.1,1777133565.107,1777133583.359,ok
GCP,presigned,isolated,500,50,3,17.354712,28.8106,1.517739,0.136748,1.694852,0.164447,0,0,0.31,0.5,18.0,18.0,1148.11,7939.1,1777133588.697,1777133604.937,ok
GCP,presigned,isolated,500,50,4,17.319787,28.8687,1.765965,0.130657,1.692848,0.142476,0,0,0.32,0.5,18.0,18.0,1148.33,7939.1,1777133611.194,1777133627.418,ok
GCP,presigned,isolated,500,50,5,17.104222,29.2325,1.577985,0.156177,1.673055,0.114906,0,0,0.36,0.5,18.0,18.0,1148.99,7939.1,1777133633.681,1777133649.916,ok
GCP,presigned,isolated,500,50,6,18.036334,27.7218,1.943773,0.130682,1.765314,0.140792,0,0,0.47,1.0,18.0,18.0,1150.96,7939.1,1777133655.928,1777133672.162,ok
GCP,presigned,isolated,500,50,7,18.167099,27.5223,1.625088,0.150933,1.777906,0.123143,0,0,0.38,0.7,18.0,18.0,1150.9,7939.1,1777133679.129,1777133695.36,ok
GCP,presigned,isolated,500,50,8,17.667239,28.301,1.458612,0.146708,1.724324,0.2274,0,0,0.31,0.5,18.0,18.0,1150.9,7939.1,1777133702.458,1777133718.683,ok
GCP,presigned,isolated,500,50,9,17.44709,28.6581,1.541598,0.142371,1.703178,0.212137,0,0,0.27,0.7,18.0,18.0,1150.8,7939.1,1777133725.273,1777133741.485,ok
GCP,presigned,isolated,500,50,10,18.554465,26.9477,1.69075,0.507438,1.81425,0.170631,0,0,16.13,30.4,43.69,80.0,3189.9,7939.1,1777133748.241,1777133766.522,ok
AWS,server,isolated,500,100,1,9.284187,53.855,0.0,0.0,0.0,0.0,0,0,49.36,70.6,21.97,24.8,1463.79,7939.1,1777133807.921,1777133820.092,ok
AWS,server,isolated,500,100,2,8.371886,59.7237,0.0,0.0,0.0,0.0,0,0,47.69,70.7,22.1,25.2,1473.69,7939.1,1777133827.023,1777133839.199,ok
AWS,server,isolated,500,100,3,8.598033,58.1528,0.0,0.0,0.0,0.0,0,0,49.01,68.3,21.71,24.3,1444.5,7939.1,1777133844.829,1777133857.015,ok
AWS,server,isolated,500,100,4,8.881462,56.297,0.0,0.0,0.0,0.0,0,0,50.27,71.0,21.63,25.0,1437.9,7939.1,1777133863.203,1777133875.379,ok
AWS,server,isolated,500,100,5,8.758965,57.0844,0.0,0.0,0.0,0.0,0,0,51.09,73.4,21.91,25.2,1458.74,7939.1,1777133881.825,1777133894.002,ok
AWS,server,isolated,500,100,6,8.149737,61.3517,0.0,0.0,0.0,0.0,0,0,54.34,76.6,21.76,25.1,1447.27,7939.1,1777133900.256,1777133912.427,ok
AWS,server,isolated,500,100,7,9.043849,55.2862,0.0,0.0,0.0,0.0,0,0,49.71,69.9,21.7,24.3,1441.84,7939.1,1777133917.988,1777133930.165,ok
AWS,server,isolated,500,100,8,9.420842,53.0738,0.0,0.0,0.0,0.0,0,0,49.67,73.1,21.37,24.3,1416.77,7939.1,1777133936.447,1777133948.624,ok
AWS,server,isolated,500,100,9,8.268156,60.473,0.0,0.0,0.0,0.0,0,0,53.06,70.2,21.4,24.0,1416.89,7939.1,1777133955.261,1777133967.425,ok
AWS,server,isolated,500,100,10,8.506758,58.7768,0.0,0.0,0.0,0.0,0,0,47.79,71.3,21.47,24.3,1423.13,7939.1,1777133973.107,1777133985.276,ok
AWS,presigned,isolated,500,100,1,5.709031,87.5805,1.002066,0.059613,1.01379,0.026131,0,0,4.2,11.0,17.6,17.6,1121.97,7939.1,1777134007.73,1777134011.781,ok
AWS,presigned,isolated,500,100,2,5.686139,87.9331,0.994346,0.132921,1.006891,0.016585,0,0,0.6,0.9,17.6,17.6,1121.83,7939.1,1777134018.579,1777134022.627,ok
AWS,presigned,isolated,500,100,3,5.68513,87.9487,1.027971,0.057053,1.010673,0.022425,0,0,0.73,0.9,17.6,17.6,1121.9,7939.1,1777134029.33,1777134033.379,ok
AWS,presigned,isolated,500,100,4,5.705043,87.6418,1.133127,0.055653,1.026115,0.062336,0,0,0.53,0.8,17.6,17.6,1121.87,7939.1,1777134040.071,1777134044.122,ok
AWS,presigned,isolated,500,100,5,5.730946,87.2456,1.001996,0.14465,1.018214,0.026944,0,0,0.57,0.9,17.6,17.6,1121.8,7939.1,1777134050.929,1777134054.981,ok
AWS,presigned,isolated,500,100,6,5.647716,88.5314,0.996175,0.133989,1.007536,0.009003,0,0,0.93,1.3,17.6,17.6,1121.8,7939.1,1777134061.802,1777134065.855,ok
AWS,presigned,isolated,500,100,7,5.698347,87.7447,1.039081,0.133567,1.009729,0.018283,0,0,0.57,0.8,17.6,17.6,1121.67,7939.1,1777134072.592,1777134076.647,ok
AWS,presigned,isolated,500,100,8,5.680007,88.0281,0.999146,0.138403,1.011221,0.012017,0,0,0.9,1.3,17.6,17.6,1121.7,7939.1,1777134083.434,1777134087.492,ok
AWS,presigned,isolated,500,100,9,5.661912,88.3094,1.005615,0.20037,1.008729,0.017456,0,0,0.8,1.2,17.6,17.6,1121.7,7939.1,1777134094.319,1777134098.368,ok
AWS,presigned,isolated,500,100,10,5.673209,88.1335,1.063651,0.134102,1.012385,0.031451,0,0,0.7,1.0,17.6,17.6,1121.7,7939.1,1777134105.122,1777134109.176,ok
AZURE,server,isolated,500,100,1,4.285491,116.6727,0.0,0.0,0.0,0.0,0,0,31.82,52.7,17.5,17.7,1109.1,7939.1,1777134140.178,1777134148.281,ok
AZURE,server,isolated,500,100,2,5.273196,94.8192,0.0,0.0,0.0,0.0,0,0,28.36,49.7,17.5,17.7,1109.58,7939.1,1777134154.221,1777134162.327,ok
AZURE,server,isolated,500,100,3,4.56777,109.4626,0.0,0.0,0.0,0.0,0,0,22.58,38.9,17.52,17.8,1109.66,7939.1,1777134169.107,1777134177.218,ok
AZURE,server,isolated,500,100,4,4.417096,113.1965,0.0,0.0,0.0,0.0,0,0,30.84,68.1,17.5,17.7,1109.12,7939.1,1777134183.419,1777134191.527,ok
AZURE,server,isolated,500,100,5,4.809253,103.9663,0.0,0.0,0.0,0.0,0,0,29.66,55.3,17.5,17.7,1108.14,7939.1,1777134197.499,1777134205.616,ok
AZURE,server,isolated,500,100,6,4.498556,111.1468,0.0,0.0,0.0,0.0,0,0,27.46,37.7,17.48,17.6,1108.86,7939.1,1777134211.673,1777134219.783,ok
AZURE,server,isolated,500,100,7,4.599983,108.6961,0.0,0.0,0.0,0.0,0,0,27.14,50.4,17.52,17.7,1110.04,7939.1,1777134225.851,1777134233.964,ok
AZURE,server,isolated,500,100,8,4.942346,101.1665,0.0,0.0,0.0,0.0,0,0,27.52,48.1,17.5,17.7,1108.82,7939.1,1777134240.016,1777134248.127,ok
AZURE,server,isolated,500,100,9,4.307012,116.0898,0.0,0.0,0.0,0.0,0,0,19.34,29.5,17.48,17.7,1107.62,7939.1,1777134254.969,1777134263.082,ok
AZURE,server,isolated,500,100,10,4.753744,105.1803,0.0,0.0,0.0,0.0,0,0,18.66,29.4,17.48,17.7,1106.58,7939.1,1777134268.796,1777134276.906,ok
AZURE,presigned,isolated,500,100,1,13.314271,37.5537,2.425129,0.029027,2.56678,0.3331,0,0,0.27,0.5,17.3,17.3,1097.3,7939.1,1777134314.235,1777134326.39,ok
AZURE,presigned,isolated,500,100,2,13.139679,38.0527,2.379285,0.026294,2.523529,0.280909,0,0,0.24,0.5,17.3,17.3,1097.3,7939.1,1777134332.582,1777134344.742,ok
AZURE,presigned,isolated,500,100,3,13.15188,38.0174,2.306801,0.029386,2.52268,0.179032,0,0,0.31,0.4,17.31,17.4,1098.11,7939.1,1777134350.761,1777134362.928,ok
AZURE,presigned,isolated,500,100,4,13.860862,36.0728,2.686837,0.029006,2.673363,0.194716,0,0,0.37,0.5,17.4,17.4,1099.0,7939.1,1777134368.952,1777134381.101,ok
AZURE,presigned,isolated,500,100,5,13.020281,38.4016,2.640768,0.028862,2.504577,0.111732,0,0,0.26,0.4,17.4,17.4,1098.99,7939.1,1777134387.848,1777134400.001,ok
AZURE,presigned,isolated,500,100,6,12.439062,40.196,2.170499,0.027131,2.390622,0.148347,0,0,0.37,0.7,17.4,17.4,1098.8,7939.1,1777134405.9,1777134418.052,ok
AZURE,presigned,isolated,500,100,7,12.901064,38.7565,2.410914,0.025279,2.48621,0.294181,0,0,0.24,0.4,17.4,17.4,1098.8,7939.1,1777134423.371,1777134435.528,ok
AZURE,presigned,isolated,500,100,8,12.928824,38.6733,2.532179,0.024773,2.492237,0.363659,0,0,0.3,0.5,17.4,17.4,1098.79,7939.1,1777134441.304,1777134453.466,ok
AZURE,presigned,isolated,500,100,9,12.440202,40.1923,2.564524,0.027518,2.382713,0.17608,0,0,0.36,0.5,17.4,17.4,1098.74,7939.1,1777134459.269,1777134471.428,ok
AZURE,presigned,isolated,500,100,10,13.308569,37.5698,2.762009,0.030666,2.558038,0.213909,0,0,0.6,1.1,17.4,17.4,1098.84,7939.1,1777134476.748,1777134488.925,ok
GCP,server,isolated,500,100,1,12.99821,38.4668,0.0,0.0,0.0,0.0,0,0,17.79,46.9,19.66,20.7,1280.66,7939.1,1777134535.703,1777134551.955,ok
GCP,server,isolated,500,100,2,13.2465,37.7458,0.0,0.0,0.0,0.0,0,0,11.78,42.0,19.76,21.6,1287.49,7939.1,1777134558.367,1777134574.587,ok
GCP,server,isolated,500,100,3,14.322013,34.9113,0.0,0.0,0.0,0.0,0,0,40.63,81.3,41.49,81.8,3012.62,7939.1,1777134581.667,1777134604.051,ok
GCP,server,isolated,500,100,4,13.525593,36.967,0.0,0.0,0.0,0.0,0,0,18.8,42.2,19.13,20.2,1239.86,7939.1,1777134610.124,1777134628.377,ok
GCP,server,isolated,500,100,5,13.166333,37.9756,0.0,0.0,0.0,0.0,0,0,15.4,44.2,19.54,20.5,1272.99,7939.1,1777134633.852,1777134650.076,ok
GCP,server,isolated,500,100,6,13.253779,37.7251,0.0,0.0,0.0,0.0,0,0,14.13,43.6,19.18,20.2,1244.11,7939.1,1777134656.525,1777134672.749,ok
GCP,server,isolated,500,100,7,13.715959,36.4539,0.0,0.0,0.0,0.0,0,0,16.33,46.3,19.2,20.0,1245.96,7939.1,1777134679.426,1777134697.691,ok
GCP,server,isolated,500,100,8,14.050039,35.5871,0.0,0.0,0.0,0.0,0,0,11.35,32.8,19.54,20.8,1271.82,7939.1,1777134702.81,1777134721.071,ok
GCP,server,isolated,500,100,9,13.702725,36.4891,0.0,0.0,0.0,0.0,0,0,13.47,32.3,19.14,20.1,1242.17,7939.1,1777134726.656,1777134742.91,ok
GCP,server,isolated,500,100,10,13.773301,36.3021,0.0,0.0,0.0,0.0,0,0,12.17,47.6,19.08,20.0,1236.81,7939.1,1777134749.951,1777134768.206,ok
GCP,presigned,isolated,500,100,1,12.618277,39.6251,2.602868,0.450023,2.44981,0.144794,0,0,0.33,0.6,17.5,17.5,1109.2,7939.1,1777134806.378,1777134818.532,ok
GCP,presigned,isolated,500,100,2,13.073346,38.2458,2.955417,0.132398,2.540029,0.252038,0,0,0.27,0.4,17.5,17.5,1109.2,7939.1,1777134824.144,1777134836.308,ok
GCP,presigned,isolated,500,100,3,14.330066,34.8917,2.370646,0.14447,2.787931,0.349677,0,0,0.38,0.5,17.4,17.4,1106.95,7939.1,1777134842.38,1777134856.572,ok
GCP,presigned,isolated,500,100,4,12.910906,38.727,2.277367,0.140151,2.501635,0.209882,0,0,0.24,0.5,17.4,17.4,1107.1,7939.1,1777134861.866,1777134874.044,ok
GCP,presigned,isolated,500,100,5,12.620278,39.6188,2.347653,0.136738,2.444473,0.247811,0,0,0.26,0.5,17.4,17.4,1107.04,7939.1,1777134879.933,1777134892.095,ok
GCP,presigned,isolated,500,100,6,12.691309,39.397,2.457832,0.436825,2.464187,0.168396,0,0,0.29,0.5,17.4,17.4,1106.9,7939.1,1777134898.002,1777134910.157,ok
GCP,presigned,isolated,500,100,7,14.083001,35.5038,2.57539,0.14322,2.742301,0.12425,0,0,0.21,0.3,17.4,17.4,1107.41,7939.1,1777134915.853,1777134928.023,ok
GCP,presigned,isolated,500,100,8,13.291502,37.618,2.389286,0.14801,2.584694,0.248601,0,0,0.31,0.5,17.5,17.5,1107.89,7939.1,1777134935.101,1777134947.262,ok
GCP,presigned,isolated,500,100,9,13.110615,38.137,2.68431,0.43613,2.547197,0.215343,0,0,0.29,0.6,17.5,17.5,1108.57,7939.1,1777134953.843,1777134966.001,ok
GCP,presigned,isolated,500,100,10,13.975715,35.7763,2.925767,0.131056,2.71734,0.338954,0,0,0.29,0.5,17.5,17.5,1108.5,7939.1,1777134972.101,1777134984.269,ok
AWS,server,isolated,1024,5,1,20.879866,49.0425,0.0,0.0,0.0,0.0,0,0,58.17,73.4,18.99,19.4,1223.51,7939.1,1777135061.474,1777135089.9,ok
AWS,server,isolated,1024,5,2,20.076698,51.0044,0.0,0.0,0.0,0.0,0,0,57.67,71.6,18.87,19.2,1215.65,7939.1,1777135096.428,1777135124.852,ok
AWS,server,isolated,1024,5,3,20.243615,50.5839,0.0,0.0,0.0,0.0,0,0,59.73,71.9,18.98,19.4,1221.42,7939.1,1777135130.717,1777135159.145,ok
AWS,server,isolated,1024,5,4,19.932133,51.3743,0.0,0.0,0.0,0.0,0,0,57.39,73.9,18.96,19.2,1220.57,7939.1,1777135165.585,1777135194.008,ok
AWS,server,isolated,1024,5,5,20.540035,49.8539,0.0,0.0,0.0,0.0,0,0,69.03,89.9,36.23,80.5,2595.59,7939.1,1777135199.815,1777135242.593,ok
AWS,server,isolated,1024,5,6,20.783922,49.2689,0.0,0.0,0.0,0.0,0,0,60.87,70.8,18.14,18.7,1158.95,7939.1,1777135249.098,1777135281.582,ok
AWS,server,isolated,1024,5,7,21.401805,47.8464,0.0,0.0,0.0,0.0,0,0,58.68,73.2,17.27,17.7,1090.44,7939.1,1777135287.467,1777135317.899,ok
AWS,server,isolated,1024,5,8,22.273897,45.9731,0.0,0.0,0.0,0.0,0,0,57.76,76.3,17.75,18.0,1129.3,7939.1,1777135323.039,1777135353.481,ok
AWS,server,isolated,1024,5,9,25.658979,39.9081,0.0,0.0,0.0,0.0,0,0,58.87,73.5,17.88,18.8,1138.87,7939.1,1777135359.468,1777135393.989,ok
AWS,server,isolated,1024,5,10,21.927246,46.6999,0.0,0.0,0.0,0.0,0,0,58.02,73.9,18.46,19.1,1186.22,7939.1,1777135400.177,1777135430.663,ok
AWS,presigned,isolated,1024,5,1,32.667016,31.3466,0.141891,0.172181,0.154687,0.214603,0,0,0.48,1.6,17.8,17.8,1140.3,7939.1,1777135500.245,1777135532.673,ok
AWS,presigned,isolated,1024,5,2,29.437315,34.7858,0.258344,0.263448,0.138851,0.029994,0,0,0.55,1.7,17.8,17.8,1140.61,7939.1,1777135538.181,1777135566.563,ok
AWS,presigned,isolated,1024,5,3,30.459209,33.6187,0.143112,0.248752,0.143897,0.028854,0,0,0.55,1.9,17.8,17.8,1140.62,7939.1,1777135572.877,1777135601.333,ok
AWS,presigned,isolated,1024,5,4,31.49741,32.5106,0.192189,0.254718,0.147017,0.042506,0,0,0.48,2.1,17.8,17.8,1140.65,7939.1,1777135608.602,1777135639.1,ok
AWS,presigned,isolated,1024,5,5,29.762246,34.406,0.131495,0.250702,0.138231,0.02152,0,0,0.57,1.9,17.8,17.8,1141.19,7939.1,1777135645.362,1777135673.754,ok
AWS,presigned,isolated,1024,5,6,29.772308,34.3944,0.143725,0.288896,0.140353,0.030951,0,0,0.82,2.0,17.81,17.9,1140.49,7939.1,1777135680.42,1777135708.807,ok
AWS,presigned,isolated,1024,5,7,28.875948,35.462,0.138284,0.241648,0.136305,0.018085,0,0,0.47,1.7,17.8,17.8,1139.9,7939.1,1777135715.441,1777135743.853,ok
AWS,presigned,isolated,1024,5,8,29.917136,34.2279,0.133761,0.25527,0.141415,0.0685,0,0,0.57,1.7,17.8,17.8,1139.9,7939.1,1777135749.581,1777135777.984,ok
AWS,presigned,isolated,1024,5,9,29.04792,35.2521,0.120132,0.255906,0.137012,0.026352,0,0,0.53,1.5,17.77,17.8,1137.53,7939.1,1777135784.763,1777135813.154,ok
AWS,presigned,isolated,1024,5,10,29.715647,34.46,0.132213,0.165857,0.140104,0.040929,0,0,12.77,32.6,34.89,78.4,2499.13,7939.1,1777135818.985,1777135847.406,ok
AZURE,server,isolated,1024,5,1,9.894686,103.4899,0.0,0.0,0.0,0.0,0,0,32.47,68.2,17.75,17.9,1129.85,7939.1,1777135901.933,1777135920.19,ok
AZURE,server,isolated,1024,5,2,10.313359,99.2887,0.0,0.0,0.0,0.0,0,0,34.01,68.9,17.85,18.2,1137.67,7939.1,1777135926.094,1777135944.351,ok
AZURE,server,isolated,1024,5,3,9.650295,106.1107,0.0,0.0,0.0,0.0,0,0,28.24,70.1,17.74,17.9,1127.84,7939.1,1777135950.847,1777135969.086,ok
AZURE,server,isolated,1024,5,4,9.624115,106.3994,0.0,0.0,0.0,0.0,0,0,30.14,68.4,17.76,17.9,1130.63,7939.1,1777135975.253,1777135993.5,ok
AZURE,server,isolated,1024,5,5,9.281615,110.3256,0.0,0.0,0.0,0.0,0,0,31.89,68.0,17.75,17.9,1129.75,7939.1,1777135999.395,1777136017.65,ok
AZURE,server,isolated,1024,5,6,9.226076,110.9898,0.0,0.0,0.0,0.0,0,0,35.71,67.1,17.71,17.9,1127.63,7939.1,1777136023.395,1777136041.65,ok
AZURE,server,isolated,1024,5,7,9.233285,110.9031,0.0,0.0,0.0,0.0,0,0,30.8,71.7,17.72,17.9,1127.65,7939.1,1777136047.348,1777136065.603,ok
AZURE,server,isolated,1024,5,8,9.276435,110.3872,0.0,0.0,0.0,0.0,0,0,31.76,68.7,17.72,17.9,1127.94,7939.1,1777136070.834,1777136089.103,ok
AZURE,server,isolated,1024,5,9,9.404032,108.8895,0.0,0.0,0.0,0.0,0,0,33.61,70.4,17.72,17.9,1128.4,7939.1,1777136094.568,1777136112.822,ok
AZURE,server,isolated,1024,5,10,9.106823,112.4432,0.0,0.0,0.0,0.0,0,0,31.04,68.8,17.74,17.9,1129.23,7939.1,1777136118.609,1777136134.839,ok
AZURE,presigned,isolated,1024,5,1,48.455336,21.1329,0.186175,0.032783,0.232079,0.058156,0,0,0.36,0.7,17.5,17.5,1119.98,7939.1,1777136246.043,1777136292.691,ok
AZURE,presigned,isolated,1024,5,2,51.352754,19.9405,0.221781,0.033678,0.246859,0.066816,0,0,0.34,1.2,17.5,17.5,1120.01,7939.1,1777136299.543,1777136350.223,ok
AZURE,presigned,isolated,1024,5,3,49.453425,20.7064,0.228856,0.029583,0.237558,0.069268,0,0,0.26,0.5,17.5,17.6,1120.19,7939.1,1777136355.933,1777136404.594,ok
AZURE,presigned,isolated,1024,5,4,49.571613,20.657,0.261624,0.031243,0.237649,0.057629,0,0,7.39,30.0,26.45,74.4,1825.89,7939.1,1777136410.424,1777136459.128,ok
AZURE,presigned,isolated,1024,5,5,52.086054,19.6598,0.289295,0.031684,0.249899,0.071645,0,0,0.57,6.1,18.44,20.8,1189.9,7939.1,1777136465.036,1777136515.722,ok
AZURE,presigned,isolated,1024,5,6,53.966751,18.9746,0.196468,0.037226,0.259062,0.07593,0,0,0.38,1.0,17.81,17.9,1143.89,7939.1,1777136522.166,1777136574.88,ok
AZURE,presigned,isolated,1024,5,7,51.833531,19.7556,0.194549,0.033368,0.249166,0.072491,0,0,0.33,0.8,17.8,17.8,1143.51,7939.1,1777136581.176,1777136631.86,ok
AZURE,presigned,isolated,1024,5,8,50.426962,20.3066,0.297222,0.034708,0.242307,0.064434,0,0,0.32,0.7,17.8,17.9,1139.17,7939.1,1777136638.051,1777136686.699,ok
AZURE,presigned,isolated,1024,5,9,52.189506,19.6208,0.225417,0.034157,0.249336,0.073119,0,0,0.28,0.5,17.8,17.8,1138.66,7939.1,1777136693.524,1777136744.351,ok
AZURE,presigned,isolated,1024,5,10,50.267333,20.3711,0.306314,0.032736,0.240401,0.064626,0,0,0.31,0.7,17.8,17.8,1139.06,7939.1,1777136750.754,1777136799.389,ok
GCP,server,isolated,1024,5,1,145.911078,7.018,0.0,0.0,0.0,0.0,0,0,4.99,69.9,17.76,18.0,1128.19,7939.1,1777137106.952,1777137263.182,ok
GCP,server,isolated,1024,5,2,129.785242,7.89,0.0,0.0,0.0,0.0,0,0,5.89,70.3,17.81,18.0,1131.02,7939.1,1777137268.563,1777137408.598,ok
GCP,server,isolated,1024,5,3,129.236398,7.9235,0.0,0.0,0.0,0.0,0,0,4.93,69.4,18.07,18.3,1152.93,7939.1,1777137414.874,1777137553.374,ok
GCP,server,isolated,1024,5,4,145.886658,7.0191,0.0,0.0,0.0,0.0,0,0,4.38,68.1,18.05,18.3,1151.99,7939.1,1777137559.76,1777137714.474,ok
GCP,server,isolated,1024,5,5,130.573463,7.8423,0.0,0.0,0.0,0.0,0,0,5.08,69.8,18.04,18.3,1150.83,7939.1,1777137721.201,1777137861.205,ok
GCP,server,isolated,1024,5,6,147.024721,6.9648,0.0,0.0,0.0,0.0,0,0,4.22,69.5,17.96,18.3,1143.79,7939.1,1777137866.727,1777138022.867,ok
GCP,server,isolated,1024,5,7,125.388779,8.1666,0.0,0.0,0.0,0.0,0,0,4.9,68.2,17.97,18.3,1145.17,7939.1,1777138028.132,1777138162.021,ok
GCP,server,isolated,1024,5,8,128.355558,7.9778,0.0,0.0,0.0,0.0,0,0,4.85,67.9,17.82,18.1,1132.58,7939.1,1777138168.176,1777138306.174,ok
GCP,server,isolated,1024,5,9,142.850046,7.1684,0.0,0.0,0.0,0.0,0,0,4.29,66.4,17.87,18.1,1136.11,7939.1,1777138312.992,1777138465.535,ok
GCP,server,isolated,1024,5,10,147.898094,6.9237,0.0,0.0,0.0,0.0,0,0,4.34,69.0,17.84,18.1,1134.15,7939.1,1777138472.0,1777138628.382,ok
GCP,presigned,isolated,1024,5,1,175.013427,5.851,0.770624,0.201237,0.849861,0.139472,0,0,0.29,0.7,17.63,17.7,1127.03,7939.1,1777138999.544,1777139174.034,ok
GCP,presigned,isolated,1024,5,2,172.834183,5.9248,0.838247,0.502712,0.840689,0.123368,0,0,1.11,42.9,16.99,17.6,1077.22,7939.1,1777139180.077,1777139351.603,ok
GCP,presigned,isolated,1024,5,3,181.069098,5.6553,0.760509,0.20156,0.881182,0.143185,0,0,0.37,1.2,14.32,14.4,864.36,7939.1,1777139358.114,1777139538.578,ok
GCP,presigned,isolated,1024,5,4,177.337478,5.7743,0.691501,0.511176,0.862758,0.140339,0,0,0.32,1.5,14.26,14.3,859.42,7939.1,1777139544.705,1777139721.201,ok
GCP,presigned,isolated,1024,5,5,176.101137,5.8148,1.000977,0.208608,0.856502,0.14107,0,0,0.32,1.1,14.23,14.3,858.73,7939.1,1777139727.263,1777139901.791,ok
GCP,presigned,isolated,1024,5,6,176.023935,5.8174,0.773939,0.417599,0.856199,0.136547,0,0,1.15,50.3,13.4,14.3,790.84,7939.1,1777139908.789,1777140084.162,ok
GCP,presigned,isolated,1024,5,7,173.472649,5.9029,1.064542,0.660133,0.84378,0.138297,0,0,0.38,1.1,12.6,12.6,727.15,7939.1,1777140090.475,1777140263.038,ok
GCP,presigned,isolated,1024,5,8,175.104873,5.8479,1.063748,0.653628,0.851133,0.136265,0,0,0.33,1.2,12.6,12.6,728.97,7939.1,1777140269.613,1777140444.173,ok
GCP,presigned,isolated,1024,5,9,173.921818,5.8877,0.792134,0.50393,0.845628,0.129417,0,0,3.14,32.5,16.12,80.6,1008.42,7939.1,1777140450.229,1777140622.67,ok
GCP,presigned,isolated,1024,5,10,167.513648,6.1129,0.778022,0.490646,0.814771,0.125254,0,0,0.47,10.6,13.23,16.5,777.38,7939.1,1777140629.645,1777140796.032,ok
AWS,server,isolated,1024,8,1,20.094079,50.9603,0.0,0.0,0.0,0.0,0,0,59.15,74.4,14.33,15.1,857.65,7939.1,1777140871.155,1777140899.587,ok
AWS,server,isolated,1024,8,2,19.759976,51.8219,0.0,0.0,0.0,0.0,0,0,60.63,72.8,14.99,15.5,909.61,7939.1,1777140905.259,1777140933.851,ok
AWS,server,isolated,1024,8,3,20.07704,51.0035,0.0,0.0,0.0,0.0,0,0,58.48,77.7,15.41,16.2,943.45,7939.1,1777140939.981,1777140969.355,ok
AWS,server,isolated,1024,8,4,20.467188,50.0313,0.0,0.0,0.0,0.0,0,0,61.26,72.8,16.84,17.6,1057.43,7939.1,1777140975.136,1777141004.099,ok
AWS,server,isolated,1024,8,5,20.382473,50.2392,0.0,0.0,0.0,0.0,0,0,59.56,71.1,16.83,17.6,1056.35,7939.1,1777141010.678,1777141040.093,ok
AWS,server,isolated,1024,8,6,26.122929,39.1993,0.0,0.0,0.0,0.0,0,0,58.68,73.9,16.86,17.2,1057.34,7939.1,1777141046.937,1777141081.483,ok
AWS,server,isolated,1024,8,7,23.31572,43.9189,0.0,0.0,0.0,0.0,0,0,60.09,71.1,16.14,16.3,1001.29,7939.1,1777141087.213,1777141119.724,ok
AWS,server,isolated,1024,8,8,21.712586,47.1616,0.0,0.0,0.0,0.0,0,0,62.74,99.3,15.67,16.7,963.88,7939.1,1777141125.251,1777141155.286,ok
AWS,server,isolated,1024,8,9,20.086107,50.9805,0.0,0.0,0.0,0.0,0,0,57.41,72.2,16.06,16.6,995.18,7939.1,1777141161.831,1777141190.253,ok
AWS,server,isolated,1024,8,10,21.29719,48.0815,0.0,0.0,0.0,0.0,0,0,61.2,79.1,15.17,15.3,924.04,7939.1,1777141196.366,1777141226.822,ok
AWS,presigned,isolated,1024,8,1,27.492916,37.246,0.224572,0.219017,0.207281,0.169823,0,0,0.44,1.1,14.9,14.9,913.12,7939.1,1777141289.108,1777141315.478,ok
AWS,presigned,isolated,1024,8,2,25.744771,39.7751,0.217258,0.201793,0.194666,0.103394,0,0,0.6,1.4,14.98,15.0,914.49,7939.1,1777141321.814,1777141346.134,ok
AWS,presigned,isolated,1024,8,3,23.606084,43.3786,0.220662,0.205518,0.177585,0.022986,0,0,0.52,1.6,15.0,15.0,915.9,7939.1,1777141352.776,1777141375.089,ok
AWS,presigned,isolated,1024,8,4,24.383125,41.9963,0.176762,0.216099,0.184287,0.058986,0,0,0.53,1.4,15.0,15.0,916.12,7939.1,1777141381.605,1777141405.945,ok
AWS,presigned,isolated,1024,8,5,26.000578,39.3837,0.182637,0.210677,0.196102,0.07809,0,0,0.51,1.2,15.0,15.0,916.66,7939.1,1777141411.21,1777141435.56,ok
AWS,presigned,isolated,1024,8,6,25.46091,40.2185,0.184353,0.136514,0.18971,0.103016,0,0,0.56,1.4,15.0,15.0,916.72,7939.1,1777141442.374,1777141466.705,ok
AWS,presigned,isolated,1024,8,7,26.50518,38.634,0.26771,0.208374,0.200949,0.117166,0,0,0.42,1.0,15.0,15.0,917.07,7939.1,1777141473.05,1777141499.433,ok
AWS,presigned,isolated,1024,8,8,27.831545,36.7928,0.160612,0.211696,0.211221,0.215062,0,0,0.51,1.9,15.0,15.0,917.4,7939.1,1777141504.768,1777141531.136,ok
AWS,presigned,isolated,1024,8,9,24.634695,41.5674,0.273793,0.20015,0.185573,0.042634,0,0,0.5,1.8,15.0,15.0,917.38,7939.1,1777141537.809,1777141562.155,ok
AWS,presigned,isolated,1024,8,10,28.825424,35.5242,0.200664,0.197348,0.2187,0.180071,0,0,0.51,1.6,15.0,15.0,919.67,7939.1,1777141567.646,1777141596.037,ok
AZURE,server,isolated,1024,8,1,9.156992,111.8271,0.0,0.0,0.0,0.0,0,0,42.25,69.5,15.32,15.4,936.41,7939.1,1777141648.213,1777141666.456,ok
AZURE,server,isolated,1024,8,2,8.895402,115.1157,0.0,0.0,0.0,0.0,0,0,31.88,70.4,15.3,15.4,934.02,7939.1,1777141671.626,1777141687.864,ok
AZURE,server,isolated,1024,8,3,9.157751,111.8178,0.0,0.0,0.0,0.0,0,0,34.45,70.5,15.34,15.5,938.27,7939.1,1777141694.218,1777141712.496,ok
AZURE,server,isolated,1024,8,4,9.808537,104.3989,0.0,0.0,0.0,0.0,0,0,29.81,70.5,15.28,15.4,933.38,7939.1,1777141717.624,1777141735.883,ok
AZURE,server,isolated,1024,8,5,8.910424,114.9216,0.0,0.0,0.0,0.0,0,0,29.8,66.3,15.28,15.5,932.93,7939.1,1777141741.536,1777141757.767,ok
AZURE,server,isolated,1024,8,6,9.035,113.337,0.0,0.0,0.0,0.0,0,0,36.97,70.4,15.38,15.6,940.4,7939.1,1777141764.812,1777141781.04,ok
AZURE,server,isolated,1024,8,7,9.804349,104.4434,0.0,0.0,0.0,0.0,0,0,32.15,68.2,15.43,15.6,944.67,7939.1,1777141787.902,1777141806.166,ok
AZURE,server,isolated,1024,8,8,9.165032,111.729,0.0,0.0,0.0,0.0,0,0,31.71,69.2,15.35,15.4,938.61,7939.1,1777141812.142,1777141830.425,ok
AZURE,server,isolated,1024,8,9,8.85741,115.6094,0.0,0.0,0.0,0.0,0,0,31.9,70.9,15.37,15.4,938.84,7939.1,1777141835.658,1777141851.901,ok
AZURE,server,isolated,1024,8,10,9.087736,112.6793,0.0,0.0,0.0,0.0,0,0,29.2,68.4,15.35,15.5,940.02,7939.1,1777141858.483,1777141876.748,ok
AZURE,presigned,isolated,1024,8,1,37.570992,27.2551,0.28734,0.028818,0.28651,0.061904,0,0,0.29,0.7,15.1,15.1,925.65,7939.1,1777141964.085,1777142000.555,ok
AZURE,presigned,isolated,1024,8,2,38.076279,26.8934,0.439884,0.030089,0.291605,0.068386,0,0,0.45,1.5,15.1,15.1,925.6,7939.1,1777142006.694,1777142043.214,ok
AZURE,presigned,isolated,1024,8,3,38.676744,26.4759,0.253206,0.028581,0.297305,0.063039,0,0,0.36,0.6,15.1,15.1,926.0,7939.1,1777142049.806,1777142088.34,ok
AZURE,presigned,isolated,1024,8,4,39.192009,26.1278,0.337711,0.034219,0.301405,0.069198,0,0,0.31,0.5,15.1,15.1,926.67,7939.1,1777142093.529,1777142132.06,ok
AZURE,presigned,isolated,1024,8,5,38.691142,26.466,0.2329,0.032629,0.29702,0.06378,0,0,0.32,0.7,15.1,15.1,926.66,7939.1,1777142137.76,1777142176.291,ok
AZURE,presigned,isolated,1024,8,6,39.62069,25.8451,0.262709,0.030055,0.304591,0.075882,0,0,0.36,0.7,15.1,15.1,926.75,7939.1,1777142181.486,1777142220.05,ok
AZURE,presigned,isolated,1024,8,7,39.587302,25.8669,0.427575,0.03173,0.303393,0.063964,0,0,0.28,0.5,15.1,15.1,926.76,7939.1,1777142226.151,1777142264.68,ok
AZURE,presigned,isolated,1024,8,8,38.998009,26.2578,0.312021,0.033361,0.299346,0.091995,0,0,0.44,1.1,15.1,15.1,926.36,7939.1,1777142270.777,1777142309.296,ok
AZURE,presigned,isolated,1024,8,9,39.659956,25.8195,0.28155,0.027379,0.304183,0.079054,0,0,0.27,0.5,15.1,15.1,925.77,7939.1,1777142314.811,1777142353.345,ok
AZURE,presigned,isolated,1024,8,10,38.662068,26.4859,0.240255,0.035638,0.296897,0.070927,0,0,0.34,0.8,15.1,15.1,926.0,7939.1,1777142359.518,1777142398.03,ok
GCP,server,isolated,1024,8,1,92.541224,11.0653,0.0,0.0,0.0,0.0,0,0,6.76,69.3,15.62,15.8,956.54,7939.1,1777142627.235,1777142728.72,ok
GCP,server,isolated,1024,8,2,102.116032,10.0278,0.0,0.0,0.0,0.0,0,0,5.3,69.0,15.64,16.0,958.51,7939.1,1777142734.424,1777142844.298,ok
GCP,server,isolated,1024,8,3,91.217382,11.2259,0.0,0.0,0.0,0.0,0,0,6.73,66.7,15.54,15.9,950.46,7939.1,1777142851.105,1777142950.557,ok
GCP,server,isolated,1024,8,4,90.151406,11.3587,0.0,0.0,0.0,0.0,0,0,6.03,68.5,15.59,16.0,955.31,7939.1,1777142956.998,1777143054.393,ok
GCP,server,isolated,1024,8,5,88.019921,11.6337,0.0,0.0,0.0,0.0,0,0,7.25,69.7,15.62,15.9,957.19,7939.1,1777143061.4,1777143158.755,ok
GCP,server,isolated,1024,8,6,88.052454,11.6294,0.0,0.0,0.0,0.0,0,0,7.11,68.0,15.4,16.0,938.93,7939.1,1777143164.565,1777143262.365,ok
GCP,server,isolated,1024,8,7,99.889117,10.2514,0.0,0.0,0.0,0.0,0,0,6.42,68.0,15.2,15.5,922.39,7939.1,1777143267.576,1777143377.088,ok
GCP,server,isolated,1024,8,8,92.85488,11.028,0.0,0.0,0.0,0.0,0,0,6.45,68.7,15.19,15.4,920.99,7939.1,1777143382.227,1777143483.782,ok
GCP,server,isolated,1024,8,9,86.200297,11.8793,0.0,0.0,0.0,0.0,0,0,6.06,70.0,15.19,15.5,922.9,7939.1,1777143489.972,1777143585.337,ok
GCP,server,isolated,1024,8,10,100.211299,10.2184,0.0,0.0,0.0,0.0,0,0,5.05,70.6,15.17,15.3,919.93,7939.1,1777143590.604,1777143698.116,ok
GCP,presigned,isolated,1024,8,1,124.358716,8.2342,1.0693,0.500115,0.966563,0.150372,0,0,0.29,0.7,14.8,14.8,901.78,7939.1,1777143968.185,1777144091.891,ok
GCP,presigned,isolated,1024,8,2,126.909897,8.0687,0.859653,0.152123,0.987852,0.146219,0,0,0.32,1.2,14.8,14.8,901.17,7939.1,1777144097.75,1777144223.568,ok
GCP,presigned,isolated,1024,8,3,125.671168,8.1482,1.114567,0.504134,0.978199,0.147521,0,0,0.38,1.2,14.8,14.8,899.45,7939.1,1777144230.135,1777144353.802,ok
GCP,presigned,isolated,1024,8,4,117.654797,8.7034,1.182362,0.643881,0.915695,0.145334,0,0,0.32,0.9,14.8,14.8,900.85,7939.1,1777144361.455,1777144479.054,ok
GCP,presigned,isolated,1024,8,5,118.751245,8.6231,0.953376,0.484401,0.923638,0.154824,0,0,0.44,1.2,14.8,14.8,898.76,7939.1,1777144484.602,1777144602.604,ok
GCP,presigned,isolated,1024,8,6,113.395699,9.0303,0.825401,0.496037,0.882049,0.138291,0,0,0.29,1.0,14.8,14.8,897.67,7939.1,1777144608.875,1777144720.732,ok
GCP,presigned,isolated,1024,8,7,113.938459,8.9873,0.827883,0.205345,0.886387,0.133145,0,0,0.3,1.0,14.73,14.8,897.01,7939.1,1777144727.477,1777144841.09,ok
GCP,presigned,isolated,1024,8,8,113.07406,9.056,0.820446,0.485983,0.879753,0.126743,0,0,0.45,3.8,14.74,14.8,896.98,7939.1,1777144846.911,1777144958.703,ok
GCP,presigned,isolated,1024,8,9,117.017188,8.7509,1.076279,0.403488,0.910661,0.144387,0,0,0.31,0.7,14.8,14.8,899.83,7939.1,1777144965.394,1777145080.963,ok
GCP,presigned,isolated,1024,8,10,115.512055,8.8649,1.062187,0.501281,0.898926,0.142852,0,0,0.31,0.7,14.73,14.8,896.46,7939.1,1777145087.918,1777145201.439,ok
AWS,server,isolated,1024,10,1,19.186013,53.3722,0.0,0.0,0.0,0.0,0,0,56.54,71.4,15.99,16.5,986.46,7939.1,1777145274.065,1777145300.446,ok
AWS,server,isolated,1024,10,2,19.543325,52.3964,0.0,0.0,0.0,0.0,0,0,58.46,73.7,16.27,17.1,1010.62,7939.1,1777145307.492,1777145333.882,ok
AWS,server,isolated,1024,10,3,20.056919,51.0547,0.0,0.0,0.0,0.0,0,0,60.39,80.0,16.19,16.7,1003.81,7939.1,1777145340.846,1777145369.26,ok
AWS,server,isolated,1024,10,4,20.712789,49.4381,0.0,0.0,0.0,0.0,0,0,59.62,73.0,16.37,17.3,1017.74,7939.1,1777145375.015,1777145403.435,ok
AWS,server,isolated,1024,10,5,19.925521,51.3914,0.0,0.0,0.0,0.0,0,0,57.42,74.4,17.09,18.0,1074.23,7939.1,1777145409.497,1777145437.91,ok
AWS,server,isolated,1024,10,6,19.939127,51.3563,0.0,0.0,0.0,0.0,0,0,56.97,71.3,17.31,18.4,1094.11,7939.1,1777145443.551,1777145471.971,ok
AWS,server,isolated,1024,10,7,21.582971,47.4448,0.0,0.0,0.0,0.0,0,0,59.16,71.9,18.24,19.1,1165.89,7939.1,1777145477.854,1777145508.307,ok
AWS,server,isolated,1024,10,8,21.530536,47.5604,0.0,0.0,0.0,0.0,0,0,58.93,71.1,18.24,19.1,1166.94,7939.1,1777145513.466,1777145543.92,ok
AWS,server,isolated,1024,10,9,23.368441,43.8198,0.0,0.0,0.0,0.0,0,0,57.66,71.6,18.23,18.8,1165.75,7939.1,1777145550.744,1777145583.261,ok
AWS,server,isolated,1024,10,10,22.018642,46.506,0.0,0.0,0.0,0.0,0,0,60.61,77.6,18.24,19.0,1167.61,7939.1,1777145588.792,1777145619.214,ok
AWS,presigned,isolated,1024,10,1,23.351773,43.8511,0.188516,0.112084,0.218844,0.124662,0,0,0.42,0.9,16.9,16.9,1066.6,7939.1,1777145680.257,1777145702.586,ok
AWS,presigned,isolated,1024,10,2,23.454235,43.6595,0.22342,0.114618,0.220421,0.112936,0,0,0.42,1.0,16.9,16.9,1067.02,7939.1,1777145708.733,1777145731.051,ok
AWS,presigned,isolated,1024,10,3,24.0479,42.5817,0.21526,0.20124,0.225656,0.101953,0,0,0.53,1.3,16.9,16.9,1068.14,7939.1,1777145737.394,1777145759.717,ok
AWS,presigned,isolated,1024,10,4,24.234641,42.2536,0.276534,0.189016,0.228182,0.154631,0,0,0.53,1.5,16.9,16.9,1068.97,7939.1,1777145766.638,1777145788.942,ok
AWS,presigned,isolated,1024,10,5,21.821054,46.9272,0.196644,0.209825,0.198113,0.047644,0,0,0.45,1.4,16.9,16.9,1069.2,7939.1,1777145796.097,1777145816.375,ok
AWS,presigned,isolated,1024,10,6,26.225004,39.0467,0.22474,0.118503,0.24657,0.203247,0,0,0.41,1.2,16.9,16.9,1068.86,7939.1,1777145823.056,1777145847.383,ok
AWS,presigned,isolated,1024,10,7,23.03294,44.4581,0.205989,0.190164,0.215853,0.112243,0,0,0.5,1.2,16.9,16.9,1067.58,7939.1,1777145854.472,1777145876.795,ok
AWS,presigned,isolated,1024,10,8,22.231111,46.0616,0.244346,0.183178,0.208712,0.072135,0,0,0.62,2.0,16.9,16.9,1067.56,7939.1,1777145882.695,1777145902.961,ok
AWS,presigned,isolated,1024,10,9,26.154392,39.1521,0.18091,0.184595,0.246761,0.234221,0,0,0.47,1.7,16.9,16.9,1067.88,7939.1,1777145910.116,1777145934.432,ok
AWS,presigned,isolated,1024,10,10,22.427827,45.6576,0.212194,0.190403,0.21058,0.115407,0,0,0.53,1.4,16.9,16.9,1068.18,7939.1,1777145941.475,1777145963.777,ok
AZURE,server,isolated,1024,10,1,9.862174,103.8311,0.0,0.0,0.0,0.0,0,0,31.08,69.3,17.21,17.3,1084.35,7939.1,1777146013.229,1777146031.492,ok
AZURE,server,isolated,1024,10,2,9.504192,107.7419,0.0,0.0,0.0,0.0,0,0,29.88,70.6,17.23,17.3,1087.08,7939.1,1777146036.938,1777146055.191,ok
AZURE,server,isolated,1024,10,3,9.618375,106.4629,0.0,0.0,0.0,0.0,0,0,33.2,69.2,16.51,16.6,1029.96,7939.1,1777146060.488,1777146078.754,ok
AZURE,server,isolated,1024,10,4,9.610667,106.5483,0.0,0.0,0.0,0.0,0,0,30.52,69.2,16.47,16.5,1028.03,7939.1,1777146084.234,1777146102.49,ok
AZURE,server,isolated,1024,10,5,9.463207,108.2086,0.0,0.0,0.0,0.0,0,0,32.84,70.3,16.44,16.5,1025.35,7939.1,1777146108.041,1777146126.313,ok
AZURE,server,isolated,1024,10,6,9.050941,113.1374,0.0,0.0,0.0,0.0,0,0,31.07,68.7,16.43,16.6,1025.41,7939.1,1777146131.67,1777146147.888,ok
AZURE,server,isolated,1024,10,7,9.47308,108.0958,0.0,0.0,0.0,0.0,0,0,30.38,67.8,16.68,16.8,1043.59,7939.1,1777146155.018,1777146173.269,ok
AZURE,server,isolated,1024,10,8,9.350395,109.5141,0.0,0.0,0.0,0.0,0,0,32.31,68.8,16.54,16.7,1032.88,7939.1,1777146178.728,1777146196.982,ok
AZURE,server,isolated,1024,10,9,9.315948,109.919,0.0,0.0,0.0,0.0,0,0,29.84,69.3,16.46,16.6,1026.63,7939.1,1777146202.614,1777146218.842,ok
AZURE,server,isolated,1024,10,10,9.154015,111.8635,0.0,0.0,0.0,0.0,0,0,52.41,87.9,40.26,79.4,2918.35,7939.1,1777146225.902,1777146250.298,ok
AZURE,presigned,isolated,1024,10,1,39.480364,25.9369,0.261047,0.03295,0.376056,0.107536,0,0,0.29,0.6,16.1,16.1,1002.02,7939.1,1777146339.099,1777146377.583,ok
AZURE,presigned,isolated,1024,10,2,38.984926,26.2666,0.336556,0.032262,0.372909,0.087554,0,0,0.35,1.2,16.1,16.1,1002.11,7939.1,1777146383.621,1777146422.133,ok
AZURE,presigned,isolated,1024,10,3,40.41267,25.3386,0.404178,0.031861,0.386628,0.104244,0,0,0.28,0.5,16.1,16.1,1002.17,7939.1,1777146427.643,1777146466.182,ok
AZURE,presigned,isolated,1024,10,4,38.449425,26.6324,0.366894,0.030985,0.367063,0.094102,0,0,0.27,0.6,16.1,16.1,1002.97,7939.1,1777146473.096,1777146509.571,ok
AZURE,presigned,isolated,1024,10,5,38.503338,26.5951,0.386765,0.031503,0.367178,0.08272,0,0,0.27,0.4,16.1,16.1,1003.04,7939.1,1777146516.583,1777146553.06,ok
AZURE,presigned,isolated,1024,10,6,39.748412,25.762,0.302474,0.029038,0.379647,0.088713,0,0,0.41,1.2,16.1,16.1,1002.9,7939.1,1777146560.125,1777146598.669,ok
AZURE,presigned,isolated,1024,10,7,37.543988,27.2747,0.32869,0.030591,0.358511,0.108362,0,0,0.28,0.5,16.1,16.1,1002.75,7939.1,1777146604.909,1777146641.406,ok
AZURE,presigned,isolated,1024,10,8,40.693033,25.164,0.4891,0.026028,0.388386,0.0859,0,0,0.3,0.7,16.1,16.1,1002.0,7939.1,1777146647.487,1777146688.038,ok
AZURE,presigned,isolated,1024,10,9,37.355915,27.412,0.283835,0.032892,0.356676,0.072011,0,0,0.37,0.9,16.1,16.1,1002.28,7939.1,1777146693.221,1777146729.696,ok
AZURE,presigned,isolated,1024,10,10,38.151792,26.8402,0.491813,0.028449,0.364813,0.083619,0,0,0.26,0.5,16.1,16.1,1002.2,7939.1,1777146735.609,1777146772.071,ok
GCP,server,isolated,1024,10,1,84.755823,12.0818,0.0,0.0,0.0,0.0,0,0,6.23,68.9,16.73,17.2,1050.55,7939.1,1777146967.352,1777147060.72,ok
GCP,server,isolated,1024,10,2,88.49539,11.5712,0.0,0.0,0.0,0.0,0,0,6.55,67.9,16.7,17.2,1048.35,7939.1,1777147066.18,1777147163.524,ok
GCP,server,isolated,1024,10,3,70.853252,14.4524,0.0,0.0,0.0,0.0,0,0,7.83,70.9,16.43,16.6,1028.13,7939.1,1777147169.069,1777147248.229,ok
GCP,server,isolated,1024,10,4,76.895732,13.3167,0.0,0.0,0.0,0.0,0,0,9.27,70.0,16.53,16.9,1034.85,7939.1,1777147254.195,1777147339.491,ok
GCP,server,isolated,1024,10,5,71.960571,14.23,0.0,0.0,0.0,0.0,0,0,8.61,70.3,16.5,16.8,1032.08,7939.1,1777147346.266,1777147427.409,ok
GCP,server,isolated,1024,10,6,70.232113,14.5802,0.0,0.0,0.0,0.0,0,0,7.64,68.8,16.45,16.6,1028.31,7939.1,1777147433.004,1777147512.189,ok
GCP,server,isolated,1024,10,7,87.157218,11.7489,0.0,0.0,0.0,0.0,0,0,6.91,69.0,16.47,16.6,1029.82,7939.1,1777147518.246,1777147613.553,ok
GCP,server,isolated,1024,10,8,68.905395,14.861,0.0,0.0,0.0,0.0,0,0,7.09,69.2,16.44,16.6,1028.48,7939.1,1777147620.185,1777147697.26,ok
GCP,server,isolated,1024,10,9,86.920084,11.7809,0.0,0.0,0.0,0.0,0,0,6.39,69.9,16.41,16.5,1026.25,7939.1,1777147703.168,1777147798.508,ok
GCP,server,isolated,1024,10,10,82.306726,12.4413,0.0,0.0,0.0,0.0,0,0,8.52,71.7,16.67,17.0,1045.73,7939.1,1777147804.176,1777147895.427,ok
GCP,presigned,isolated,1024,10,1,100.560062,10.183,1.125597,0.354321,0.972041,0.159709,0,0,0.32,0.9,14.81,14.9,905.37,7939.1,1777148111.454,1777148210.842,ok
GCP,presigned,isolated,1024,10,2,98.662818,10.3788,0.850961,0.397379,0.953,0.134907,0,0,0.38,1.2,14.73,14.8,899.9,7939.1,1777148217.419,1777148314.962,ok
GCP,presigned,isolated,1024,10,3,96.512401,10.61,0.879059,0.12679,0.932716,0.142177,0,0,0.3,1.0,14.7,14.7,898.71,7939.1,1777148321.217,1777148416.501,ok
GCP,presigned,isolated,1024,10,4,94.691571,10.8141,1.151471,0.498082,0.915073,0.130649,0,0,0.3,0.7,14.7,14.8,899.32,7939.1,1777148423.236,1777148516.479,ok
GCP,presigned,isolated,1024,10,5,95.472655,10.7256,0.818197,0.435703,0.922523,0.140309,0,0,0.33,1.2,14.7,14.8,897.63,7939.1,1777148523.372,1777148618.624,ok
GCP,presigned,isolated,1024,10,6,96.740977,10.585,0.972793,0.493902,0.934957,0.133884,0,0,0.31,0.7,14.75,14.8,900.66,7939.1,1777148624.341,1777148719.619,ok
GCP,presigned,isolated,1024,10,7,96.928471,10.5645,0.856691,0.524711,0.936816,0.139878,0,0,1.97,50.4,13.44,14.7,797.19,7939.1,1777148726.616,1777148822.645,ok
GCP,presigned,isolated,1024,10,8,96.416802,10.6206,0.848656,0.197625,0.931969,0.130993,0,0,0.29,0.7,12.9,12.9,753.87,7939.1,1777148828.748,1777148924.014,ok
GCP,presigned,isolated,1024,10,9,95.843822,10.684,0.971547,0.125785,0.926338,0.133257,0,0,0.39,0.7,12.9,12.9,754.98,7939.1,1777148930.3,1777149025.613,ok
GCP,presigned,isolated,1024,10,10,98.741904,10.3705,0.8768,0.1375,0.954527,0.1473,0,0,0.32,1.0,12.9,12.9,754.71,7939.1,1777149031.285,1777149128.595,ok
AWS,server,isolated,1024,16,1,19.323087,52.9936,0.0,0.0,0.0,0.0,0,0,60.05,73.1,18.01,18.9,1154.42,7939.1,1777149200.72,1777149229.134,ok
AWS,server,isolated,1024,16,2,20.780503,49.277,0.0,0.0,0.0,0.0,0,0,57.33,77.8,19.59,20.3,1279.44,7939.1,1777149234.656,1777149263.051,ok
AWS,server,isolated,1024,16,3,18.491947,55.3755,0.0,0.0,0.0,0.0,0,0,57.98,77.8,20.01,20.9,1313.19,7939.1,1777149269.661,1777149296.031,ok
AWS,server,isolated,1024,16,4,18.741737,54.6374,0.0,0.0,0.0,0.0,0,0,57.56,76.8,20.51,22.1,1353.1,7939.1,1777149302.548,1777149328.917,ok
AWS,server,isolated,1024,16,5,18.166436,56.3677,0.0,0.0,0.0,0.0,0,0,58.98,76.5,22.27,23.5,1491.11,7939.1,1777149335.286,1777149361.655,ok
AWS,server,isolated,1024,16,6,18.71314,54.7209,0.0,0.0,0.0,0.0,0,0,60.94,71.9,18.02,18.8,1154.5,7939.1,1777149368.406,1777149395.748,ok
AWS,server,isolated,1024,16,7,18.447759,55.5081,0.0,0.0,0.0,0.0,0,0,60.87,99.6,17.75,19.4,1132.96,7939.1,1777149401.417,1777149427.19,ok
AWS,server,isolated,1024,16,8,18.464158,55.4588,0.0,0.0,0.0,0.0,0,0,58.29,73.3,19.34,20.8,1259.18,7939.1,1777149433.925,1777149460.299,ok
AWS,server,isolated,1024,16,9,18.480112,55.4109,0.0,0.0,0.0,0.0,0,0,61.15,72.0,19.32,20.5,1257.66,7939.1,1777149466.511,1777149492.88,ok
AWS,server,isolated,1024,16,10,18.525006,55.2766,0.0,0.0,0.0,0.0,0,0,58.84,73.1,19.42,20.8,1265.15,7939.1,1777149498.806,1777149525.192,ok
AWS,presigned,isolated,1024,16,1,17.404062,58.8368,0.263529,0.186851,0.260791,0.046118,0,0,0.57,1.2,17.8,17.8,1145.3,7939.1,1777149572.265,1777149588.485,ok
AWS,presigned,isolated,1024,16,2,19.841815,51.6082,0.234871,0.09158,0.298996,0.205634,0,0,0.44,1.1,17.8,17.8,1145.28,7939.1,1777149594.765,1777149613.012,ok
AWS,presigned,isolated,1024,16,3,17.071036,59.9846,0.274325,0.163022,0.256795,0.050981,0,0,0.5,1.1,17.73,17.8,1140.33,7939.1,1777149619.777,1777149636.019,ok
AWS,presigned,isolated,1024,16,4,18.154228,56.4056,0.251513,0.093627,0.272571,0.106199,0,0,0.5,1.1,17.6,17.6,1130.4,7939.1,1777149641.952,1777149658.173,ok
AWS,presigned,isolated,1024,16,5,19.046758,53.7624,0.261061,0.174291,0.284511,0.146373,0,0,0.51,1.2,17.59,17.6,1130.11,7939.1,1777149665.307,1777149683.55,ok
AWS,presigned,isolated,1024,16,6,21.01809,48.7199,0.246633,0.160942,0.317502,0.274022,0,0,0.55,1.1,17.6,17.6,1124.6,7939.1,1777149689.508,1777149709.778,ok
AWS,presigned,isolated,1024,16,7,19.081698,53.664,0.239762,0.162553,0.287849,0.163782,0,0,0.48,1.3,17.6,17.6,1124.6,7939.1,1777149715.693,1777149733.925,ok
AWS,presigned,isolated,1024,16,8,18.873073,54.2572,0.277495,0.166789,0.284782,0.146721,0,0,0.44,1.1,17.6,17.6,1124.8,7939.1,1777149739.95,1777149758.208,ok
AWS,presigned,isolated,1024,16,9,18.249176,56.1121,0.246623,0.091974,0.275098,0.153268,0,0,0.62,1.4,17.53,17.6,1121.28,7939.1,1777149763.92,1777149782.152,ok
AWS,presigned,isolated,1024,16,10,17.091041,59.9144,0.249374,0.093522,0.25679,0.057129,0,0,0.43,0.8,17.49,17.5,1119.27,7939.1,1777149787.285,1777149803.492,ok
AZURE,server,isolated,1024,16,1,9.893348,103.5039,0.0,0.0,0.0,0.0,0,0,28.56,70.7,18.28,18.3,1175.28,7939.1,1777149856.711,1777149874.976,ok
AZURE,server,isolated,1024,16,2,9.368561,109.3017,0.0,0.0,0.0,0.0,0,0,30.85,67.8,18.38,18.5,1183.46,7939.1,1777149881.107,1777149899.364,ok
AZURE,server,isolated,1024,16,3,9.639302,106.2318,0.0,0.0,0.0,0.0,0,0,34.05,71.0,18.42,18.7,1187.71,7939.1,1777149904.813,1777149923.07,ok
AZURE,server,isolated,1024,16,4,9.6881,105.6967,0.0,0.0,0.0,0.0,0,0,29.39,69.3,18.4,18.6,1184.94,7939.1,1777149929.119,1777149947.377,ok
AZURE,server,isolated,1024,16,5,9.321967,109.8481,0.0,0.0,0.0,0.0,0,0,35.2,75.1,18.43,18.7,1187.4,7939.1,1777149953.304,1777149969.54,ok
AZURE,server,isolated,1024,16,6,9.256528,110.6246,0.0,0.0,0.0,0.0,0,0,31.29,68.9,18.44,18.7,1189.97,7939.1,1777149976.6,1777149992.823,ok
AZURE,server,isolated,1024,16,7,9.380087,109.1674,0.0,0.0,0.0,0.0,0,0,37.08,70.5,18.36,18.5,1182.48,7939.1,1777149999.863,1777150018.112,ok
AZURE,server,isolated,1024,16,8,9.397892,108.9606,0.0,0.0,0.0,0.0,0,0,26.67,69.2,18.42,18.6,1186.12,7939.1,1777150023.396,1777150041.637,ok
AZURE,server,isolated,1024,16,9,9.401021,108.9243,0.0,0.0,0.0,0.0,0,0,28.84,70.2,18.4,18.7,1186.7,7939.1,1777150047.212,1777150063.451,ok
AZURE,server,isolated,1024,16,10,9.768697,104.8246,0.0,0.0,0.0,0.0,0,0,28.73,69.5,18.4,18.7,1185.39,7939.1,1777150070.476,1777150088.733,ok
AZURE,presigned,isolated,1024,16,1,32.176,31.825,0.690065,0.029319,0.493531,0.129995,0,0,0.36,0.6,18.33,18.4,1187.16,7939.1,1777150163.92,1777150194.305,ok
AZURE,presigned,isolated,1024,16,2,32.027806,31.9722,0.48026,0.026761,0.49252,0.10241,0,0,0.31,0.5,18.3,18.3,1185.44,7939.1,1777150201.131,1777150231.536,ok
AZURE,presigned,isolated,1024,16,3,31.123965,32.9007,0.442815,0.029484,0.478637,0.095055,0,0,0.26,0.5,18.3,18.3,1185.37,7939.1,1777150238.198,1777150268.617,ok
AZURE,presigned,isolated,1024,16,4,31.430034,32.5803,0.387975,0.028843,0.483058,0.097844,0,0,0.31,0.5,18.31,18.4,1183.94,7939.1,1777150274.354,1777150304.746,ok
AZURE,presigned,isolated,1024,16,5,31.81895,32.1821,0.370589,0.028486,0.488664,0.092636,0,0,0.34,0.7,18.3,18.3,1182.03,7939.1,1777150310.825,1777150341.249,ok
AZURE,presigned,isolated,1024,16,6,31.739013,32.2631,0.546573,0.029109,0.48814,0.099048,0,0,0.25,0.5,18.3,18.3,1181.8,7939.1,1777150347.68,1777150378.084,ok
AZURE,presigned,isolated,1024,16,7,31.521095,32.4862,0.448241,0.028376,0.482994,0.089936,0,0,0.36,1.0,18.25,18.3,1179.71,7939.1,1777150384.453,1777150414.842,ok
AZURE,presigned,isolated,1024,16,8,29.95413,34.1856,0.414641,0.030613,0.459651,0.092287,0,0,0.87,2.1,18.2,18.2,1177.3,7939.1,1777150421.01,1777150449.69,ok
AZURE,presigned,isolated,1024,16,9,30.637541,33.423,0.561195,0.026778,0.471314,0.094633,0,0,0.49,1.7,18.2,18.2,1173.91,7939.1,1777150455.996,1777150486.395,ok
AZURE,presigned,isolated,1024,16,10,33.877681,30.2264,0.357233,0.027731,0.521856,0.182728,0,0,0.28,0.7,18.2,18.2,1175.2,7939.1,1777150491.67,1777150524.098,ok
GCP,server,isolated,1024,16,1,56.76492,18.0393,0.0,0.0,0.0,0.0,0,0,10.59,69.6,18.78,19.1,1213.49,7939.1,1777150677.06,1777150743.991,ok
GCP,server,isolated,1024,16,2,58.955995,17.3689,0.0,0.0,0.0,0.0,0,0,10.43,69.8,18.6,19.0,1198.64,7939.1,1777150749.124,1777150816.041,ok
GCP,server,isolated,1024,16,3,60.525412,16.9185,0.0,0.0,0.0,0.0,0,0,9.75,69.1,18.05,18.6,1154.41,7939.1,1777150822.655,1777150891.671,ok
GCP,server,isolated,1024,16,4,60.445664,16.9408,0.0,0.0,0.0,0.0,0,0,8.7,68.3,18.0,18.2,1150.28,7939.1,1777150897.999,1777150966.968,ok
GCP,server,isolated,1024,16,5,54.32878,18.8482,0.0,0.0,0.0,0.0,0,0,9.31,68.8,18.27,18.6,1172.72,7939.1,1777150972.633,1777151035.526,ok
GCP,server,isolated,1024,16,6,56.816325,18.023,0.0,0.0,0.0,0.0,0,0,10.49,71.6,18.44,18.9,1186.42,7939.1,1777151041.828,1777151106.706,ok
GCP,server,isolated,1024,16,7,53.966883,18.9746,0.0,0.0,0.0,0.0,0,0,9.81,70.2,18.35,18.6,1179.62,7939.1,1777151112.817,1777151175.733,ok
GCP,server,isolated,1024,16,8,58.455791,17.5175,0.0,0.0,0.0,0.0,0,0,9.34,69.8,18.09,18.3,1159.42,7939.1,1777151181.856,1777151249.184,ok
GCP,server,isolated,1024,16,9,54.326042,18.8492,0.0,0.0,0.0,0.0,0,0,8.79,68.8,18.06,18.2,1157.37,7939.1,1777151255.167,1777151318.035,ok
GCP,server,isolated,1024,16,10,54.201663,18.8924,0.0,0.0,0.0,0.0,0,0,10.65,70.7,18.34,18.7,1177.76,7939.1,1777151323.932,1777151386.812,ok
GCP,presigned,isolated,1024,16,1,68.332836,14.9855,0.93989,0.428439,1.060935,0.143869,0,0,0.37,1.0,17.64,17.8,1132.7,7939.1,1777151543.857,1777151610.751,ok
GCP,presigned,isolated,1024,16,2,69.952664,14.6385,0.933119,0.292715,1.086797,0.151173,0,0,0.29,1.0,17.6,17.6,1127.67,7939.1,1777151617.484,1777151686.395,ok
GCP,presigned,isolated,1024,16,3,71.75814,14.2702,1.24056,0.182408,1.115035,0.136398,0,0,0.37,1.1,17.6,17.7,1125.94,7939.1,1777151692.626,1777151763.602,ok
GCP,presigned,isolated,1024,16,4,69.347552,14.7662,0.916179,0.132575,1.076915,0.149538,0,0,0.31,1.0,17.6,17.6,1125.38,7939.1,1777151769.524,1777151838.473,ok
GCP,presigned,isolated,1024,16,5,69.460702,14.7421,1.215003,0.416657,1.078699,0.158774,0,0,0.32,1.0,17.56,17.6,1124.51,7939.1,1777151844.296,1777151913.195,ok
GCP,presigned,isolated,1024,16,6,68.707616,14.9037,1.190905,0.489887,1.067006,0.149019,0,0,0.34,0.7,17.51,17.6,1123.31,7939.1,1777151919.252,1777151986.299,ok
GCP,presigned,isolated,1024,16,7,67.941893,15.0717,1.249472,0.427047,1.055487,0.143441,0,0,0.29,0.5,17.5,17.6,1122.52,7939.1,1777151993.395,1777152060.281,ok
GCP,presigned,isolated,1024,16,8,71.339642,14.3539,1.196772,0.440914,1.108645,0.137212,0,0,0.3,0.7,17.5,17.6,1123.52,7939.1,1777152066.782,1777152137.728,ok
GCP,presigned,isolated,1024,16,9,69.601745,14.7123,1.317799,0.429354,1.081695,0.145414,0,0,0.28,0.7,17.51,17.6,1123.09,7939.1,1777152143.558,1777152212.475,ok
GCP,presigned,isolated,1024,16,10,65.971927,15.5218,0.967026,0.188078,1.023982,0.150517,0,0,0.35,0.7,17.5,17.5,1121.44,7939.1,1777152218.354,1777152283.218,ok
AWS,server,isolated,1024,25,1,20.850256,49.1121,0.0,0.0,0.0,0.0,0,0,60.05,75.9,20.43,22.1,1345.11,7939.1,1777152356.874,1777152385.28,ok
AWS,server,isolated,1024,25,2,19.589195,52.2737,0.0,0.0,0.0,0.0,0,0,59.69,74.6,20.83,22.8,1377.21,7939.1,1777152392.316,1777152420.718,ok
AWS,server,isolated,1024,25,3,19.319986,53.0021,0.0,0.0,0.0,0.0,0,0,57.59,74.2,22.27,24.7,1491.57,7939.1,1777152425.913,1777152452.298,ok
AWS,server,isolated,1024,25,4,21.603358,47.4,0.0,0.0,0.0,0.0,0,0,62.54,78.8,24.05,25.2,1633.92,7939.1,1777152459.097,1777152489.554,ok
AWS,server,isolated,1024,25,5,19.392219,52.8047,0.0,0.0,0.0,0.0,0,0,58.43,72.2,24.14,25.9,1639.19,7939.1,1777152495.163,1777152523.576,ok
AWS,server,isolated,1024,25,6,19.736628,51.8832,0.0,0.0,0.0,0.0,0,0,57.9,72.1,24.01,25.5,1631.88,7939.1,1777152529.392,1777152557.787,ok
AWS,server,isolated,1024,25,7,19.203714,53.323,0.0,0.0,0.0,0.0,0,0,58.29,71.9,24.04,25.8,1632.65,7939.1,1777152564.004,1777152590.411,ok
AWS,server,isolated,1024,25,8,22.579755,45.3504,0.0,0.0,0.0,0.0,0,0,60.44,75.0,24.24,25.6,1648.59,7939.1,1777152597.345,1777152627.818,ok
AWS,server,isolated,1024,25,9,23.973786,42.7133,0.0,0.0,0.0,0.0,0,0,60.31,76.6,24.02,25.7,1631.22,7939.1,1777152634.769,1777152669.262,ok
AWS,server,isolated,1024,25,10,20.325786,50.3794,0.0,0.0,0.0,0.0,0,0,56.58,72.8,23.92,25.1,1621.58,7939.1,1777152674.72,1777152703.166,ok
AWS,presigned,isolated,1024,25,1,15.620127,65.5564,0.351028,0.160907,0.3661,0.191885,0,0,0.74,1.1,22.11,22.2,1489.11,7939.1,1777152744.631,1777152758.833,ok
AWS,presigned,isolated,1024,25,2,17.226488,59.4433,0.324625,0.156889,0.405723,0.293284,0,0,0.61,1.0,22.09,22.1,1487.22,7939.1,1777152765.422,1777152781.642,ok
AWS,presigned,isolated,1024,25,3,15.317291,66.8526,0.348666,0.08059,0.358188,0.116586,0,0,0.55,0.7,21.96,22.0,1476.5,7939.1,1777152787.735,1777152801.949,ok
AWS,presigned,isolated,1024,25,4,14.20732,72.0755,0.350056,0.165689,0.331148,0.022186,0,0,0.68,1.2,21.9,21.9,1472.72,7939.1,1777152808.223,1777152822.409,ok
AWS,presigned,isolated,1024,25,5,16.148918,63.4098,0.331598,0.085119,0.377709,0.242548,0,0,0.33,0.6,21.9,21.9,1472.8,7939.1,1777152827.536,1777152841.713,ok
AWS,presigned,isolated,1024,25,6,14.951716,68.4871,0.320418,0.155171,0.350084,0.101922,0,0,0.47,0.9,21.9,21.9,1472.9,7939.1,1777152848.845,1777152863.027,ok
AWS,presigned,isolated,1024,25,7,15.634774,65.495,0.332503,0.154962,0.366566,0.169918,0,0,0.62,1.6,21.91,22.0,1473.1,7939.1,1777152868.964,1777152883.145,ok
AWS,presigned,isolated,1024,25,8,16.803568,60.9394,0.302736,0.154081,0.395624,0.290592,0,0,0.67,1.6,21.87,21.9,1466.44,7939.1,1777152889.757,1777152905.966,ok
AWS,presigned,isolated,1024,25,9,22.383211,45.7486,0.355851,0.146216,0.519258,0.602092,0,0,0.57,1.8,21.91,22.0,1467.98,7939.1,1777152911.712,1777152934.025,ok
AWS,presigned,isolated,1024,25,10,15.356668,66.6811,0.346741,0.15925,0.349496,0.057506,0,0,0.53,1.3,21.8,21.8,1462.3,7939.1,1777152939.292,1777152953.496,ok
AZURE,server,isolated,1024,25,1,9.766983,104.843,0.0,0.0,0.0,0.0,0,0,32.57,72.5,22.34,22.4,1498.14,7939.1,1777153005.569,1777153023.823,ok
AZURE,server,isolated,1024,25,2,9.065964,112.9499,0.0,0.0,0.0,0.0,0,0,30.3,70.3,22.46,22.7,1507.57,7939.1,1777153029.732,1777153045.964,ok
AZURE,server,isolated,1024,25,3,8.835238,115.8995,0.0,0.0,0.0,0.0,0,0,32.74,69.7,22.5,22.8,1509.84,7939.1,1777153053.04,1777153069.266,ok
AZURE,server,isolated,1024,25,4,9.683709,105.7446,0.0,0.0,0.0,0.0,0,0,32.75,67.2,22.58,22.7,1516.79,7939.1,1777153076.123,1777153094.384,ok
AZURE,server,isolated,1024,25,5,9.139164,112.0453,0.0,0.0,0.0,0.0,0,0,37.09,71.3,22.68,22.9,1524.39,7939.1,1777153100.188,1777153116.413,ok
AZURE,server,isolated,1024,25,6,9.555668,107.1615,0.0,0.0,0.0,0.0,0,0,30.32,70.5,22.74,23.0,1528.78,7939.1,1777153123.42,1777153141.664,ok
AZURE,server,isolated,1024,25,7,9.934268,103.0775,0.0,0.0,0.0,0.0,0,0,30.54,72.5,22.82,22.9,1536.36,7939.1,1777153147.113,1777153165.37,ok
AZURE,server,isolated,1024,25,8,9.146823,111.9514,0.0,0.0,0.0,0.0,0,0,27.74,72.5,22.96,23.2,1547.87,7939.1,1777153170.764,1777153186.997,ok
AZURE,server,isolated,1024,25,9,9.734068,105.1975,0.0,0.0,0.0,0.0,0,0,31.0,71.5,22.97,23.3,1548.89,7939.1,1777153193.678,1777153211.932,ok
AZURE,server,isolated,1024,25,10,9.401121,108.9232,0.0,0.0,0.0,0.0,0,0,34.51,67.9,22.95,23.2,1547.46,7939.1,1777153217.4,1777153235.643,ok
AZURE,presigned,isolated,1024,25,1,30.440274,33.6396,0.700805,0.032573,0.727867,0.110653,0,0,0.35,0.9,23.0,23.0,1559.9,7939.1,1777153308.159,1777153338.543,ok
AZURE,presigned,isolated,1024,25,2,30.916137,33.1219,0.694971,0.028486,0.732913,0.13642,0,0,0.4,1.0,22.92,23.1,1548.42,7939.1,1777153343.63,1777153374.022,ok
AZURE,presigned,isolated,1024,25,3,31.196577,32.8241,0.748043,0.026263,0.75037,0.174094,0,0,0.36,0.6,22.77,22.8,1537.89,7939.1,1777153379.578,1777153409.978,ok
AZURE,presigned,isolated,1024,25,4,29.626036,34.5642,0.668401,0.029995,0.710549,0.110184,0,0,0.29,0.5,22.7,22.7,1534.36,7939.1,1777153415.818,1777153444.186,ok
AZURE,presigned,isolated,1024,25,5,29.70937,34.4672,0.689519,0.025915,0.714068,0.163453,0,0,0.32,0.5,22.7,22.7,1534.64,7939.1,1777153450.474,1777153478.856,ok
AZURE,presigned,isolated,1024,25,6,31.95165,32.0484,0.790306,0.02798,0.768823,0.197639,0,0,0.38,0.5,22.71,22.8,1534.47,7939.1,1777153485.217,1777153515.614,ok
AZURE,presigned,isolated,1024,25,7,30.400159,33.684,0.633322,0.025023,0.729624,0.143202,0,0,0.28,0.6,22.7,22.7,1533.95,7939.1,1777153522.2,1777153550.585,ok
AZURE,presigned,isolated,1024,25,8,29.786998,34.3774,0.667241,0.027026,0.712512,0.137845,0,0,0.37,0.7,22.7,22.7,1534.13,7939.1,1777153557.637,1777153586.029,ok
AZURE,presigned,isolated,1024,25,9,28.234819,36.2673,0.616435,0.028942,0.678017,0.098292,0,0,0.39,0.8,22.7,22.7,1533.84,7939.1,1777153592.46,1777153618.825,ok
AZURE,presigned,isolated,1024,25,10,27.660225,37.0207,0.599394,0.027299,0.66372,0.128784,0,0,0.3,0.4,22.7,22.7,1534.52,7939.1,1777153625.728,1777153652.072,ok
GCP,server,isolated,1024,25,1,44.332939,23.0979,0.0,0.0,0.0,0.0,0,0,10.13,68.1,23.31,23.7,1573.59,7939.1,1777153771.571,1777153824.304,ok
GCP,server,isolated,1024,25,2,43.655628,23.4563,0.0,0.0,0.0,0.0,0,0,10.68,65.1,23.03,23.3,1552.21,7939.1,1777153830.489,1777153883.225,ok
GCP,server,isolated,1024,25,3,43.356091,23.6184,0.0,0.0,0.0,0.0,0,0,12.05,65.3,23.0,23.2,1549.15,7939.1,1777153889.229,1777153939.923,ok
GCP,server,isolated,1024,25,4,43.152231,23.7299,0.0,0.0,0.0,0.0,0,0,12.67,72.3,23.25,23.6,1569.68,7939.1,1777153947.013,1777153997.72,ok
GCP,server,isolated,1024,25,5,41.380483,24.746,0.0,0.0,0.0,0.0,0,0,12.13,68.5,23.19,23.6,1563.07,7939.1,1777154004.511,1777154053.17,ok
GCP,server,isolated,1024,25,6,46.112529,22.2065,0.0,0.0,0.0,0.0,0,0,9.59,70.1,22.72,23.1,1526.14,7939.1,1777154060.074,1777154114.832,ok
GCP,server,isolated,1024,25,7,39.4676,25.9453,0.0,0.0,0.0,0.0,0,0,13.54,70.3,22.74,22.9,1527.56,7939.1,1777154120.448,1777154169.114,ok
GCP,server,isolated,1024,25,8,45.251895,22.6289,0.0,0.0,0.0,0.0,0,0,10.87,70.4,22.8,23.0,1532.46,7939.1,1777154175.654,1777154228.398,ok
GCP,server,isolated,1024,25,9,38.347305,26.7033,0.0,0.0,0.0,0.0,0,0,13.47,70.6,22.77,22.9,1530.64,7939.1,1777154235.36,1777154281.983,ok
GCP,server,isolated,1024,25,10,45.801122,22.3575,0.0,0.0,0.0,0.0,0,0,10.74,70.1,22.8,23.0,1532.25,7939.1,1777154288.529,1777154343.252,ok
GCP,presigned,isolated,1024,25,1,50.511084,20.2728,1.383474,0.122803,1.221345,0.154675,0,0,0.28,0.5,22.5,22.5,1513.9,7939.1,1777154460.657,1777154509.357,ok
GCP,presigned,isolated,1024,25,2,51.222246,19.9913,1.205711,0.258448,1.236211,0.153692,0,0,0.36,0.7,22.5,22.5,1513.74,7939.1,1777154516.487,1777154567.206,ok
GCP,presigned,isolated,1024,25,3,49.638662,20.6291,1.049549,0.428089,1.201355,0.139499,0,0,0.3,0.7,22.44,22.5,1508.94,7939.1,1777154573.134,1777154621.826,ok
GCP,presigned,isolated,1024,25,4,49.308567,20.7672,1.33711,0.208658,1.19236,0.150076,0,0,0.26,0.6,22.4,22.4,1506.2,7939.1,1777154627.994,1777154676.63,ok
GCP,presigned,isolated,1024,25,5,48.238874,21.2277,1.41797,0.124803,1.167825,0.147739,0,0,0.3,0.5,22.39,22.4,1505.35,7939.1,1777154682.437,1777154729.067,ok
GCP,presigned,isolated,1024,25,6,50.928052,20.1068,1.053546,0.125066,1.231154,0.141387,0,0,0.25,0.5,22.3,22.3,1500.24,7939.1,1777154735.816,1777154786.465,ok
GCP,presigned,isolated,1024,25,7,51.429237,19.9109,1.389902,0.517118,1.244997,0.153663,0,0,0.34,1.0,22.2,22.2,1493.35,7939.1,1777154792.272,1777154842.94,ok
GCP,presigned,isolated,1024,25,8,50.316659,20.3511,1.343939,0.415838,1.216337,0.143213,0,0,0.28,1.0,22.2,22.2,1490.56,7939.1,1777154849.128,1777154897.863,ok
GCP,presigned,isolated,1024,25,9,48.949402,20.9196,1.110199,0.228273,1.18238,0.13819,0,0,0.3,0.8,22.2,22.2,1489.3,7939.1,1777154904.707,1777154953.334,ok
GCP,presigned,isolated,1024,25,10,51.314492,19.9554,1.045212,0.489777,1.23951,0.152998,0,0,0.36,1.5,22.17,22.2,1487.02,7939.1,1777154959.148,1777155009.813,ok
AWS,server,isolated,1024,50,1,18.332911,55.8558,0.0,0.0,0.0,0.0,0,0,58.51,74.4,27.55,31.0,1910.66,7939.1,1777155079.911,1777155106.28,ok
AWS,server,isolated,1024,50,2,17.955809,57.0289,0.0,0.0,0.0,0.0,0,0,58.92,74.8,27.66,31.2,1918.44,7939.1,1777155112.696,1777155139.064,ok
AWS,server,isolated,1024,50,3,18.031877,56.7883,0.0,0.0,0.0,0.0,0,0,59.04,76.4,27.56,30.9,1911.97,7939.1,1777155145.189,1777155171.564,ok
AWS,server,isolated,1024,50,4,18.444861,55.5168,0.0,0.0,0.0,0.0,0,0,57.97,73.5,27.37,30.6,1896.71,7939.1,1777155177.748,1777155204.132,ok
AWS,server,isolated,1024,50,5,18.025717,56.8077,0.0,0.0,0.0,0.0,0,0,60.49,75.1,26.88,29.5,1857.94,7939.1,1777155210.786,1777155237.17,ok
AWS,server,isolated,1024,50,6,18.53932,55.234,0.0,0.0,0.0,0.0,0,0,59.56,77.0,27.06,30.3,1872.37,7939.1,1777155243.223,1777155269.633,ok
AWS,server,isolated,1024,50,7,19.718562,51.9308,0.0,0.0,0.0,0.0,0,0,58.01,75.3,27.29,30.8,1890.56,7939.1,1777155276.218,1777155304.641,ok
AWS,server,isolated,1024,50,8,18.962446,54.0015,0.0,0.0,0.0,0.0,0,0,58.05,73.5,26.69,30.1,1842.91,7939.1,1777155310.828,1777155339.245,ok
AWS,server,isolated,1024,50,9,21.203863,48.2931,0.0,0.0,0.0,0.0,0,0,61.67,86.4,27.54,30.8,1910.19,7939.1,1777155344.389,1777155372.906,ok
AWS,server,isolated,1024,50,10,18.805672,54.4517,0.0,0.0,0.0,0.0,0,0,60.93,72.7,27.18,31.6,1881.69,7939.1,1777155379.732,1777155408.147,ok
AWS,presigned,isolated,1024,50,1,12.725933,80.4656,0.545574,0.151823,0.552474,0.043411,0,0,0.81,1.9,22.7,22.7,1531.7,7939.1,1777155444.315,1777155456.504,ok
AWS,presigned,isolated,1024,50,2,14.066966,72.7947,0.55739,0.068616,0.613876,0.249338,0,0,0.5,0.6,22.7,22.7,1531.79,7939.1,1777155462.116,1777155474.285,ok
AWS,presigned,isolated,1024,50,3,12.57235,81.4486,0.546569,0.152079,0.547631,0.058042,0,0,0.59,1.1,22.7,22.7,1531.8,7939.1,1777155481.344,1777155493.509,ok
AWS,presigned,isolated,1024,50,4,12.837888,79.7639,0.558866,0.139001,0.559039,0.036176,0,0,0.64,1.3,22.7,22.7,1531.71,7939.1,1777155499.064,1777155511.261,ok
AWS,presigned,isolated,1024,50,5,12.629941,81.0772,0.530466,0.157229,0.549331,0.043884,0,0,0.56,0.9,22.7,22.7,1531.7,7939.1,1777155517.066,1777155529.233,ok
AWS,presigned,isolated,1024,50,6,12.643496,80.9903,0.55227,0.149733,0.551031,0.055085,0,0,0.64,1.0,22.7,22.7,1532.17,7939.1,1777155534.852,1777155547.037,ok
AWS,presigned,isolated,1024,50,7,14.169922,72.2657,0.584917,0.145896,0.61938,0.184541,0,0,0.63,1.2,22.64,22.7,1528.44,7939.1,1777155552.651,1777155564.829,ok
AWS,presigned,isolated,1024,50,8,12.981133,78.8837,0.549395,0.146671,0.552295,0.065371,0,0,0.63,1.1,22.6,22.6,1525.5,7939.1,1777155571.971,1777155584.244,ok
AWS,presigned,isolated,1024,50,9,14.078577,72.7346,0.554533,0.14592,0.598116,0.181456,0,0,0.5,1.1,22.6,22.6,1525.5,7939.1,1777155590.125,1777155602.29,ok
AWS,presigned,isolated,1024,50,10,13.64551,75.043,0.55882,0.149226,0.59714,0.143568,0,0,0.53,1.0,22.6,22.6,1525.5,7939.1,1777155609.353,1777155621.522,ok
AZURE,server,isolated,1024,50,1,9.205434,111.2386,0.0,0.0,0.0,0.0,0,0,36.17,71.3,23.11,25.8,1558.52,7939.1,1777155671.161,1777155689.441,ok
AZURE,server,isolated,1024,50,2,9.320035,109.8708,0.0,0.0,0.0,0.0,0,0,29.92,69.5,22.92,23.1,1542.16,7939.1,1777155694.837,1777155711.073,ok
AZURE,server,isolated,1024,50,3,9.272184,110.4378,0.0,0.0,0.0,0.0,0,0,34.5,68.3,22.91,23.1,1543.91,7939.1,1777155718.128,1777155736.409,ok
AZURE,server,isolated,1024,50,4,8.977485,114.0631,0.0,0.0,0.0,0.0,0,0,33.27,68.8,22.9,23.1,1542.43,7939.1,1777155742.479,1777155760.74,ok
AZURE,server,isolated,1024,50,5,8.965008,114.2219,0.0,0.0,0.0,0.0,0,0,29.9,70.5,22.93,23.2,1543.16,7939.1,1777155766.799,1777155785.064,ok
AZURE,server,isolated,1024,50,6,8.776175,116.6795,0.0,0.0,0.0,0.0,0,0,36.04,69.9,22.93,23.2,1544.84,7939.1,1777155790.407,1777155806.649,ok
AZURE,server,isolated,1024,50,7,9.145165,111.9717,0.0,0.0,0.0,0.0,0,0,30.17,68.0,22.91,23.2,1543.81,7939.1,1777155813.669,1777155831.923,ok
AZURE,server,isolated,1024,50,8,8.795895,116.4179,0.0,0.0,0.0,0.0,0,0,31.06,70.7,23.17,25.8,1563.94,7939.1,1777155837.057,1777155855.319,ok
AZURE,server,isolated,1024,50,9,8.904883,114.9931,0.0,0.0,0.0,0.0,0,0,33.84,70.4,22.94,23.2,1545.68,7939.1,1777155860.485,1777155876.729,ok
AZURE,server,isolated,1024,50,10,9.572764,106.9701,0.0,0.0,0.0,0.0,0,0,28.82,68.5,22.92,23.0,1543.58,7939.1,1777155883.35,1777155901.614,ok
AZURE,presigned,isolated,1024,50,1,27.197066,37.6511,1.288385,0.02738,1.249488,0.200969,0,0,0.29,0.5,23.01,23.1,1559.73,7939.1,1777155967.812,1777155994.153,ok
AZURE,presigned,isolated,1024,50,2,27.644028,37.0424,1.395077,0.02809,1.271243,0.211361,0,0,0.32,1.2,23.0,23.0,1559.15,7939.1,1777156000.044,1777156026.399,ok
AZURE,presigned,isolated,1024,50,3,27.058654,37.8437,1.451977,0.028136,1.241159,0.193395,0,0,0.28,0.5,23.0,23.0,1559.35,7939.1,1777156032.726,1777156059.096,ok
AZURE,presigned,isolated,1024,50,4,28.408567,36.0455,1.17137,0.028556,1.306225,0.213859,0,0,0.19,0.3,23.0,23.0,1559.3,7939.1,1777156064.818,1777156091.188,ok
AZURE,presigned,isolated,1024,50,5,27.595999,37.1068,1.066868,0.027454,1.268911,0.21299,0,0,0.38,0.5,22.94,23.0,1554.5,7939.1,1777156098.261,1777156124.609,ok
AZURE,presigned,isolated,1024,50,6,26.223773,39.0485,1.336347,0.03166,1.203304,0.204041,0,0,0.26,0.4,23.0,23.0,1552.08,7939.1,1777156130.901,1777156155.229,ok
AZURE,presigned,isolated,1024,50,7,27.143876,37.7249,1.274011,0.02688,1.247802,0.25519,0,0,0.31,0.5,23.0,23.0,1552.05,7939.1,1777156162.153,1777156188.478,ok
AZURE,presigned,isolated,1024,50,8,28.327267,36.1489,1.097663,0.026801,1.299755,0.227078,0,0,0.41,0.6,23.0,23.0,1552.1,7939.1,1777156194.33,1777156220.764,ok
AZURE,presigned,isolated,1024,50,9,25.761088,39.7499,1.244893,0.034241,1.175874,0.19177,0,0,0.36,0.5,22.97,23.0,1550.48,7939.1,1777156227.7,1777156252.038,ok
AZURE,presigned,isolated,1024,50,10,27.952931,36.633,1.465387,0.028391,1.278767,0.212641,0,0,0.31,0.5,22.9,22.9,1546.49,7939.1,1777156258.5,1777156284.849,ok
GCP,server,isolated,1024,50,1,33.234781,30.8111,0.0,0.0,0.0,0.0,0,0,13.85,70.4,23.96,24.4,1624.65,7939.1,1777156380.95,1777156421.532,ok
GCP,server,isolated,1024,50,2,32.977773,31.0512,0.0,0.0,0.0,0.0,0,0,13.73,69.7,24.32,25.2,1653.43,7939.1,1777156428.551,1777156469.105,ok
GCP,server,isolated,1024,50,3,33.162158,30.8786,0.0,0.0,0.0,0.0,0,0,15.04,67.7,24.37,33.7,1656.01,7939.1,1777156475.562,1777156516.115,ok
GCP,server,isolated,1024,50,4,33.521109,30.5479,0.0,0.0,0.0,0.0,0,0,21.61,70.5,30.08,78.3,2112.52,7939.1,1777156522.86,1777156569.517,ok
GCP,server,isolated,1024,50,5,32.970528,31.058,0.0,0.0,0.0,0.0,0,0,16.18,71.2,24.14,24.6,1639.4,7939.1,1777156575.474,1777156616.036,ok
GCP,server,isolated,1024,50,6,32.968869,31.0596,0.0,0.0,0.0,0.0,0,0,16.14,69.7,24.4,25.1,1659.6,7939.1,1777156623.088,1777156665.675,ok
GCP,server,isolated,1024,50,7,31.513797,32.4937,0.0,0.0,0.0,0.0,0,0,13.47,68.8,24.37,25.4,1657.42,7939.1,1777156671.051,1777156709.606,ok
GCP,server,isolated,1024,50,8,31.599312,32.4058,0.0,0.0,0.0,0.0,0,0,13.7,66.8,24.24,24.6,1647.52,7939.1,1777156716.726,1777156757.307,ok
GCP,server,isolated,1024,50,9,32.803719,31.216,0.0,0.0,0.0,0.0,0,0,13.82,71.5,24.27,25.1,1650.09,7939.1,1777156762.576,1777156803.114,ok
GCP,server,isolated,1024,50,10,31.379698,32.6326,0.0,0.0,0.0,0.0,0,0,16.83,68.8,24.33,24.8,1654.6,7939.1,1777156809.714,1777156850.258,ok
GCP,presigned,isolated,1024,50,1,35.343181,28.9731,1.785387,0.119878,1.647236,0.163004,0,0,0.53,2.3,20.32,20.4,1341.69,7939.1,1777156931.948,1777156966.399,ok
GCP,presigned,isolated,1024,50,2,35.874006,28.5443,1.532415,0.124145,1.672188,0.120978,0,0,0.68,1.7,20.3,20.3,1340.27,7939.1,1777156972.421,1777157006.905,ok
GCP,presigned,isolated,1024,50,3,35.863488,28.5527,1.564375,0.135231,1.640749,0.145813,0,0,0.89,2.0,20.29,20.3,1341.08,7939.1,1777157013.44,1777157047.962,ok
GCP,presigned,isolated,1024,50,4,36.31012,28.2015,2.089118,0.682923,1.682689,0.165367,0,0,0.43,1.0,20.31,20.4,1344.37,7939.1,1777157055.006,1777157089.467,ok
GCP,presigned,isolated,1024,50,5,35.454955,28.8817,1.639856,0.129759,1.652654,0.200358,0,0,0.23,0.5,20.3,20.3,1343.9,7939.1,1777157096.448,1777157130.904,ok
GCP,presigned,isolated,1024,50,6,35.853314,28.5608,1.732619,0.501433,1.669475,0.170437,0,0,0.57,1.7,20.3,20.3,1344.38,7939.1,1777157137.407,1777157171.895,ok
GCP,presigned,isolated,1024,50,7,34.819059,29.4092,1.575071,0.237817,1.622437,0.202766,0,0,0.41,1.1,20.3,20.3,1344.45,7939.1,1777157178.504,1777157213.015,ok
GCP,presigned,isolated,1024,50,8,33.205286,30.8385,1.505543,0.435956,1.544932,0.150759,0,0,0.34,0.7,20.31,20.4,1344.99,7939.1,1777157218.767,1777157251.211,ok
GCP,presigned,isolated,1024,50,9,35.781719,28.618,1.413245,0.431804,1.666248,0.144763,0,0,0.69,1.6,20.34,20.4,1347.72,7939.1,1777157257.407,1777157291.862,ok
GCP,presigned,isolated,1024,50,10,35.589349,28.7727,1.807622,0.521025,1.658897,0.17538,0,0,0.51,1.8,20.3,20.3,1344.53,7939.1,1777157298.717,1777157333.173,ok
AWS,server,isolated,1024,100,1,19.402119,52.7777,0.0,0.0,0.0,0.0,0,0,58.64,79.5,28.31,34.5,1970.74,7939.1,1777157399.068,1777157427.476,ok
AWS,server,isolated,1024,100,2,19.051323,53.7495,0.0,0.0,0.0,0.0,0,0,57.88,80.9,28.43,33.6,1980.55,7939.1,1777157432.656,1777157459.043,ok
AWS,server,isolated,1024,100,3,17.095108,59.9002,0.0,0.0,0.0,0.0,0,0,62.82,100.0,25.13,30.1,1718.7,7939.1,1777157466.05,1777157491.816,ok
AWS,server,isolated,1024,100,4,17.6283,58.0884,0.0,0.0,0.0,0.0,0,0,59.7,81.5,25.48,31.6,1746.71,7939.1,1777157497.733,1777157522.094,ok
AWS,server,isolated,1024,100,5,18.023015,56.8162,0.0,0.0,0.0,0.0,0,0,61.24,81.0,25.86,31.4,1777.26,7939.1,1777157529.192,1777157555.571,ok
AWS,server,isolated,1024,100,6,17.528372,58.4196,0.0,0.0,0.0,0.0,0,0,61.62,78.6,24.96,31.1,1705.69,7939.1,1777157561.319,1777157587.718,ok
AWS,server,isolated,1024,100,7,19.379401,52.8396,0.0,0.0,0.0,0.0,0,0,59.18,74.9,25.47,31.1,1744.68,7939.1,1777157592.993,1777157621.381,ok
AWS,server,isolated,1024,100,8,19.242362,53.2159,0.0,0.0,0.0,0.0,0,0,58.55,75.8,25.54,30.3,1752.46,7939.1,1777157626.96,1777157653.362,ok
AWS,server,isolated,1024,100,9,19.34171,52.9426,0.0,0.0,0.0,0.0,0,0,57.97,76.3,25.17,31.1,1721.23,7939.1,1777157660.241,1777157688.646,ok
AWS,server,isolated,1024,100,10,19.283734,53.1017,0.0,0.0,0.0,0.0,0,0,63.59,100.0,23.54,30.4,1591.42,7939.1,1777157693.788,1777157721.661,ok
AWS,presigned,isolated,1024,100,1,12.387435,82.6644,1.014886,0.139868,1.026335,0.332791,0,0,0.66,1.2,14.44,14.5,875.44,7939.1,1777157756.441,1777157768.613,ok
AWS,presigned,isolated,1024,100,2,11.570903,88.4978,1.078343,0.148743,0.953699,0.217031,0,0,0.75,1.3,14.3,14.3,864.7,7939.1,1777157773.984,1777157784.117,ok
AWS,presigned,isolated,1024,100,3,11.383356,89.9559,1.011292,0.071858,0.939709,0.21271,0,0,0.52,1.0,14.3,14.3,864.62,7939.1,1777157790.629,1777157800.754,ok
AWS,presigned,isolated,1024,100,4,11.723922,87.3428,1.123282,0.060502,0.970919,0.214511,0,0,0.5,0.9,14.3,14.3,864.6,7939.1,1777157807.083,1777157817.228,ok
AWS,presigned,isolated,1024,100,5,12.329877,83.0503,1.023644,0.148893,1.026033,0.345555,0,0,0.66,1.0,14.3,14.3,864.6,7939.1,1777157823.967,1777157836.123,ok
AWS,presigned,isolated,1024,100,6,11.41086,89.7391,1.049336,0.134247,0.942487,0.20663,0,0,0.58,1.3,14.3,14.3,864.6,7939.1,1777157841.435,1777157851.567,ok
AWS,presigned,isolated,1024,100,7,11.610432,88.1965,1.02203,0.135669,0.957031,0.209141,0,0,2.98,7.0,11.47,14.3,640.38,7939.1,1777157857.99,1777157868.124,ok
AWS,presigned,isolated,1024,100,8,11.531735,88.7984,1.011073,0.132514,0.95241,0.216429,0,0,10.63,51.0,11.23,11.3,624.03,7939.1,1777157874.738,1777157885.679,ok
AWS,presigned,isolated,1024,100,9,11.94937,85.6949,1.048934,0.139324,0.990002,0.269729,0,0,0.75,2.0,11.3,11.3,629.9,7939.1,1777157891.42,1777157901.549,ok
AWS,presigned,isolated,1024,100,10,11.519044,88.8963,1.036591,0.137807,0.955036,0.20299,0,0,0.6,1.3,11.3,11.3,624.7,7939.1,1777157908.512,1777157918.653,ok
AZURE,server,isolated,1024,100,1,8.873255,115.403,0.0,0.0,0.0,0.0,0,0,32.87,71.0,12.03,14.5,678.94,7939.1,1777157966.6,1777157982.833,ok
AZURE,server,isolated,1024,100,2,9.80293,104.4586,0.0,0.0,0.0,0.0,0,0,30.48,69.3,12.14,15.3,688.43,7939.1,1777157989.403,1777158007.66,ok
AZURE,server,isolated,1024,100,3,8.921996,114.7725,0.0,0.0,0.0,0.0,0,0,37.14,70.1,11.97,12.0,675.93,7939.1,1777158013.184,1777158031.523,ok
AZURE,server,isolated,1024,100,4,9.172699,111.6356,0.0,0.0,0.0,0.0,0,0,30.33,67.9,12.14,13.1,687.4,7939.1,1777158037.486,1777158055.748,ok
AZURE,server,isolated,1024,100,5,9.137093,112.0707,0.0,0.0,0.0,0.0,0,0,32.67,69.2,12.33,15.1,703.66,7939.1,1777158060.881,1777158079.129,ok
AZURE,server,isolated,1024,100,6,9.493568,107.8625,0.0,0.0,0.0,0.0,0,0,31.4,68.7,12.17,12.3,691.02,7939.1,1777158084.289,1777158102.549,ok
AZURE,server,isolated,1024,100,7,9.601888,106.6457,0.0,0.0,0.0,0.0,0,0,30.77,69.0,12.84,15.1,745.22,7939.1,1777158107.926,1777158126.191,ok
AZURE,server,isolated,1024,100,8,9.871439,103.7336,0.0,0.0,0.0,0.0,0,0,30.95,68.8,12.63,15.1,727.76,7939.1,1777158131.759,1777158150.038,ok
AZURE,server,isolated,1024,100,9,10.102577,101.3603,0.0,0.0,0.0,0.0,0,0,28.11,70.0,12.84,15.6,743.81,7939.1,1777158156.215,1777158174.469,ok
AZURE,server,isolated,1024,100,10,10.057949,101.81,0.0,0.0,0.0,0.0,0,0,31.53,67.7,12.26,12.4,697.32,7939.1,1777158180.252,1777158198.507,ok
AZURE,presigned,isolated,1024,100,1,27.754459,36.895,2.934917,0.028392,2.43415,0.674837,0,0,4.04,21.6,16.96,47.7,1075.41,7939.1,1777158266.783,1777158293.148,ok
AZURE,presigned,isolated,1024,100,2,28.702003,35.677,2.554541,0.030457,2.526202,0.685016,0,0,5.07,25.3,13.85,16.6,828.29,7939.1,1777158299.579,1777158327.961,ok
AZURE,presigned,isolated,1024,100,3,29.823042,34.3359,2.46655,0.026957,2.609398,0.759501,0,0,1.29,2.0,12.0,12.0,682.18,7939.1,1777158333.315,1777158361.959,ok
AZURE,presigned,isolated,1024,100,4,26.189924,39.099,2.405243,0.029755,2.272874,0.650377,0,0,1.08,1.4,12.0,12.0,681.4,7939.1,1777158368.193,1777158392.522,ok
AZURE,presigned,isolated,1024,100,5,26.445306,38.7214,3.336054,0.02714,2.319343,0.62349,0,0,0.34,0.7,12.0,12.0,680.8,7939.1,1777158399.407,1777158425.753,ok
AZURE,presigned,isolated,1024,100,6,26.650561,38.4232,2.195334,0.028717,2.340743,0.651186,0,0,0.34,1.0,12.01,12.1,681.21,7939.1,1777158430.89,1777158457.236,ok
AZURE,presigned,isolated,1024,100,7,26.281483,38.9628,3.108154,0.027248,2.302058,0.65417,0,0,0.33,0.8,12.1,12.1,687.81,7939.1,1777158462.577,1777158486.92,ok
AZURE,presigned,isolated,1024,100,8,25.861727,39.5952,2.127234,0.028135,2.270091,0.594072,0,0,0.28,0.5,12.1,12.1,687.8,7939.1,1777158493.893,1777158518.217,ok
AZURE,presigned,isolated,1024,100,9,24.561761,41.6908,2.433827,0.035816,2.150264,0.535756,0,0,0.25,0.5,12.1,12.1,687.78,7939.1,1777158524.799,1777158549.11,ok
AZURE,presigned,isolated,1024,100,10,25.533988,40.1034,2.276861,0.028279,2.237271,0.560581,0,0,0.28,0.5,12.1,12.1,687.7,7939.1,1777158554.397,1777158578.722,ok
GCP,server,isolated,1024,100,1,25.787558,39.7091,0.0,0.0,0.0,0.0,0,0,18.71,73.3,14.12,15.5,843.81,7939.1,1777158665.948,1777158700.402,ok
GCP,server,isolated,1024,100,2,26.155038,39.1512,0.0,0.0,0.0,0.0,0,0,17.92,69.0,13.81,14.6,818.4,7939.1,1777158705.787,1777158740.28,ok
GCP,server,isolated,1024,100,3,25.786784,39.7103,0.0,0.0,0.0,0.0,0,0,18.51,69.5,13.73,14.6,812.87,7939.1,1777158746.313,1777158780.791,ok
GCP,server,isolated,1024,100,4,25.388449,40.3333,0.0,0.0,0.0,0.0,0,0,20.16,67.1,13.76,14.8,815.99,7939.1,1777158786.918,1777158821.391,ok
GCP,server,isolated,1024,100,5,27.18544,37.6672,0.0,0.0,0.0,0.0,0,0,17.89,70.6,14.18,15.6,849.02,7939.1,1777158828.029,1777158864.536,ok
GCP,server,isolated,1024,100,6,25.72899,39.7995,0.0,0.0,0.0,0.0,0,0,17.65,70.0,13.93,14.7,827.47,7939.1,1777158869.784,1777158904.265,ok
GCP,server,isolated,1024,100,7,26.223805,39.0485,0.0,0.0,0.0,0.0,0,0,16.17,70.0,14.82,16.8,898.93,7939.1,1777158909.704,1777158944.218,ok
GCP,server,isolated,1024,100,8,25.095434,40.8042,0.0,0.0,0.0,0.0,0,0,18.15,69.8,14.09,15.0,841.72,7939.1,1777158950.653,1777158983.125,ok
GCP,server,isolated,1024,100,9,25.61541,39.9759,0.0,0.0,0.0,0.0,0,0,16.88,72.6,14.39,15.7,864.63,7939.1,1777158989.873,1777159024.375,ok
GCP,server,isolated,1024,100,10,26.359346,38.8477,0.0,0.0,0.0,0.0,0,0,15.69,68.2,14.21,15.2,851.07,7939.1,1777159029.683,1777159064.166,ok
GCP,presigned,isolated,1024,100,1,26.32087,38.9045,2.486748,0.423514,2.323805,0.372986,0,0,0.29,0.5,12.36,12.4,713.52,7939.1,1777159131.312,1777159155.641,ok
GCP,presigned,isolated,1024,100,2,27.979715,36.5979,2.662016,0.403743,2.474538,0.397653,0,0,0.31,0.5,12.2,12.2,701.72,7939.1,1777159163.044,1777159189.391,ok
GCP,presigned,isolated,1024,100,3,26.803861,38.2035,2.66195,0.123445,2.367933,0.380974,0,0,0.25,0.6,12.2,12.2,701.7,7939.1,1777159196.149,1777159222.512,ok
GCP,presigned,isolated,1024,100,4,27.308648,37.4973,2.256592,0.472633,2.415942,0.313242,0,0,0.33,0.8,12.2,12.2,701.69,7939.1,1777159228.433,1777159254.789,ok
GCP,presigned,isolated,1024,100,5,27.570859,37.1407,2.472147,0.152189,2.435664,0.285718,0,0,0.37,1.2,12.17,12.2,697.69,7939.1,1777159260.903,1777159287.276,ok
GCP,presigned,isolated,1024,100,6,26.702188,38.3489,2.502334,0.136584,2.352651,0.377693,0,0,0.27,0.5,12.0,12.0,682.01,7939.1,1777159293.615,1777159320.022,ok
GCP,presigned,isolated,1024,100,7,28.668513,35.7186,2.566949,0.132451,2.401813,0.306382,0,0,0.26,0.4,12.0,12.0,681.91,7939.1,1777159325.463,1777159354.048,ok
GCP,presigned,isolated,1024,100,8,26.887408,38.0847,2.364614,0.490877,2.354208,0.3789,0,0,0.39,0.7,12.0,12.0,681.8,7939.1,1777159359.636,1777159386.035,ok
GCP,presigned,isolated,1024,100,9,26.192824,39.0947,2.315748,0.132658,2.30679,0.281562,0,0,0.24,0.4,12.0,12.0,681.8,7939.1,1777159391.664,1777159416.031,ok
GCP,presigned,isolated,1024,100,10,26.137281,39.1778,2.66836,0.128901,2.29989,0.388245,0,0,0.36,0.7,11.99,12.0,679.06,7939.1,1777159422.991,1777159447.313,ok
AWS,server,isolated,2048,5,1,40.506589,50.5597,0.0,0.0,0.0,0.0,0,0,62.11,73.2,14.11,14.5,830.44,7939.1,1777171142.301,1777171201.047,ok
AWS,server,isolated,2048,5,2,42.040748,48.7146,0.0,0.0,0.0,0.0,0,0,60.32,71.7,14.22,14.7,840.19,7939.1,1777171206.281,1777171264.978,ok
AWS,server,isolated,2048,5,3,41.146966,49.7728,0.0,0.0,0.0,0.0,0,0,61.45,70.7,14.07,14.4,829.22,7939.1,1777171271.689,1777171332.665,ok
AWS,server,isolated,2048,5,4,41.482833,49.3698,0.0,0.0,0.0,0.0,0,0,62.95,72.4,14.36,15.4,852.53,7939.1,1777171337.882,1777171396.774,ok
AWS,server,isolated,2048,5,5,41.022105,49.9243,0.0,0.0,0.0,0.0,0,0,62.95,72.4,14.48,15.0,860.91,7939.1,1777171403.542,1777171462.438,ok
AWS,server,isolated,2048,5,6,41.407047,49.4602,0.0,0.0,0.0,0.0,0,0,61.51,74.9,14.87,16.0,892.24,7939.1,1777171467.746,1777171526.839,ok
AWS,server,isolated,2048,5,7,39.711185,51.5724,0.0,0.0,0.0,0.0,0,0,62.2,73.2,14.8,15.7,888.05,7939.1,1777171533.113,1777171590.209,ok
AWS,server,isolated,2048,5,8,46.021686,44.5008,0.0,0.0,0.0,0.0,0,0,65.46,80.2,20.7,59.3,1354.39,7939.1,1777171597.413,1777171660.681,ok
AWS,server,isolated,2048,5,9,39.261604,52.1629,0.0,0.0,0.0,0.0,0,0,59.76,78.1,15.31,18.5,929.13,7939.1,1777171667.58,1777171731.926,ok
AWS,server,isolated,2048,5,10,39.509563,51.8356,0.0,0.0,0.0,0.0,0,0,61.86,71.5,14.66,15.0,877.19,7939.1,1777171738.359,1777171795.442,ok
AWS,presigned,isolated,2048,5,1,60.174558,34.0343,0.156048,0.294904,0.140732,0.020894,0,0,0.46,2.6,13.8,13.8,824.82,7939.1,1777171930.636,1777171989.536,ok
AWS,presigned,isolated,2048,5,2,58.261872,35.1516,0.168668,0.350466,0.138156,0.027764,0,0,0.76,3.6,13.8,13.8,825.01,7939.1,1777171996.167,1777172053.158,ok
AWS,presigned,isolated,2048,5,3,59.680637,34.316,0.152974,0.303439,0.141514,0.055969,0,0,0.54,2.4,13.8,13.8,825.31,7939.1,1777172059.741,1777172118.61,ok
AWS,presigned,isolated,2048,5,4,58.771419,34.8469,0.15976,0.366767,0.139471,0.026086,0,0,0.52,2.7,13.8,13.8,827.99,7939.1,1777172124.798,1777172181.63,ok
AWS,presigned,isolated,2048,5,5,65.714689,31.165,0.191935,0.297656,0.155966,0.090099,0,0,0.43,1.8,13.83,13.9,828.52,7939.1,1777172188.879,1777172253.999,ok
AWS,presigned,isolated,2048,5,6,64.019455,31.9903,0.131941,0.341563,0.152188,0.084379,0,0,6.2,31.2,23.44,79.6,1589.86,7939.1,1777172259.941,1777172322.878,ok
AWS,presigned,isolated,2048,5,7,58.728779,34.8722,0.168666,0.352301,0.139345,0.050395,0,0,0.53,2.5,14.19,14.7,855.56,7939.1,1777172329.322,1777172386.137,ok
AWS,presigned,isolated,2048,5,8,60.302335,33.9622,0.196086,0.290836,0.143063,0.039652,0,0,0.45,2.0,14.1,14.1,850.53,7939.1,1777172393.348,1777172452.191,ok
AWS,presigned,isolated,2048,5,9,63.828328,32.0861,0.135445,0.352243,0.15186,0.073506,0,0,0.4,1.5,14.03,14.1,845.63,7939.1,1777172459.013,1777172521.918,ok
AWS,presigned,isolated,2048,5,10,59.644967,34.3365,0.131933,0.386256,0.141414,0.02691,0,0,0.5,2.7,14.0,14.0,842.94,7939.1,1777172528.238,1777172587.064,ok
AZURE,server,isolated,2048,5,1,18.788067,109.0054,0.0,0.0,0.0,0.0,0,0,35.53,70.3,14.39,14.6,856.66,7939.1,1777172687.398,1777172723.894,ok
AZURE,server,isolated,2048,5,2,19.89101,102.9611,0.0,0.0,0.0,0.0,0,0,33.14,68.3,14.39,14.7,856.16,7939.1,1777172731.067,1777172769.47,ok
AZURE,server,isolated,2048,5,3,18.62167,109.9794,0.0,0.0,0.0,0.0,0,0,38.18,71.2,14.39,14.6,858.11,7939.1,1777172774.913,1777172813.326,ok
AZURE,server,isolated,2048,5,4,18.602263,110.0941,0.0,0.0,0.0,0.0,0,0,37.26,73.2,14.45,14.7,862.74,7939.1,1777172819.384,1777172855.993,ok
AZURE,server,isolated,2048,5,5,18.512299,110.6292,0.0,0.0,0.0,0.0,0,0,32.76,71.7,14.4,14.7,860.13,7939.1,1777172863.05,1777172904.84,ok
AZURE,server,isolated,2048,5,6,17.269153,118.593,0.0,0.0,0.0,0.0,0,0,48.24,83.7,28.65,75.9,1992.05,7939.1,1777172910.751,1777172959.305,ok
AZURE,server,isolated,2048,5,7,17.870158,114.6045,0.0,0.0,0.0,0.0,0,0,36.83,71.3,14.35,14.7,854.4,7939.1,1777172965.502,1777173004.0,ok
AZURE,server,isolated,2048,5,8,17.32031,118.2427,0.0,0.0,0.0,0.0,0,0,38.95,69.7,14.45,14.6,862.88,7939.1,1777173009.293,1777173043.762,ok
AZURE,server,isolated,2048,5,9,17.474354,117.2003,0.0,0.0,0.0,0.0,0,0,37.24,72.2,14.63,14.9,875.76,7939.1,1777173050.924,1777173089.312,ok
AZURE,server,isolated,2048,5,10,17.9138,114.3253,0.0,0.0,0.0,0.0,0,0,35.66,70.3,14.58,14.8,872.97,7939.1,1777173094.733,1777173131.243,ok
AZURE,presigned,isolated,2048,5,1,99.635527,20.5549,0.272681,0.054079,0.235941,0.055687,0,0,0.54,2.0,14.3,14.3,863.93,7939.1,1777173354.931,1777173452.829,ok
AZURE,presigned,isolated,2048,5,2,96.101259,21.3109,0.244406,0.050164,0.230152,0.055243,0,0,4.92,31.6,20.91,76.6,1388.92,7939.1,1777173459.631,1777173555.633,ok
AZURE,presigned,isolated,2048,5,3,95.428554,21.4611,0.24537,0.038211,0.229038,0.060246,0,0,0.34,1.1,15.19,17.7,934.85,7939.1,1777173560.783,1777173656.154,ok
AZURE,presigned,isolated,2048,5,4,95.845267,21.3678,0.219509,0.041101,0.230165,0.057102,0,0,0.32,1.2,14.72,14.8,898.85,7939.1,1777173661.262,1777173756.639,ok
AZURE,presigned,isolated,2048,5,5,95.035304,21.5499,0.177003,0.035723,0.227856,0.059874,0,0,0.35,1.7,14.66,14.7,894.48,7939.1,1777173762.148,1777173855.523,ok
AZURE,presigned,isolated,2048,5,6,94.642073,21.6394,0.208739,0.036649,0.226827,0.057153,0,0,0.34,1.1,14.6,14.6,889.23,7939.1,1777173862.232,1777173955.57,ok
AZURE,presigned,isolated,2048,5,7,97.219524,21.0657,0.205046,0.039799,0.232574,0.059909,0,0,0.38,1.8,14.5,14.6,880.48,7939.1,1777173961.922,1777174057.565,ok
AZURE,presigned,isolated,2048,5,8,95.992442,21.335,0.274486,0.142085,0.226366,0.056166,0,0,0.39,1.2,14.5,14.5,880.39,7939.1,1777174064.348,1777174159.896,ok
AZURE,presigned,isolated,2048,5,9,100.41813,20.3947,0.238034,0.034406,0.240932,0.069022,0,0,0.43,1.2,14.5,14.5,880.36,7939.1,1777174165.36,1777174264.843,ok
AZURE,presigned,isolated,2048,5,10,106.638907,19.205,0.227767,0.039368,0.256109,0.070177,0,0,0.61,1.7,14.5,14.5,881.09,7939.1,1777174270.829,1777174376.364,ok
GCP,server,isolated,2048,5,1,255.560042,8.0138,0.0,0.0,0.0,0.0,0,0,7.4,72.7,16.85,78.4,1050.45,7939.1,1777175004.33,1777175279.579,ok
GCP,server,isolated,2048,5,2,274.731382,7.4546,0.0,0.0,0.0,0.0,0,0,4.85,69.1,15.05,15.3,903.08,7939.1,1777175285.776,1777175581.977,ok
GCP,server,isolated,2048,5,3,279.417024,7.3295,0.0,0.0,0.0,0.0,0,0,6.1,71.0,16.08,77.4,987.57,7939.1,1777175589.156,1777175888.168,ok
GCP,server,isolated,2048,5,4,255.483523,8.0162,0.0,0.0,0.0,0.0,0,0,5.32,71.5,14.6,14.9,867.6,7939.1,1777175893.824,1777176173.871,ok
GCP,server,isolated,2048,5,5,257.788798,7.9445,0.0,0.0,0.0,0.0,0,0,5.26,68.9,14.62,14.9,868.19,7939.1,1777176179.402,1777176463.59,ok
GCP,server,isolated,2048,5,6,277.361264,7.3839,0.0,0.0,0.0,0.0,0,0,9.14,86.9,17.3,79.4,1083.04,7939.1,1777176469.434,1777176779.459,ok
GCP,server,isolated,2048,5,7,278.689283,7.3487,0.0,0.0,0.0,0.0,0,0,5.01,68.9,14.01,14.3,821.21,7939.1,1777176785.962,1777177090.04,ok
GCP,server,isolated,2048,5,8,276.953732,7.3947,0.0,0.0,0.0,0.0,0,0,7.74,84.1,15.71,78.6,955.4,7939.1,1777177095.528,1777177405.139,ok
GCP,server,isolated,2048,5,9,280.146389,7.3105,0.0,0.0,0.0,0.0,0,0,5.76,72.3,13.75,35.9,799.65,7939.1,1777177410.517,1777177716.139,ok
GCP,server,isolated,2048,5,10,258.707703,7.9163,0.0,0.0,0.0,0.0,0,0,6.86,65.1,13.11,75.7,750.13,7939.1,1777177723.295,1777178012.622,ok
GCP,presigned,isolated,2048,5,1,359.320976,5.6996,0.784436,0.210571,0.870756,0.135487,0,0,0.74,50.5,10.1,11.7,530.94,7939.1,1777178747.48,1777179106.025,ok
GCP,presigned,isolated,2048,5,2,366.821773,5.5831,0.777858,0.4161,0.8871,0.151168,0,0,0.31,1.5,9.94,10.0,519.46,7939.1,1777179112.243,1777179477.623,ok
GCP,presigned,isolated,2048,5,3,363.021053,5.6415,1.024112,0.507876,0.880042,0.143757,0,0,0.33,1.7,9.92,10.0,518.79,7939.1,1777179484.592,1777179846.197,ok
GCP,presigned,isolated,2048,5,4,368.096134,5.5638,0.773964,0.636243,0.892635,0.1494,0,0,0.32,1.7,9.97,10.0,519.87,7939.1,1777179853.267,1777180220.82,ok
GCP,presigned,isolated,2048,5,5,348.010082,5.8849,1.069926,0.48672,0.846284,0.132307,0,0,0.31,0.7,9.95,10.0,519.96,7939.1,1777180226.863,1777180574.098,ok
GCP,presigned,isolated,2048,5,6,359.52101,5.6965,1.145261,0.219062,0.874214,0.146835,0,0,0.34,1.1,10.02,10.1,523.92,7939.1,1777180580.106,1777180939.361,ok
GCP,presigned,isolated,2048,5,7,353.747874,5.7894,1.038669,0.212584,0.860064,0.149379,0,0,0.41,8.4,9.97,10.0,520.1,7939.1,1777180944.851,1777181298.551,ok
GCP,presigned,isolated,2048,5,8,358.413404,5.7141,1.035352,0.656679,0.871101,0.386205,0,0,0.31,1.6,10.01,10.1,521.66,7939.1,1777181304.264,1777181661.389,ok
GCP,presigned,isolated,2048,5,9,356.785192,5.7401,0.64288,0.499359,0.865636,0.22417,0,0,0.33,2.6,10.0,10.0,520.46,7939.1,1777181668.188,1777182024.088,ok
GCP,presigned,isolated,2048,5,10,351.772387,5.8219,0.809579,0.504067,0.852085,0.142698,0,0,0.3,0.7,10.0,10.0,520.09,7939.1,1777182030.515,1777182381.875,ok
AWS,server,isolated,2048,8,1,38.487128,53.2126,0.0,0.0,0.0,0.0,0,0,62.57,75.5,14.16,15.0,835.36,7939.1,1777182531.812,1777182588.631,ok
AWS,server,isolated,2048,8,2,42.441771,48.2543,0.0,0.0,0.0,0.0,0,0,59.83,74.5,15.46,16.4,940.05,7939.1,1777182593.972,1777182657.485,ok
AWS,server,isolated,2048,8,3,38.517857,53.1701,0.0,0.0,0.0,0.0,0,0,62.77,72.9,15.5,16.3,943.86,7939.1,1777182663.757,1777182718.481,ok
AWS,server,isolated,2048,8,4,37.874923,54.0727,0.0,0.0,0.0,0.0,0,0,62.7,74.1,16.07,17.4,987.08,7939.1,1777182725.481,1777182780.105,ok
AWS,server,isolated,2048,8,5,40.019942,51.1745,0.0,0.0,0.0,0.0,0,0,62.42,80.8,17.16,17.7,1074.09,7939.1,1777182786.92,1777182843.485,ok
AWS,server,isolated,2048,8,6,40.962978,49.9964,0.0,0.0,0.0,0.0,0,0,63.22,72.9,17.85,18.4,1129.28,7939.1,1777182850.384,1777182909.276,ok
AWS,server,isolated,2048,8,7,39.004179,52.5072,0.0,0.0,0.0,0.0,0,0,61.93,72.8,17.94,19.1,1137.29,7939.1,1777182915.236,1777182971.776,ok
AWS,server,isolated,2048,8,8,39.561626,51.7673,0.0,0.0,0.0,0.0,0,0,63.83,74.5,17.96,18.4,1138.7,7939.1,1777182978.2,1777183034.862,ok
AWS,server,isolated,2048,8,9,39.040479,52.4584,0.0,0.0,0.0,0.0,0,0,67.01,84.8,28.17,80.6,1951.55,7939.1,1777183040.959,1777183114.044,ok
AWS,server,isolated,2048,8,10,40.55163,50.5035,0.0,0.0,0.0,0.0,0,0,62.3,72.8,17.46,17.7,1098.79,7939.1,1777183120.426,1777183181.537,ok
AWS,presigned,isolated,2048,8,1,50.153679,40.8345,0.267893,0.28738,0.190655,0.081463,0,0,0.44,1.5,17.18,17.2,1090.38,7939.1,1777183306.352,1777183355.04,ok
AWS,presigned,isolated,2048,8,2,53.124416,38.551,0.214073,0.276608,0.201094,0.109661,0,0,0.54,1.9,17.1,17.1,1084.49,7939.1,1777183361.791,1777183414.831,ok
AWS,presigned,isolated,2048,8,3,60.387644,33.9142,0.212515,0.209087,0.226348,0.155695,0,0,0.47,2.1,17.08,17.1,1083.86,7939.1,1777183420.151,1777183479.095,ok
AWS,presigned,isolated,2048,8,4,57.218947,35.7923,0.68866,0.286228,0.218102,0.12005,0,0,0.37,1.6,17.0,17.0,1078.66,7939.1,1777183485.826,1777183542.711,ok
AWS,presigned,isolated,2048,8,5,52.222385,39.2169,0.220859,0.200309,0.198506,0.059818,0,0,0.4,1.3,16.98,17.0,1077.97,7939.1,1777183548.254,1777183599.024,ok
AWS,presigned,isolated,2048,8,6,59.471398,34.4367,0.258237,0.3116,0.226639,0.073097,0,0,0.4,1.7,16.9,16.9,1074.38,7939.1,1777183605.8,1777183664.887,ok
AWS,presigned,isolated,2048,8,7,61.775428,33.1523,0.192389,0.460918,0.234314,0.108448,0,0,5.8,32.1,25.81,80.2,1779.26,7939.1,1777183670.74,1777183731.962,ok
AWS,presigned,isolated,2048,8,8,55.765726,36.7251,0.173276,0.23258,0.211321,0.079667,0,0,0.44,1.5,17.3,17.3,1103.88,7939.1,1777183737.755,1777183792.758,ok
AWS,presigned,isolated,2048,8,9,63.415902,32.2947,0.232919,0.302452,0.234701,0.147029,0,0,0.47,1.3,17.28,17.3,1101.18,7939.1,1777183798.88,1777183862.082,ok
AWS,presigned,isolated,2048,8,10,54.83239,37.3502,0.169156,0.274588,0.208311,0.083029,0,0,0.47,1.9,17.3,17.3,1100.24,7939.1,1777183867.554,1777183920.407,ok
AZURE,server,isolated,2048,8,1,19.983443,102.4848,0.0,0.0,0.0,0.0,0,0,36.21,71.3,17.58,18.2,1109.81,7939.1,1777184023.914,1777184063.198,ok
AZURE,server,isolated,2048,8,2,18.93262,108.1731,0.0,0.0,0.0,0.0,0,0,35.02,71.7,17.54,17.7,1106.92,7939.1,1777184069.489,1777184105.766,ok
AZURE,server,isolated,2048,8,3,18.57235,110.2715,0.0,0.0,0.0,0.0,0,0,37.67,71.2,17.49,17.6,1103.61,7939.1,1777184111.979,1777184148.308,ok
AZURE,server,isolated,2048,8,4,18.762819,109.152,0.0,0.0,0.0,0.0,0,0,35.71,70.8,17.49,17.7,1103.49,7939.1,1777184155.233,1777184193.547,ok
AZURE,server,isolated,2048,8,5,19.685882,104.0339,0.0,0.0,0.0,0.0,0,0,34.07,69.6,17.5,17.6,1102.57,7939.1,1777184199.069,1777184239.675,ok
AZURE,server,isolated,2048,8,6,19.638123,104.287,0.0,0.0,0.0,0.0,0,0,35.96,71.8,18.31,29.2,1167.48,7939.1,1777184244.9,1777184283.342,ok
AZURE,server,isolated,2048,8,7,19.249282,106.3936,0.0,0.0,0.0,0.0,0,0,40.99,66.5,21.42,62.1,1416.78,7939.1,1777184288.893,1777184333.354,ok
AZURE,server,isolated,2048,8,8,18.176149,112.6751,0.0,0.0,0.0,0.0,0,0,35.53,71.2,17.42,17.7,1098.11,7939.1,1777184339.218,1777184375.537,ok
AZURE,server,isolated,2048,8,9,21.125493,96.9445,0.0,0.0,0.0,0.0,0,0,34.24,71.6,17.53,17.9,1105.57,7939.1,1777184381.736,1777184420.109,ok
AZURE,server,isolated,2048,8,10,18.742364,109.2712,0.0,0.0,0.0,0.0,0,0,33.92,70.0,17.46,17.7,1102.82,7939.1,1777184426.399,1777184465.696,ok
AZURE,presigned,isolated,2048,8,1,76.756763,26.6817,0.237829,0.033241,0.294758,0.06716,0,0,35.13,51.0,18.8,20.6,1221.21,7939.1,1777184633.389,1777184708.465,ok
AZURE,presigned,isolated,2048,8,2,78.656826,26.0372,0.260002,0.036693,0.29657,0.061855,0,0,0.63,1.3,17.14,17.3,1090.85,7939.1,1777184715.199,1777184792.376,ok
AZURE,presigned,isolated,2048,8,3,76.453986,26.7874,0.23484,0.031281,0.290979,0.070695,0,0,0.73,1.2,17.11,17.2,1088.04,7939.1,1777184798.907,1777184874.03,ok
AZURE,presigned,isolated,2048,8,4,74.934046,27.3307,0.504149,0.035888,0.287875,0.073051,0,0,4.78,31.7,24.08,79.2,1639.48,7939.1,1777184880.404,1777184953.464,ok
AZURE,presigned,isolated,2048,8,5,78.166389,26.2005,0.250001,0.030717,0.299694,0.077518,0,0,0.69,1.2,17.11,17.2,1088.45,7939.1,1777184960.377,1777185037.619,ok
AZURE,presigned,isolated,2048,8,6,76.982337,26.6035,0.363007,0.033866,0.295902,0.094527,0,0,0.76,1.4,17.11,17.2,1089.11,7939.1,1777185043.585,1777185118.647,ok
AZURE,presigned,isolated,2048,8,7,78.065551,26.2344,0.368319,0.032979,0.300153,0.06471,0,0,0.57,1.1,17.12,17.2,1089.09,7939.1,1777185125.609,1777185202.651,ok
AZURE,presigned,isolated,2048,8,8,79.421998,25.7863,0.369155,0.044877,0.304867,0.069271,0,0,0.63,1.0,17.13,17.2,1088.85,7939.1,1777185208.733,1777185287.886,ok
AZURE,presigned,isolated,2048,8,9,79.569167,25.7386,0.287957,0.038751,0.30604,0.075213,0,0,0.6,1.6,17.11,17.2,1087.69,7939.1,1777185293.2,1777185372.338,ok
AZURE,presigned,isolated,2048,8,10,80.113798,25.5636,0.482912,0.038995,0.307608,0.070537,0,0,0.59,1.1,17.1,17.1,1087.69,7939.1,1777185377.813,1777185456.974,ok
GCP,server,isolated,2048,8,1,192.926626,10.6154,0.0,0.0,0.0,0.0,0,0,6.63,71.4,14.64,15.1,869.33,7939.1,1777185916.479,1777186127.638,ok
GCP,server,isolated,2048,8,2,198.569637,10.3138,0.0,0.0,0.0,0.0,0,0,8.18,75.1,16.13,67.5,990.99,7939.1,1777186133.272,1777186353.6,ok
GCP,server,isolated,2048,8,3,200.138045,10.2329,0.0,0.0,0.0,0.0,0,0,6.89,73.0,14.23,14.6,836.69,7939.1,1777186360.719,1777186583.666,ok
GCP,server,isolated,2048,8,4,195.59076,10.4708,0.0,0.0,0.0,0.0,0,0,6.34,70.2,14.43,14.8,852.59,7939.1,1777186590.427,1777186805.661,ok
GCP,server,isolated,2048,8,5,178.404118,11.4796,0.0,0.0,0.0,0.0,0,0,13.38,86.7,18.59,80.0,1183.79,7939.1,1777186811.001,1777187021.221,ok
GCP,server,isolated,2048,8,6,197.867184,10.3504,0.0,0.0,0.0,0.0,0,0,7.79,100.0,10.68,11.0,553.04,7939.1,1777187028.4,1777187253.694,ok
GCP,server,isolated,2048,8,7,200.169877,10.2313,0.0,0.0,0.0,0.0,0,0,8.53,71.2,13.44,70.6,774.56,7939.1,1777187259.169,1777187478.445,ok
GCP,server,isolated,2048,8,8,200.996137,10.1893,0.0,0.0,0.0,0.0,0,0,6.44,68.7,10.79,11.2,563.5,7939.1,1777187484.618,1777187713.411,ok
GCP,server,isolated,2048,8,9,180.366314,11.3547,0.0,0.0,0.0,0.0,0,0,6.34,72.1,10.75,11.2,560.96,7939.1,1777187718.902,1777187915.84,ok
GCP,server,isolated,2048,8,10,173.597417,11.7974,0.0,0.0,0.0,0.0,0,0,9.77,71.1,13.44,72.0,774.71,7939.1,1777187922.202,1777188115.255,ok
GCP,presigned,isolated,2048,8,1,236.10224,8.6742,0.743682,0.547997,0.91845,0.296671,0,0,0.33,1.2,10.13,10.2,531.77,7939.1,1777188612.794,1777188848.541,ok
GCP,presigned,isolated,2048,8,2,237.051049,8.6395,1.141799,0.206703,0.92241,0.143926,0,0,0.35,1.0,10.15,10.2,532.87,7939.1,1777188854.112,1777189089.508,ok
GCP,presigned,isolated,2048,8,3,234.158749,8.7462,0.822811,0.802801,0.91103,0.160956,0,0,0.33,1.1,10.1,10.1,529.19,7939.1,1777189096.977,1777189330.229,ok
GCP,presigned,isolated,2048,8,4,237.143462,8.6361,1.114984,0.441391,0.917063,0.500441,0,0,0.44,8.9,10.1,10.2,529.04,7939.1,1777189336.589,1777189571.97,ok
GCP,presigned,isolated,2048,8,5,231.335504,8.8529,0.82769,0.204039,0.900022,0.190911,0,0,0.31,0.7,10.1,10.1,528.21,7939.1,1777189578.953,1777189808.297,ok
GCP,presigned,isolated,2048,8,6,243.420544,8.4134,0.914109,0.519861,0.94718,0.237824,0,0,0.42,6.9,10.1,10.1,529.57,7939.1,1777189815.815,1777190057.613,ok
GCP,presigned,isolated,2048,8,7,245.109334,8.3555,1.086571,0.512667,0.953646,0.212254,0,0,0.32,1.0,10.1,10.2,528.34,7939.1,1777190064.761,1777190308.422,ok
GCP,presigned,isolated,2048,8,8,240.957541,8.4994,1.191616,0.218372,0.937467,0.160432,0,0,0.31,1.1,10.1,10.1,527.85,7939.1,1777190315.097,1777190554.711,ok
GCP,presigned,isolated,2048,8,9,243.22331,8.4202,1.778255,0.240695,0.946005,0.157517,0,0,0.36,1.1,10.1,10.1,529.94,7939.1,1777190561.316,1777190802.979,ok
GCP,presigned,isolated,2048,8,10,242.850557,8.4332,1.093338,0.529481,0.943111,0.223036,0,0,0.33,1.2,10.1,10.1,528.4,7939.1,1777190810.078,1777191051.596,ok
AWS,server,isolated,2048,10,1,39.176488,52.2763,0.0,0.0,0.0,0.0,0,0,62.18,75.4,13.85,14.8,810.21,7939.1,1777191214.285,1777191271.404,ok
AWS,server,isolated,2048,10,2,41.544339,49.2967,0.0,0.0,0.0,0.0,0,0,62.08,74.3,15.94,16.8,976.92,7939.1,1777191277.807,1777191338.472,ok
AWS,server,isolated,2048,10,3,38.038223,53.8406,0.0,0.0,0.0,0.0,0,0,60.98,72.1,17.1,18.3,1068.66,7939.1,1777191345.27,1777191400.691,ok
AWS,server,isolated,2048,10,4,40.263008,50.8655,0.0,0.0,0.0,0.0,0,0,63.56,75.9,18.83,19.4,1204.82,7939.1,1777191407.645,1777191466.487,ok
AWS,server,isolated,2048,10,5,43.045342,47.5777,0.0,0.0,0.0,0.0,0,0,63.91,82.6,19.54,20.4,1261.11,7939.1,1777191472.02,1777191532.881,ok
AWS,server,isolated,2048,10,6,40.232164,50.9045,0.0,0.0,0.0,0.0,0,0,62.88,73.6,19.57,20.4,1264.46,7939.1,1777191539.738,1777191598.834,ok
AWS,server,isolated,2048,10,7,41.146096,49.7739,0.0,0.0,0.0,0.0,0,0,62.44,75.6,19.47,20.1,1256.28,7939.1,1777191605.183,1777191664.129,ok
AWS,server,isolated,2048,10,8,52.210575,39.2258,0.0,0.0,0.0,0.0,0,0,67.36,81.2,31.08,77.6,2177.95,7939.1,1777191670.553,1777191739.795,ok
AWS,server,isolated,2048,10,9,41.036667,49.9066,0.0,0.0,0.0,0.0,0,0,60.1,74.4,20.3,21.3,1322.63,7939.1,1777191746.986,1777191811.285,ok
AWS,server,isolated,2048,10,10,40.42088,50.6669,0.0,0.0,0.0,0.0,0,0,61.84,78.8,20.35,20.9,1326.82,7939.1,1777191818.281,1777191877.102,ok
AWS,presigned,isolated,2048,10,1,47.6029,43.0226,0.202388,0.254603,0.222303,0.101673,0,0,0.53,2.2,18.9,18.9,1227.57,7939.1,1777191976.257,1777192023.208,ok
AWS,presigned,isolated,2048,10,2,46.15535,44.3719,0.193997,0.254042,0.21754,0.097239,0,0,0.45,1.7,18.9,18.9,1228.87,7939.1,1777192029.134,1777192073.814,ok
AWS,presigned,isolated,2048,10,3,47.938851,42.7211,0.243097,0.245659,0.227839,0.096251,0,0,0.5,1.3,18.9,18.9,1228.01,7939.1,1777192080.538,1777192127.48,ok
AWS,presigned,isolated,2048,10,4,45.437318,45.0731,0.297962,0.256419,0.215312,0.06877,0,0,0.53,1.9,18.9,18.9,1226.86,7939.1,1777192133.745,1777192178.397,ok
AWS,presigned,isolated,2048,10,5,43.616079,46.9552,0.260508,0.181681,0.206462,0.038269,0,0,0.48,1.8,18.9,18.9,1227.36,7939.1,1777192184.371,1777192226.999,ok
AWS,presigned,isolated,2048,10,6,48.528814,42.2017,0.210003,0.173542,0.230769,0.185059,0,0,0.39,1.6,18.9,18.9,1227.36,7939.1,1777192233.167,1777192279.854,ok
AWS,presigned,isolated,2048,10,7,46.963825,43.608,0.225296,0.236992,0.221267,0.072351,0,0,0.81,1.9,19.13,24.2,1246.32,7939.1,1777192286.943,1777192331.879,ok
AWS,presigned,isolated,2048,10,8,43.265012,47.3362,0.215585,0.577318,0.205097,0.064796,0,0,6.43,31.3,29.17,81.3,2042.29,7939.1,1777192339.495,1777192382.142,ok
AWS,presigned,isolated,2048,10,9,42.452357,48.2423,0.210432,0.256925,0.201028,0.029472,0,0,0.5,2.3,19.35,19.7,1265.36,7939.1,1777192388.022,1777192428.62,ok
AWS,presigned,isolated,2048,10,10,41.844341,48.9433,0.203476,0.17437,0.19814,0.02408,0,0,0.52,1.7,19.21,19.3,1254.06,7939.1,1777192435.659,1777192476.249,ok
AZURE,server,isolated,2048,10,1,18.040562,113.522,0.0,0.0,0.0,0.0,0,0,36.92,72.0,18.62,18.8,1190.21,7939.1,1777192576.148,1777192612.583,ok
AZURE,server,isolated,2048,10,2,18.890797,108.4126,0.0,0.0,0.0,0.0,0,0,34.77,72.4,18.63,18.9,1191.81,7939.1,1777192618.793,1777192655.105,ok
AZURE,server,isolated,2048,10,3,18.979259,107.9073,0.0,0.0,0.0,0.0,0,0,36.02,71.4,18.58,18.8,1188.49,7939.1,1777192661.224,1777192697.714,ok
AZURE,server,isolated,2048,10,4,18.348503,111.6167,0.0,0.0,0.0,0.0,0,0,34.27,71.2,18.67,18.9,1195.42,7939.1,1777192703.916,1777192740.204,ok
AZURE,server,isolated,2048,10,5,18.763944,109.1455,0.0,0.0,0.0,0.0,0,0,33.65,70.8,18.84,20.2,1208.77,7939.1,1777192745.439,1777192781.586,ok
AZURE,server,isolated,2048,10,6,18.780991,109.0464,0.0,0.0,0.0,0.0,0,0,34.57,72.4,18.67,19.0,1194.07,7939.1,1777192787.357,1777192823.845,ok
AZURE,server,isolated,2048,10,7,18.946574,108.0934,0.0,0.0,0.0,0.0,0,0,36.97,70.4,18.62,18.7,1190.52,7939.1,1777192829.332,1777192865.755,ok
AZURE,server,isolated,2048,10,8,17.506984,116.9819,0.0,0.0,0.0,0.0,0,0,34.6,71.7,18.6,18.8,1188.86,7939.1,1777192872.71,1777192907.037,ok
AZURE,server,isolated,2048,10,9,18.508224,110.6535,0.0,0.0,0.0,0.0,0,0,31.59,70.6,18.75,19.3,1202.99,7939.1,1777192913.618,1777192953.504,ok
AZURE,server,isolated,2048,10,10,18.966193,107.9816,0.0,0.0,0.0,0.0,0,0,48.72,84.7,31.13,77.6,2185.97,7939.1,1777192959.974,1777193014.739,ok
AZURE,presigned,isolated,2048,10,1,79.276264,25.8337,0.367746,0.033962,0.37692,0.096804,0,0,0.31,0.7,18.0,18.0,1159.41,7939.1,1777193182.434,1777193259.703,ok
AZURE,presigned,isolated,2048,10,2,77.481807,26.432,0.321241,0.035559,0.369697,0.081708,0,0,0.45,1.5,18.01,18.1,1159.55,7939.1,1777193266.786,1777193343.927,ok
AZURE,presigned,isolated,2048,10,3,77.558379,26.4059,0.325772,0.032681,0.37283,0.08721,0,0,0.36,1.3,18.0,18.1,1159.71,7939.1,1777193349.286,1777193426.378,ok
AZURE,presigned,isolated,2048,10,4,78.34381,26.1412,0.288052,0.035043,0.376542,0.086809,0,0,0.29,0.5,18.03,18.1,1160.45,7939.1,1777193431.884,1777193509.001,ok
AZURE,presigned,isolated,2048,10,5,75.883801,26.9886,0.380221,0.035152,0.363912,0.081672,0,0,1.16,28.0,18.92,38.0,1225.79,7939.1,1777193515.29,1777193590.333,ok
AZURE,presigned,isolated,2048,10,6,74.226654,27.5912,0.3899,0.038548,0.356068,0.081893,0,0,4.33,33.8,24.64,76.6,1683.86,7939.1,1777193596.224,1777193669.284,ok
AZURE,presigned,isolated,2048,10,7,76.781798,26.673,0.369811,0.035632,0.368952,0.11698,0,0,0.38,1.3,18.5,18.6,1198.64,7939.1,1777193675.49,1777193750.562,ok
AZURE,presigned,isolated,2048,10,8,76.088698,26.916,0.493838,0.02942,0.365578,0.075337,0,0,0.36,1.0,18.5,18.6,1195.95,7939.1,1777193757.306,1777193832.416,ok
AZURE,presigned,isolated,2048,10,9,77.825085,26.3154,0.32116,0.036877,0.373711,0.085539,0,0,0.31,0.7,18.42,18.5,1189.52,7939.1,1777193838.438,1777193915.48,ok
AZURE,presigned,isolated,2048,10,10,76.206298,26.8744,0.281849,0.033133,0.366415,0.074911,0,0,0.3,1.0,18.3,18.3,1180.7,7939.1,1777193921.31,1777193996.352,ok
GCP,server,isolated,2048,10,1,163.002159,12.5643,0.0,0.0,0.0,0.0,0,0,9.02,77.8,15.2,16.8,912.9,7939.1,1777194386.544,1777194570.747,ok
GCP,server,isolated,2048,10,2,160.135301,12.7892,0.0,0.0,0.0,0.0,0,0,7.45,71.0,15.08,15.6,904.35,7939.1,1777194576.765,1777194758.038,ok
GCP,server,isolated,2048,10,3,153.058852,13.3805,0.0,0.0,0.0,0.0,0,0,11.53,70.4,17.73,77.7,1116.94,7939.1,1777194763.648,1777194944.204,ok
GCP,server,isolated,2048,10,4,159.643799,12.8286,0.0,0.0,0.0,0.0,0,0,8.12,68.1,14.58,14.7,864.16,7939.1,1777194950.254,1777195131.365,ok
GCP,server,isolated,2048,10,5,165.940267,12.3418,0.0,0.0,0.0,0.0,0,0,7.6,71.4,14.98,15.3,896.2,7939.1,1777195137.191,1777195322.12,ok
GCP,server,isolated,2048,10,6,156.358843,13.0981,0.0,0.0,0.0,0.0,0,0,10.51,71.7,17.44,71.9,1092.34,7939.1,1777195327.899,1777195502.964,ok
GCP,server,isolated,2048,10,7,149.457707,13.7029,0.0,0.0,0.0,0.0,0,0,8.68,68.6,14.93,15.3,893.12,7939.1,1777195508.797,1777195685.097,ok
GCP,server,isolated,2048,10,8,144.639209,14.1594,0.0,0.0,0.0,0.0,0,0,8.12,73.9,14.96,15.3,894.43,7939.1,1777195690.653,1777195853.235,ok
GCP,server,isolated,2048,10,9,146.923516,13.9392,0.0,0.0,0.0,0.0,0,0,8.99,100.0,12.93,14.4,733.65,7939.1,1777195859.707,1777196030.851,ok
GCP,server,isolated,2048,10,10,173.449369,11.8075,0.0,0.0,0.0,0.0,0,0,11.53,86.1,13.2,73.2,758.63,7939.1,1777196037.968,1777196238.352,ok
GCP,presigned,isolated,2048,10,1,201.741885,10.1516,0.935339,0.142778,0.979572,0.481004,0,0,2.81,32.0,13.77,76.5,821.0,7939.1,1777196655.468,1777196856.453,ok
GCP,presigned,isolated,2048,10,2,196.009814,10.4485,1.128886,0.727404,0.951823,0.179309,0,0,0.33,1.2,10.51,10.6,563.81,7939.1,1777196862.944,1777197057.68,ok
GCP,presigned,isolated,2048,10,3,196.222171,10.4371,1.078782,0.51475,0.949071,0.166125,0,0,0.31,1.2,10.42,10.5,555.1,7939.1,1777197064.484,1777197259.535,ok
GCP,presigned,isolated,2048,10,4,195.579557,10.4714,0.945389,0.144422,0.946513,0.125663,0,0,0.3,1.2,10.33,10.4,547.43,7939.1,1777197265.87,1777197460.614,ok
GCP,presigned,isolated,2048,10,5,198.32358,10.3266,0.872655,0.535139,0.960702,0.166358,0,0,0.37,1.7,10.3,10.4,544.67,7939.1,1777197466.996,1777197663.793,ok
GCP,presigned,isolated,2048,10,6,189.54918,10.8046,1.143635,0.5571,0.918233,0.114302,0,0,0.29,0.9,10.3,10.3,543.75,7939.1,1777197670.892,1777197859.548,ok
GCP,presigned,isolated,2048,10,7,200.985021,10.1898,1.185393,0.292074,0.975865,0.146781,0,0,0.35,1.2,10.3,10.3,544.47,7939.1,1777197865.743,1777198064.692,ok
GCP,presigned,isolated,2048,10,8,196.416458,10.4268,1.266457,0.777138,0.94395,0.142379,0,0,0.34,1.6,10.3,10.4,544.49,7939.1,1777198072.559,1777198267.294,ok
GCP,presigned,isolated,2048,10,9,188.777205,10.8488,0.859685,0.150521,0.915936,0.120471,0,0,0.38,1.0,10.3,10.3,544.55,7939.1,1777198274.111,1777198461.065,ok
GCP,presigned,isolated,2048,10,10,190.920207,10.727,0.981962,0.142478,0.926203,0.185547,0,0,0.36,1.2,10.31,10.4,544.41,7939.1,1777198468.042,1777198657.055,ok
AWS,server,isolated,2048,16,1,38.102095,53.7503,0.0,0.0,0.0,0.0,0,0,62.18,76.6,16.56,17.7,1025.66,7939.1,1777198811.241,1777198867.898,ok
AWS,server,isolated,2048,16,2,39.674673,51.6198,0.0,0.0,0.0,0.0,0,0,61.99,81.7,17.65,18.7,1111.02,7939.1,1777198873.128,1777198929.734,ok
AWS,server,isolated,2048,16,3,38.48166,53.2202,0.0,0.0,0.0,0.0,0,0,63.54,76.2,20.27,22.0,1318.39,7939.1,1777198935.927,1777198992.689,ok
AWS,server,isolated,2048,16,4,38.546935,53.13,0.0,0.0,0.0,0.0,0,0,63.12,73.3,20.49,21.7,1338.57,7939.1,1777198998.174,1777199053.879,ok
AWS,server,isolated,2048,16,5,39.215015,52.2249,0.0,0.0,0.0,0.0,0,0,62.83,74.6,22.21,23.5,1473.79,7939.1,1777199060.455,1777199117.164,ok
AWS,server,isolated,2048,16,6,40.820224,50.1712,0.0,0.0,0.0,0.0,0,0,63.97,77.2,21.19,22.0,1389.91,7939.1,1777199123.7,1777199182.38,ok
AWS,server,isolated,2048,16,7,39.578142,51.7457,0.0,0.0,0.0,0.0,0,0,63.52,73.7,21.82,22.6,1441.76,7939.1,1777199188.241,1777199244.932,ok
AWS,server,isolated,2048,16,8,39.187228,52.2619,0.0,0.0,0.0,0.0,0,0,63.7,73.4,22.43,23.5,1490.66,7939.1,1777199250.764,1777199307.733,ok
AWS,server,isolated,2048,16,9,40.065264,51.1166,0.0,0.0,0.0,0.0,0,0,66.41,88.5,30.96,78.8,2173.46,7939.1,1777199313.698,1777199385.918,ok
AWS,server,isolated,2048,16,10,38.421822,53.303,0.0,0.0,0.0,0.0,0,0,62.62,73.0,22.35,23.5,1482.69,7939.1,1777199393.043,1777199451.853,ok
AWS,presigned,isolated,2048,16,1,35.959542,56.9529,0.246088,0.131802,0.273134,0.089099,0,0,0.5,1.4,20.73,20.8,1370.94,7939.1,1777199534.135,1777199568.652,ok
AWS,presigned,isolated,2048,16,2,34.771695,58.8985,0.309365,0.214697,0.263616,0.0487,0,0,0.48,1.3,20.66,20.7,1365.64,7939.1,1777199575.319,1777199609.847,ok
AWS,presigned,isolated,2048,16,3,37.945502,53.9721,0.257063,0.218303,0.274067,0.080828,0,0,0.49,1.3,20.6,20.6,1362.14,7939.1,1777199615.316,1777199651.939,ok
AWS,presigned,isolated,2048,16,4,34.459825,59.4315,0.261177,0.411341,0.259778,0.036207,0,0,0.68,2.2,20.5,20.5,1354.9,7939.1,1777199658.706,1777199691.249,ok
AWS,presigned,isolated,2048,16,5,34.796716,58.8561,0.300135,0.271937,0.26391,0.060148,0,0,0.43,1.0,20.5,20.5,1354.84,7939.1,1777199698.436,1777199732.906,ok
AWS,presigned,isolated,2048,16,6,35.888607,57.0655,0.287872,0.215917,0.271852,0.085404,0,0,0.48,1.1,20.5,20.5,1354.93,7939.1,1777199738.451,1777199772.925,ok
AWS,presigned,isolated,2048,16,7,34.774817,58.8932,0.259151,0.139363,0.263435,0.060526,0,0,0.45,1.4,20.5,20.5,1353.56,7939.1,1777199779.485,1777199813.963,ok
AWS,presigned,isolated,2048,16,8,33.923779,60.3706,0.263595,0.20239,0.257071,0.036906,0,0,0.46,1.3,20.5,20.5,1353.56,7939.1,1777199819.469,1777199851.956,ok
AWS,presigned,isolated,2048,16,9,34.25689,59.7836,0.259515,0.272849,0.259054,0.031776,0,0,0.38,1.0,20.5,20.5,1354.44,7939.1,1777199858.671,1777199891.149,ok
AWS,presigned,isolated,2048,16,10,37.131597,55.1552,0.427798,0.168065,0.280781,0.074883,0,0,0.42,1.1,20.6,20.6,1360.57,7939.1,1777199898.164,1777199934.795,ok
AZURE,server,isolated,2048,16,1,18.51485,110.6139,0.0,0.0,0.0,0.0,0,0,43.38,71.4,21.11,21.3,1391.98,7939.1,1777200051.474,1777200093.784,ok
AZURE,server,isolated,2048,16,2,19.170126,106.8329,0.0,0.0,0.0,0.0,0,0,35.81,70.9,21.37,21.6,1410.89,7939.1,1777200099.641,1777200138.019,ok
AZURE,server,isolated,2048,16,3,18.759199,109.1731,0.0,0.0,0.0,0.0,0,0,35.93,70.4,21.51,21.8,1420.99,7939.1,1777200143.308,1777200179.61,ok
AZURE,server,isolated,2048,16,4,18.487208,110.7793,0.0,0.0,0.0,0.0,0,0,36.42,74.1,21.61,21.8,1430.92,7939.1,1777200186.52,1777200222.888,ok
AZURE,server,isolated,2048,16,5,18.34649,111.629,0.0,0.0,0.0,0.0,0,0,35.61,75.2,21.73,22.0,1440.81,7939.1,1777200228.783,1777200265.122,ok
AZURE,server,isolated,2048,16,6,19.001113,107.7832,0.0,0.0,0.0,0.0,0,0,35.53,75.3,21.74,22.0,1440.23,7939.1,1777200271.865,1777200308.148,ok
AZURE,server,isolated,2048,16,7,18.817481,108.835,0.0,0.0,0.0,0.0,0,0,35.17,73.1,21.72,22.0,1439.69,7939.1,1777200314.262,1777200350.519,ok
AZURE,server,isolated,2048,16,8,18.36298,111.5287,0.0,0.0,0.0,0.0,0,0,34.88,73.0,21.74,22.0,1440.96,7939.1,1777200356.842,1777200393.325,ok
AZURE,server,isolated,2048,16,9,18.486564,110.7832,0.0,0.0,0.0,0.0,0,0,33.79,70.6,21.73,22.0,1439.98,7939.1,1777200399.16,1777200435.384,ok
AZURE,server,isolated,2048,16,10,19.452258,105.2834,0.0,0.0,0.0,0.0,0,0,34.61,72.2,21.77,21.9,1442.96,7939.1,1777200440.942,1777200477.604,ok
AZURE,presigned,isolated,2048,16,1,60.740727,33.7171,0.366102,0.03105,0.466859,0.091912,0,0,0.36,1.0,22.32,24.1,1499.36,7939.1,1777200611.767,1777200670.584,ok
AZURE,presigned,isolated,2048,16,2,60.370626,33.9238,0.421957,0.033281,0.46388,0.092722,0,0,0.3,0.6,21.9,21.9,1464.31,7939.1,1777200677.551,1777200736.385,ok
AZURE,presigned,isolated,2048,16,3,65.000411,31.5075,0.561336,0.031406,0.500374,0.113996,0,0,0.34,0.7,21.67,21.8,1448.95,7939.1,1777200742.954,1777200807.878,ok
AZURE,presigned,isolated,2048,16,4,65.163243,31.4288,0.643031,0.030428,0.499583,0.117582,0,0,0.31,0.7,21.6,21.6,1443.18,7939.1,1777200812.996,1777200877.977,ok
AZURE,presigned,isolated,2048,16,5,65.138984,31.4405,0.396846,0.03569,0.49984,0.099121,0,0,0.31,0.8,21.6,21.6,1441.95,7939.1,1777200883.207,1777200948.177,ok
AZURE,presigned,isolated,2048,16,6,64.13001,31.9351,0.532301,0.034668,0.49293,0.103296,0,0,0.34,0.7,21.6,21.6,1441.3,7939.1,1777200953.394,1777201016.337,ok
AZURE,presigned,isolated,2048,16,7,64.320031,31.8408,0.390031,0.0313,0.494467,0.106891,0,0,0.28,0.5,21.6,21.6,1441.01,7939.1,1777201022.561,1777201085.497,ok
AZURE,presigned,isolated,2048,16,8,65.490447,31.2717,0.500033,0.028072,0.50165,0.113042,0,0,0.37,1.0,21.6,21.6,1444.46,7939.1,1777201091.914,1777201157.131,ok
AZURE,presigned,isolated,2048,16,9,64.895566,31.5584,0.365858,0.03207,0.488271,0.105492,0,0,0.33,1.0,21.6,21.6,1441.2,7939.1,1777201162.451,1777201225.346,ok
AZURE,presigned,isolated,2048,16,10,64.469894,31.7668,0.765244,0.031974,0.495357,0.106141,0,0,0.31,0.9,21.6,21.6,1440.98,7939.1,1777201232.389,1777201295.291,ok
GCP,server,isolated,2048,16,1,125.784912,16.2818,0.0,0.0,0.0,0.0,0,0,8.6,71.6,21.53,21.9,1419.19,7939.1,1777201612.036,1777201759.239,ok
GCP,server,isolated,2048,16,2,113.523026,18.0404,0.0,0.0,0.0,0.0,0,0,9.03,71.4,21.54,22.1,1420.22,7939.1,1777201764.739,1777201899.792,ok
GCP,server,isolated,2048,16,3,107.537488,19.0445,0.0,0.0,0.0,0.0,0,0,12.99,71.3,24.08,69.9,1623.49,7939.1,1777201906.033,1777202032.337,ok
GCP,server,isolated,2048,16,4,125.677782,16.2956,0.0,0.0,0.0,0.0,0,0,9.97,74.0,21.08,21.5,1383.51,7939.1,1777202037.717,1777202183.917,ok
GCP,server,isolated,2048,16,5,123.983613,16.5183,0.0,0.0,0.0,0.0,0,0,9.07,71.3,20.68,20.9,1352.32,7939.1,1777202189.919,1777202331.99,ok
GCP,server,isolated,2048,16,6,121.301012,16.8836,0.0,0.0,0.0,0.0,0,0,9.4,73.0,17.99,18.1,1137.1,7939.1,1777202338.552,1777202478.742,ok
GCP,server,isolated,2048,16,7,113.305816,18.075,0.0,0.0,0.0,0.0,0,0,12.89,74.5,21.04,74.1,1381.4,7939.1,1777202485.755,1777202620.707,ok
GCP,server,isolated,2048,16,8,124.878103,16.4,0.0,0.0,0.0,0.0,0,0,9.82,73.3,18.23,18.6,1156.8,7939.1,1777202626.314,1777202771.38,ok
GCP,server,isolated,2048,16,9,123.066602,16.6414,0.0,0.0,0.0,0.0,0,0,9.37,73.4,18.22,18.7,1155.43,7939.1,1777202778.074,1777202918.149,ok
GCP,server,isolated,2048,16,10,122.183991,16.7616,0.0,0.0,0.0,0.0,0,0,9.87,72.9,18.23,18.6,1157.41,7939.1,1777202925.408,1777203066.43,ok
GCP,presigned,isolated,2048,16,1,138.721195,14.7634,0.956318,0.208839,1.076976,0.229433,0,0,0.37,1.9,15.1,15.2,929.87,7939.1,1777203368.095,1777203505.977,ok
GCP,presigned,isolated,2048,16,2,139.913785,14.6376,1.204071,0.142543,1.086068,0.139606,0,0,0.3,0.7,15.13,15.2,931.48,7939.1,1777203511.974,1777203650.067,ok
GCP,presigned,isolated,2048,16,3,134.433272,15.2343,1.369091,0.500879,1.043745,0.268699,0,0,0.35,1.7,15.1,15.1,928.37,7939.1,1777203657.398,1777203791.231,ok
GCP,presigned,isolated,2048,16,4,137.617636,14.8818,1.037885,0.494831,1.068629,0.202789,0,0,0.38,2.7,15.1,15.1,926.45,7939.1,1777203797.336,1777203933.195,ok
GCP,presigned,isolated,2048,16,5,138.321201,14.8061,0.968949,0.498891,1.074123,0.208981,0,0,0.36,2.1,15.08,15.1,924.28,7939.1,1777203940.465,1777204078.468,ok
GCP,presigned,isolated,2048,16,6,141.283209,14.4957,1.00499,0.238718,1.093881,0.251971,0,0,0.39,1.4,15.06,15.1,924.37,7939.1,1777204084.084,1777204224.041,ok
GCP,presigned,isolated,2048,16,7,137.196978,14.9274,0.955728,0.253778,1.065179,0.191606,0,0,0.51,3.5,15.01,15.1,923.3,7939.1,1777204230.59,1777204366.481,ok
GCP,presigned,isolated,2048,16,8,137.29713,14.9166,1.694698,0.203992,1.066076,0.174855,0,0,0.34,1.1,15.0,15.0,921.24,7939.1,1777204372.998,1777204508.882,ok
GCP,presigned,isolated,2048,16,9,137.301346,14.9161,0.912997,0.210146,1.065902,0.158004,0,0,0.29,0.6,15.0,15.0,919.96,7939.1,1777204515.518,1777204651.415,ok
GCP,presigned,isolated,2048,16,10,138.395171,14.7982,0.971044,0.131789,1.07456,0.195226,0,0,1.37,50.3,14.04,15.0,844.38,7939.1,1777204657.967,1777204794.778,ok
AWS,server,isolated,2048,25,1,39.121219,52.3501,0.0,0.0,0.0,0.0,0,0,62.36,78.8,20.48,22.6,1338.12,7939.1,1777204972.369,1777205028.981,ok
AWS,server,isolated,2048,25,2,38.912561,52.6308,0.0,0.0,0.0,0.0,0,0,63.26,76.5,23.73,25.4,1595.62,7939.1,1777205035.774,1777205092.547,ok
AWS,server,isolated,2048,25,3,37.28012,54.9354,0.0,0.0,0.0,0.0,0,0,64.39,90.1,22.11,25.3,1467.87,7939.1,1777205099.084,1777205153.429,ok
AWS,server,isolated,2048,25,4,37.841419,54.1206,0.0,0.0,0.0,0.0,0,0,61.87,74.6,21.03,22.7,1380.2,7939.1,1777205159.844,1777205214.475,ok
AWS,server,isolated,2048,25,5,37.370042,54.8033,0.0,0.0,0.0,0.0,0,0,62.43,76.0,22.99,24.3,1537.93,7939.1,1777205221.395,1777205276.17,ok
AWS,server,isolated,2048,25,6,38.53296,53.1493,0.0,0.0,0.0,0.0,0,0,63.21,74.2,24.17,26.1,1630.96,7939.1,1777205282.696,1777205339.502,ok
AWS,server,isolated,2048,25,7,36.723427,55.7682,0.0,0.0,0.0,0.0,0,0,62.85,85.2,26.11,27.8,1785.25,7939.1,1777205344.736,1777205399.354,ok
AWS,server,isolated,2048,25,8,37.54471,54.5483,0.0,0.0,0.0,0.0,0,0,63.96,73.7,26.76,28.4,1836.46,7939.1,1777205405.084,1777205459.892,ok
AWS,server,isolated,2048,25,9,44.064905,46.4769,0.0,0.0,0.0,0.0,0,0,62.84,86.2,31.61,80.1,2224.14,7939.1,1777205466.381,1777205540.653,ok
AWS,server,isolated,2048,25,10,48.141683,42.5411,0.0,0.0,0.0,0.0,0,0,64.11,77.2,27.79,29.7,1917.48,7939.1,1777205546.257,1777205613.426,ok
AWS,presigned,isolated,2048,25,1,28.167037,72.7091,0.342487,0.256198,0.332056,0.017722,0,0,0.73,2.3,23.9,23.9,1628.87,7939.1,1777205683.108,1777205709.489,ok
AWS,presigned,isolated,2048,25,2,28.590663,71.6318,0.337066,0.185484,0.336297,0.023174,0,0,0.43,1.0,23.9,23.9,1629.0,7939.1,1777205716.467,1777205744.872,ok
AWS,presigned,isolated,2048,25,3,29.992287,68.2842,0.359433,0.197906,0.351445,0.044844,0,0,0.56,1.8,23.88,23.9,1624.62,7939.1,1777205750.265,1777205778.706,ok
AWS,presigned,isolated,2048,25,4,31.616657,64.776,0.45075,0.157022,0.345339,0.045037,0,0,0.42,1.1,23.9,23.9,1623.38,7939.1,1777205785.518,1777205816.075,ok
AWS,presigned,isolated,2048,25,5,29.536981,69.3368,0.348314,0.220293,0.348014,0.109339,0,0,0.67,2.1,23.9,23.9,1623.73,7939.1,1777205822.283,1777205850.704,ok
AWS,presigned,isolated,2048,25,6,29.742101,68.8586,0.385481,0.126431,0.350229,0.12591,0,0,0.65,2.0,23.9,23.9,1624.07,7939.1,1777205856.961,1777205885.379,ok
AWS,presigned,isolated,2048,25,7,29.674791,69.0148,0.371624,0.097296,0.349496,0.04338,0,0,0.42,0.9,23.9,23.9,1624.42,7939.1,1777205891.801,1777205920.253,ok
AWS,presigned,isolated,2048,25,8,28.826351,71.0461,0.331298,0.179691,0.33848,0.025295,0,0,0.51,1.3,23.9,23.9,1623.2,7939.1,1777205926.674,1777205955.118,ok
AWS,presigned,isolated,2048,25,9,28.887119,70.8967,0.35835,0.106104,0.33969,0.027365,0,0,0.42,1.0,23.9,23.9,1623.1,7939.1,1777205960.617,1777205989.037,ok
AWS,presigned,isolated,2048,25,10,28.969509,70.695,0.339414,0.18505,0.340814,0.026005,0,0,0.78,3.2,23.9,23.9,1623.31,7939.1,1777205994.701,1777206023.132,ok
AZURE,server,isolated,2048,25,1,18.010709,113.7101,0.0,0.0,0.0,0.0,0,0,38.08,72.7,24.41,24.6,1652.7,7939.1,1777206134.213,1777206172.826,ok
AZURE,server,isolated,2048,25,2,18.338654,111.6767,0.0,0.0,0.0,0.0,0,0,36.29,72.1,24.41,24.6,1652.55,7939.1,1777206178.542,1777206214.601,ok
AZURE,server,isolated,2048,25,3,17.901076,114.4065,0.0,0.0,0.0,0.0,0,0,36.88,69.4,24.5,24.8,1658.61,7939.1,1777206220.991,1777206257.214,ok
AZURE,server,isolated,2048,25,4,17.658781,115.9763,0.0,0.0,0.0,0.0,0,0,37.64,72.1,24.61,24.9,1668.11,7939.1,1777206263.79,1777206300.084,ok
AZURE,server,isolated,2048,25,5,17.82152,114.9172,0.0,0.0,0.0,0.0,0,0,36.38,71.5,24.61,24.8,1668.22,7939.1,1777206307.04,1777206343.492,ok
AZURE,server,isolated,2048,25,6,17.220973,118.9248,0.0,0.0,0.0,0.0,0,0,37.25,72.2,24.61,24.9,1668.61,7939.1,1777206350.064,1777206384.487,ok
AZURE,server,isolated,2048,25,7,18.749077,109.232,0.0,0.0,0.0,0.0,0,0,36.59,71.4,24.61,25.0,1667.63,7939.1,1777206391.648,1777206427.878,ok
AZURE,server,isolated,2048,25,8,17.273653,118.5621,0.0,0.0,0.0,0.0,0,0,35.72,71.3,24.61,24.8,1668.12,7939.1,1777206434.975,1777206471.354,ok
AZURE,server,isolated,2048,25,9,17.462064,117.2828,0.0,0.0,0.0,0.0,0,0,37.6,74.1,24.61,24.9,1668.45,7939.1,1777206476.58,1777206511.042,ok
AZURE,server,isolated,2048,25,10,17.683385,115.8149,0.0,0.0,0.0,0.0,0,0,39.1,73.1,24.65,24.9,1670.44,7939.1,1777206517.634,1777206553.833,ok
AZURE,presigned,isolated,2048,25,1,61.083286,33.528,0.595296,0.038702,0.73171,0.179371,0,0,4.4,30.0,31.63,79.7,2239.27,7939.1,1777206679.674,1777206740.59,ok
AZURE,presigned,isolated,2048,25,2,61.59909,33.2472,0.763628,0.027348,0.740169,0.157659,0,0,0.3,0.9,24.7,24.7,1692.55,7939.1,1777206745.788,1777206806.599,ok
AZURE,presigned,isolated,2048,25,3,59.142314,34.6283,0.721406,0.029925,0.70861,0.133627,0,0,0.32,0.7,24.7,24.7,1691.5,7939.1,1777206812.43,1777206871.24,ok
AZURE,presigned,isolated,2048,25,4,59.873818,34.2053,0.491749,0.029097,0.718576,0.140792,0,0,0.35,0.9,24.7,24.7,1691.19,7939.1,1777206876.609,1777206935.474,ok
AZURE,presigned,isolated,2048,25,5,58.281576,35.1398,0.697709,0.031329,0.698296,0.113416,0,0,0.34,0.9,24.7,24.8,1687.55,7939.1,1777206941.526,1777206998.501,ok
AZURE,presigned,isolated,2048,25,6,60.922131,33.6167,0.936574,0.03825,0.731798,0.154235,0,0,0.27,0.8,24.7,24.7,1686.44,7939.1,1777207004.863,1777207065.688,ok
AZURE,presigned,isolated,2048,25,7,57.082938,35.8776,0.859567,0.029714,0.685408,0.132839,0,0,0.3,0.6,24.61,24.7,1683.52,7939.1,1777207070.822,1777207127.594,ok
AZURE,presigned,isolated,2048,25,8,57.687056,35.5019,0.616531,0.028702,0.692081,0.120168,0,0,0.25,0.5,24.6,24.6,1683.02,7939.1,1777207132.937,1777207189.701,ok
AZURE,presigned,isolated,2048,25,9,58.965995,34.7319,0.662353,0.031244,0.705126,0.137967,0,0,0.44,1.5,24.54,24.6,1678.55,7939.1,1777207195.663,1777207254.58,ok
AZURE,presigned,isolated,2048,25,10,62.308922,32.8685,0.661174,0.057675,0.726375,0.142704,0,0,1.09,1.7,24.48,24.6,1670.97,7939.1,1777207259.741,1777207320.704,ok
GCP,server,isolated,2048,25,1,85.926798,23.8342,0.0,0.0,0.0,0.0,0,0,12.08,72.4,24.74,25.2,1670.68,7939.1,1777207581.438,1777207685.067,ok
GCP,server,isolated,2048,25,2,86.618576,23.6439,0.0,0.0,0.0,0.0,0,0,12.01,73.5,24.72,25.1,1668.67,7939.1,1777207691.836,1777207797.535,ok
GCP,server,isolated,2048,25,3,88.007096,23.2709,0.0,0.0,0.0,0.0,0,0,11.31,72.3,24.42,24.8,1645.37,7939.1,1777207802.829,1777207908.448,ok
GCP,server,isolated,2048,25,4,88.953241,23.0233,0.0,0.0,0.0,0.0,0,0,15.7,72.2,27.03,73.7,1856.26,7939.1,1777207914.358,1777208025.346,ok
GCP,server,isolated,2048,25,5,83.887195,24.4137,0.0,0.0,0.0,0.0,0,0,13.3,73.1,24.23,24.7,1634.36,7939.1,1777208030.938,1777208134.637,ok
GCP,server,isolated,2048,25,6,96.541348,21.2137,0.0,0.0,0.0,0.0,0,0,10.61,70.0,23.84,24.1,1602.85,7939.1,1777208140.917,1777208254.602,ok
GCP,server,isolated,2048,25,7,94.785323,21.6067,0.0,0.0,0.0,0.0,0,0,11.28,71.5,23.68,23.9,1590.61,7939.1,1777208261.27,1777208372.966,ok
GCP,server,isolated,2048,25,8,85.363336,23.9916,0.0,0.0,0.0,0.0,0,0,12.29,69.2,23.78,24.0,1597.72,7939.1,1777208380.119,1777208483.718,ok
GCP,server,isolated,2048,25,9,93.04908,22.0099,0.0,0.0,0.0,0.0,0,0,14.95,73.8,26.58,74.0,1821.92,7939.1,1777208490.361,1777208605.2,ok
GCP,server,isolated,2048,25,10,89.254725,22.9456,0.0,0.0,0.0,0.0,0,0,12.17,72.7,23.84,24.1,1603.76,7939.1,1777208610.948,1777208720.562,ok
GCP,presigned,isolated,2048,25,1,107.240823,19.0972,1.111322,0.463228,1.297687,0.234072,0,0,0.29,0.5,23.0,23.0,1559.83,7939.1,1777208952.072,1777209057.535,ok
GCP,presigned,isolated,2048,25,2,105.762348,19.3642,1.386786,0.519225,1.277334,0.256865,0,0,0.35,0.7,23.0,23.0,1558.26,7939.1,1777209064.842,1777209168.827,ok
GCP,presigned,isolated,2048,25,3,99.928601,20.4946,1.092767,0.571838,1.206777,0.176927,0,0,3.86,30.0,28.49,77.8,1993.4,7939.1,1777209176.241,1777209276.056,ok
GCP,presigned,isolated,2048,25,4,97.344459,21.0387,1.056198,0.500692,1.176941,0.139116,0,0,0.91,21.8,23.46,23.6,1594.2,7939.1,1777209281.64,1777209377.023,ok
GCP,presigned,isolated,2048,25,5,102.147055,20.0495,1.518556,0.438972,1.236142,0.164484,0,0,5.01,52.7,23.52,24.1,1598.1,7939.1,1777209384.438,1777209485.838,ok
GCP,presigned,isolated,2048,25,6,104.415523,19.6139,1.12076,0.213408,1.264127,0.19269,0,0,0.3,0.8,23.3,23.3,1580.83,7939.1,1777209491.813,1777209595.232,ok
GCP,presigned,isolated,2048,25,7,112.170859,18.2579,1.176409,0.134747,1.354676,0.507787,0,0,0.26,0.5,23.3,23.3,1579.04,7939.1,1777209601.372,1777209713.227,ok
GCP,presigned,isolated,2048,25,8,105.582911,19.3971,1.313653,0.238322,1.255575,0.228826,0,0,0.32,0.9,23.2,23.2,1571.46,7939.1,1777209718.818,1777209824.318,ok
GCP,presigned,isolated,2048,25,9,98.967811,20.6936,1.049229,0.510817,1.197651,0.186431,0,0,0.32,0.7,23.2,23.2,1571.26,7939.1,1777209829.918,1777209927.293,ok
GCP,presigned,isolated,2048,25,10,101.42317,20.1926,1.095127,0.138903,1.227673,0.249344,0,0,0.27,0.5,23.2,23.2,1571.2,7939.1,1777209934.035,1777210035.426,ok
AWS,server,isolated,2048,50,1,38.563176,53.1077,0.0,0.0,0.0,0.0,0,0,62.31,72.7,28.64,32.3,1986.38,7939.1,1777210181.346,1777210238.07,ok
AWS,server,isolated,2048,50,2,38.137669,53.7002,0.0,0.0,0.0,0.0,0,0,63.21,76.0,28.69,32.0,1989.83,7939.1,1777210244.187,1777210299.079,ok
AWS,server,isolated,2048,50,3,38.402685,53.3296,0.0,0.0,0.0,0.0,0,0,61.8,75.2,29.34,33.8,2041.44,7939.1,1777210306.072,1777210362.841,ok
AWS,server,isolated,2048,50,4,40.15409,51.0035,0.0,0.0,0.0,0.0,0,0,60.33,75.6,28.41,32.5,1969.01,7939.1,1777210368.229,1777210430.223,ok
AWS,server,isolated,2048,50,5,37.977763,53.9263,0.0,0.0,0.0,0.0,0,0,63.14,77.8,29.32,33.4,2040.65,7939.1,1777210436.102,1777210492.86,ok
AWS,server,isolated,2048,50,6,36.888601,55.5185,0.0,0.0,0.0,0.0,0,0,63.93,77.1,28.76,32.6,1996.24,7939.1,1777210498.649,1777210553.356,ok
AWS,server,isolated,2048,50,7,37.263708,54.9596,0.0,0.0,0.0,0.0,0,0,62.96,77.4,29.53,33.8,2056.61,7939.1,1777210559.304,1777210614.012,ok
AWS,server,isolated,2048,50,8,36.947758,55.4296,0.0,0.0,0.0,0.0,0,0,61.34,76.4,28.96,32.8,2011.85,7939.1,1777210620.388,1777210675.111,ok
AWS,server,isolated,2048,50,9,44.66505,45.8524,0.0,0.0,0.0,0.0,0,0,69.47,91.1,35.4,78.2,2524.17,7939.1,1777210681.548,1777210744.623,ok
AWS,server,isolated,2048,50,10,36.970348,55.3957,0.0,0.0,0.0,0.0,0,0,62.56,83.2,28.41,31.9,1967.69,7939.1,1777210750.014,1777210804.874,ok
AWS,presigned,isolated,2048,50,1,24.95924,82.0538,0.548972,0.078908,0.560349,0.019459,0,0,0.51,0.9,23.2,23.2,1570.03,7939.1,1777210866.955,1777210891.311,ok
AWS,presigned,isolated,2048,50,2,25.153627,81.4197,0.543773,0.154372,0.564695,0.026127,0,0,0.56,1.4,23.2,23.2,1569.24,7939.1,1777210897.075,1777210921.429,ok
AWS,presigned,isolated,2048,50,3,26.736619,76.5991,0.679356,0.185075,0.580071,0.043659,0,0,0.44,1.2,23.2,23.2,1569.95,7939.1,1777210927.499,1777210954.056,ok
AWS,presigned,isolated,2048,50,4,27.396987,74.7527,0.545046,0.079971,0.591421,0.119137,0,0,0.37,1.0,23.2,23.2,1570.6,7939.1,1777210959.247,1777210985.93,ok
AWS,presigned,isolated,2048,50,5,25.590252,80.0305,0.551571,0.154979,0.561168,0.022842,0,0,0.45,0.9,23.2,23.2,1570.59,7939.1,1777210991.807,1777211016.198,ok
AWS,presigned,isolated,2048,50,6,25.355624,80.771,0.565158,0.079437,0.565277,0.022689,0,0,0.38,1.1,23.2,23.2,1570.92,7939.1,1777211022.485,1777211046.864,ok
AWS,presigned,isolated,2048,50,7,25.2921,80.9739,0.561464,0.085413,0.565306,0.021457,0,0,0.35,0.8,23.2,23.2,1571.0,7939.1,1777211052.933,1777211077.329,ok
AWS,presigned,isolated,2048,50,8,25.264294,81.063,0.577426,0.187981,0.565325,0.028462,0,0,0.57,1.8,23.2,23.2,1571.11,7939.1,1777211083.421,1777211107.805,ok
AWS,presigned,isolated,2048,50,9,27.212166,75.2605,0.54134,0.151368,0.612474,0.293566,0,0,0.32,0.8,23.2,23.2,1571.1,7939.1,1777211113.844,1777211140.243,ok
AWS,presigned,isolated,2048,50,10,24.950034,82.0841,0.562816,0.074485,0.556708,0.015586,0,0,0.28,0.7,23.2,23.2,1571.02,7939.1,1777211146.136,1777211170.499,ok
AZURE,server,isolated,2048,50,1,18.835758,108.7294,0.0,0.0,0.0,0.0,0,0,34.96,73.9,24.11,24.3,1628.91,7939.1,1777211260.628,1777211297.053,ok
AZURE,server,isolated,2048,50,2,18.890963,108.4116,0.0,0.0,0.0,0.0,0,0,49.94,70.3,34.19,74.2,2429.8,7939.1,1777211303.23,1777211341.906,ok
AZURE,server,isolated,2048,50,3,17.575071,116.5287,0.0,0.0,0.0,0.0,0,0,39.12,70.3,23.98,24.2,1620.31,7939.1,1777211347.255,1777211383.579,ok
AZURE,server,isolated,2048,50,4,17.756129,115.3405,0.0,0.0,0.0,0.0,0,0,35.52,82.8,21.78,24.2,1445.36,7939.1,1777211390.399,1777211426.725,ok
AZURE,server,isolated,2048,50,5,18.156918,112.7945,0.0,0.0,0.0,0.0,0,0,38.14,94.1,20.81,21.1,1366.16,7939.1,1777211433.016,1777211469.775,ok
AZURE,server,isolated,2048,50,6,18.204121,112.502,0.0,0.0,0.0,0.0,0,0,38.35,72.5,21.05,21.3,1387.08,7939.1,1777211475.973,1777211510.184,ok
AZURE,server,isolated,2048,50,7,18.437002,111.081,0.0,0.0,0.0,0.0,0,0,34.95,71.6,21.08,21.3,1388.65,7939.1,1777211517.284,1777211551.662,ok
AZURE,server,isolated,2048,50,8,17.320232,118.2432,0.0,0.0,0.0,0.0,0,0,32.19,71.4,21.04,21.3,1387.98,7939.1,1777211558.842,1777211596.305,ok
AZURE,server,isolated,2048,50,9,17.978874,113.9115,0.0,0.0,0.0,0.0,0,0,37.19,74.4,20.96,21.3,1380.15,7939.1,1777211602.819,1777211636.968,ok
AZURE,server,isolated,2048,50,10,17.699859,115.7071,0.0,0.0,0.0,0.0,0,0,34.08,71.4,20.98,21.2,1381.25,7939.1,1777211643.951,1777211678.429,ok
AZURE,presigned,isolated,2048,50,1,58.271953,35.1456,0.840525,0.234355,1.374326,0.220558,0,0,0.29,0.5,20.7,20.7,1372.68,7939.1,1777211800.817,1777211857.594,ok
AZURE,presigned,isolated,2048,50,2,56.595327,36.1867,1.385174,0.0316,1.328756,0.218487,0,0,0.3,0.5,20.7,20.7,1372.67,7939.1,1777211864.13,1777211918.947,ok
AZURE,presigned,isolated,2048,50,3,59.429548,34.461,1.276402,0.031073,1.372742,0.229513,0,0,5.71,30.9,28.94,77.1,2027.18,7939.1,1777211925.762,1777211984.825,ok
AZURE,presigned,isolated,2048,50,4,55.518415,36.8887,1.164945,0.028737,1.296361,0.199005,0,0,2.98,50.5,17.64,22.1,1133.16,7939.1,1777211990.234,1777212043.989,ok
AZURE,presigned,isolated,2048,50,5,57.962865,35.333,1.291078,0.025476,1.365895,0.219368,0,0,0.34,0.9,17.1,17.1,1090.58,7939.1,1777212050.786,1777212107.626,ok
AZURE,presigned,isolated,2048,50,6,60.873881,33.6433,1.367049,0.035292,1.423937,0.171255,0,0,0.33,0.7,17.11,17.2,1091.04,7939.1,1777212113.798,1777212172.753,ok
AZURE,presigned,isolated,2048,50,7,68.172205,30.0416,1.952014,0.029819,1.61097,0.279788,0,0,0.32,0.8,17.2,17.2,1094.58,7939.1,1777212179.706,1777212246.693,ok
AZURE,presigned,isolated,2048,50,8,62.003039,33.0306,1.88049,0.027514,1.461271,0.311086,0,0,0.3,0.7,17.2,17.2,1094.43,7939.1,1777212252.91,1777212313.77,ok
AZURE,presigned,isolated,2048,50,9,60.407561,33.903,1.62474,0.024672,1.424961,0.240268,0,0,1.1,1.7,16.99,17.2,1079.64,7939.1,1777212319.947,1777212378.77,ok
AZURE,presigned,isolated,2048,50,10,58.172385,35.2057,1.092244,0.026658,1.369557,0.185542,0,0,0.32,0.7,16.9,16.9,1074.11,7939.1,1777212385.391,1777212442.157,ok
GCP,server,isolated,2048,50,1,68.385016,29.9481,0.0,0.0,0.0,0.0,0,0,15.93,71.9,18.22,19.1,1158.5,7939.1,1777212648.683,1777212737.757,ok
GCP,server,isolated,2048,50,2,64.338772,31.8315,0.0,0.0,0.0,0.0,0,0,14.93,73.4,18.16,18.6,1153.45,7939.1,1777212743.066,1777212824.435,ok
GCP,server,isolated,2048,50,3,60.085749,34.0846,0.0,0.0,0.0,0.0,0,0,16.29,70.7,18.05,19.0,1146.13,7939.1,1777212830.929,1777212913.252,ok
GCP,server,isolated,2048,50,4,58.704434,34.8866,0.0,0.0,0.0,0.0,0,0,16.3,69.3,18.13,18.9,1150.99,7939.1,1777212919.087,1777212996.203,ok
GCP,server,isolated,2048,50,5,66.248568,30.9139,0.0,0.0,0.0,0.0,0,0,14.26,72.6,18.17,18.5,1154.35,7939.1,1777213002.691,1777213085.805,ok
GCP,server,isolated,2048,50,6,66.145469,30.9621,0.0,0.0,0.0,0.0,0,0,18.66,71.1,18.79,33.9,1202.48,7939.1,1777213091.961,1777213177.368,ok
GCP,server,isolated,2048,50,7,64.708564,31.6496,0.0,0.0,0.0,0.0,0,0,21.73,63.9,19.54,68.4,1265.14,7939.1,1777213184.455,1777213275.799,ok
GCP,server,isolated,2048,50,8,65.452166,31.29,0.0,0.0,0.0,0.0,0,0,16.11,72.6,18.6,19.8,1188.51,7939.1,1777213282.968,1777213366.345,ok
GCP,server,isolated,2048,50,9,66.428796,30.83,0.0,0.0,0.0,0.0,0,0,14.87,69.5,18.32,18.8,1167.54,7939.1,1777213373.553,1777213463.152,ok
GCP,server,isolated,2048,50,10,59.606448,34.3587,0.0,0.0,0.0,0.0,0,0,16.49,69.7,18.62,19.5,1189.32,7939.1,1777213468.412,1777213546.365,ok
GCP,presigned,isolated,2048,50,1,67.607035,30.2927,1.59794,0.134251,1.609047,0.14122,0,0,0.25,0.7,13.7,13.7,820.81,7939.1,1777213697.676,1777213764.616,ok
GCP,presigned,isolated,2048,50,2,77.12187,26.5554,3.022741,0.319911,1.840141,0.639817,0,0,4.73,30.9,21.23,69.3,1414.17,7939.1,1777213770.62,1777213845.723,ok
GCP,presigned,isolated,2048,50,3,73.749495,27.7697,1.750002,0.137821,1.758528,0.377362,0,0,0.26,0.7,14.05,14.1,845.26,7939.1,1777213852.892,1777213925.915,ok
GCP,presigned,isolated,2048,50,4,72.171489,28.3769,1.470476,0.428411,1.715185,0.203569,0,0,0.29,0.5,14.0,14.0,844.77,7939.1,1777213932.084,1777214003.217,ok
GCP,presigned,isolated,2048,50,5,68.971202,29.6936,1.519591,0.367021,1.641351,0.162083,0,0,0.4,1.7,14.1,14.1,847.56,7939.1,1777214009.634,1777214076.568,ok
GCP,presigned,isolated,2048,50,6,69.551932,29.4456,1.810642,0.515944,1.658783,0.137918,0,0,0.31,0.7,14.1,14.1,850.39,7939.1,1777214084.133,1777214153.095,ok
GCP,presigned,isolated,2048,50,7,71.389944,28.6875,1.627184,0.144996,1.702971,0.14772,0,0,0.26,0.5,14.1,14.1,849.81,7939.1,1777214158.842,1777214229.789,ok
GCP,presigned,isolated,2048,50,8,67.964485,30.1334,1.454497,0.411053,1.615079,0.201563,0,0,0.27,0.5,14.1,14.1,849.18,7939.1,1777214235.652,1777214302.559,ok
GCP,presigned,isolated,2048,50,9,67.753901,30.227,1.448954,0.212742,1.614473,0.157218,0,0,0.3,0.6,14.1,14.1,848.62,7939.1,1777214308.846,1777214375.783,ok
GCP,presigned,isolated,2048,50,10,74.509385,27.4865,1.491949,0.509009,1.778598,0.63981,0,0,2.31,50.3,10.4,14.1,556.52,7939.1,1777214382.121,1777214456.028,ok
AWS,server,isolated,2048,100,1,37.831279,54.1351,0.0,0.0,0.0,0.0,0,0,61.49,80.5,19.58,26.2,1270.27,7939.1,1777214602.11,1777214660.134,ok
AWS,server,isolated,2048,100,2,37.102953,55.1978,0.0,0.0,0.0,0.0,0,0,64.27,80.6,20.32,25.9,1327.37,7939.1,1777214667.348,1777214722.064,ok
AWS,server,isolated,2048,100,3,35.524265,57.6507,0.0,0.0,0.0,0.0,0,0,63.88,86.4,20.26,27.1,1321.59,7939.1,1777214728.002,1777214782.77,ok
AWS,server,isolated,2048,100,4,35.914051,57.025,0.0,0.0,0.0,0.0,0,0,63.89,80.8,21.01,26.8,1382.03,7939.1,1777214789.782,1777214842.321,ok
AWS,server,isolated,2048,100,5,40.239917,50.8947,0.0,0.0,0.0,0.0,0,0,63.13,77.9,21.31,27.1,1405.38,7939.1,1777214849.35,1777214908.251,ok
AWS,server,isolated,2048,100,6,36.900053,55.5013,0.0,0.0,0.0,0.0,0,0,63.17,76.6,21.2,27.3,1396.24,7939.1,1777214913.52,1777214968.202,ok
AWS,server,isolated,2048,100,7,41.576233,49.2589,0.0,0.0,0.0,0.0,0,0,63.03,80.1,21.52,27.1,1422.48,7939.1,1777214974.135,1777215032.91,ok
AWS,server,isolated,2048,100,8,35.814761,57.1831,0.0,0.0,0.0,0.0,0,0,63.37,80.3,21.87,28.8,1449.1,7939.1,1777215039.732,1777215092.678,ok
AWS,server,isolated,2048,100,9,36.488045,56.128,0.0,0.0,0.0,0.0,0,0,70.21,95.6,29.43,68.3,2050.29,7939.1,1777215099.617,1777215166.848,ok
AWS,server,isolated,2048,100,10,35.075113,58.389,0.0,0.0,0.0,0.0,0,0,67.75,98.1,21.52,29.2,1421.08,7939.1,1777215173.903,1777215226.927,ok
AWS,presigned,isolated,2048,100,1,23.160854,88.4251,1.030832,0.073498,1.002949,0.107214,0,0,0.42,1.1,11.84,11.9,672.84,7939.1,1777215284.725,1777215307.069,ok
AWS,presigned,isolated,2048,100,2,23.553226,86.952,1.026222,0.166523,1.01135,0.105347,0,0,0.51,1.8,11.9,11.9,675.7,7939.1,1777215313.062,1777215335.47,ok
AWS,presigned,isolated,2048,100,3,24.752774,82.7382,1.053191,0.140455,1.009101,0.106637,0,0,0.39,1.1,11.9,11.9,675.6,7939.1,1777215341.766,1777215366.13,ok
AWS,presigned,isolated,2048,100,4,22.966697,89.1726,1.053688,0.1403,1.001526,0.091444,0,0,0.45,1.1,11.9,11.9,675.6,7939.1,1777215371.666,1777215393.965,ok
AWS,presigned,isolated,2048,100,5,22.830902,89.703,1.003207,0.069058,0.995824,0.096234,0,0,0.4,0.7,11.9,11.9,675.87,7939.1,1777215399.707,1777215422.02,ok
AWS,presigned,isolated,2048,100,6,23.004302,89.0268,0.99967,0.14581,1.002772,0.114349,0,0,0.48,1.4,11.9,11.9,676.53,7939.1,1777215427.692,1777215450.009,ok
AWS,presigned,isolated,2048,100,7,23.087672,88.7053,1.015222,0.362114,1.003799,0.097505,0,0,0.72,2.6,11.9,11.9,676.5,7939.1,1777215456.067,1777215478.424,ok
AWS,presigned,isolated,2048,100,8,22.987258,89.0928,1.008608,0.075113,1.002861,0.111893,0,0,0.53,1.4,11.9,11.9,676.45,7939.1,1777215484.238,1777215506.583,ok
AWS,presigned,isolated,2048,100,9,22.956379,89.2127,1.019818,0.177281,0.998771,0.114817,0,0,0.64,1.3,11.9,11.9,676.48,7939.1,1777215512.412,1777215534.757,ok
AWS,presigned,isolated,2048,100,10,23.065259,88.7915,1.001255,0.135956,0.997245,0.107462,0,0,0.47,1.0,11.9,11.9,676.8,7939.1,1777215540.511,1777215562.898,ok
AZURE,server,isolated,2048,100,1,19.339629,105.8966,0.0,0.0,0.0,0.0,0,0,32.84,69.3,12.29,12.4,690.95,7939.1,1777215655.974,1777215694.618,ok
AZURE,server,isolated,2048,100,2,20.141615,101.68,0.0,0.0,0.0,0.0,0,0,37.64,71.7,15.74,39.0,965.82,7939.1,1777215699.921,1777215738.524,ok
AZURE,server,isolated,2048,100,3,20.374252,100.519,0.0,0.0,0.0,0.0,0,0,39.4,65.9,12.58,17.1,714.56,7939.1,1777215744.858,1777215789.333,ok
AZURE,server,isolated,2048,100,4,21.271784,96.2778,0.0,0.0,0.0,0.0,0,0,32.38,71.2,12.12,12.4,678.08,7939.1,1777215795.154,1777215834.394,ok
AZURE,server,isolated,2048,100,5,20.59428,99.4451,0.0,0.0,0.0,0.0,0,0,30.34,70.8,12.14,12.3,679.74,7939.1,1777215840.501,1777215882.425,ok
AZURE,server,isolated,2048,100,6,19.681124,104.0591,0.0,0.0,0.0,0.0,0,0,36.91,70.3,12.1,12.3,675.63,7939.1,1777215888.784,1777215927.684,ok
AZURE,server,isolated,2048,100,7,19.346785,105.8574,0.0,0.0,0.0,0.0,0,0,37.55,69.6,12.15,12.4,679.52,7939.1,1777215934.86,1777215973.39,ok
AZURE,server,isolated,2048,100,8,19.860377,103.1199,0.0,0.0,0.0,0.0,0,0,36.31,71.1,12.12,12.3,677.23,7939.1,1777215980.531,1777216019.357,ok
AZURE,server,isolated,2048,100,9,18.719631,109.4039,0.0,0.0,0.0,0.0,0,0,36.15,70.1,12.12,12.3,676.35,7939.1,1777216026.151,1777216064.687,ok
AZURE,server,isolated,2048,100,10,18.903132,108.3418,0.0,0.0,0.0,0.0,0,0,36.6,70.6,12.15,12.3,680.64,7939.1,1777216070.435,1777216109.108,ok
AZURE,presigned,isolated,2048,100,1,51.96334,39.4124,2.605201,0.027469,2.382732,0.390759,0,0,0.27,0.7,11.7,11.7,663.43,7939.1,1777216230.788,1777216281.48,ok
AZURE,presigned,isolated,2048,100,2,52.157331,39.2658,2.390203,0.030055,2.378034,0.403399,0,0,0.31,0.7,11.75,11.8,663.48,7939.1,1777216287.791,1777216338.591,ok
AZURE,presigned,isolated,2048,100,3,53.74153,38.1083,3.097865,0.045072,2.452498,0.542653,0,0,7.49,33.1,25.12,77.8,1725.51,7939.1,1777216345.009,1777216397.829,ok
AZURE,presigned,isolated,2048,100,4,57.942734,35.3452,2.63708,0.029429,2.630861,0.372953,0,0,0.43,2.0,12.3,12.3,703.99,7939.1,1777216403.777,1777216460.708,ok
AZURE,presigned,isolated,2048,100,5,52.183799,39.2459,2.33596,0.031228,2.389995,0.325278,0,0,0.32,0.5,12.3,12.3,703.75,7939.1,1777216466.762,1777216517.51,ok
AZURE,presigned,isolated,2048,100,6,54.596724,37.5114,2.462821,0.033069,2.499771,0.42547,0,0,0.3,0.5,12.3,12.3,703.6,7939.1,1777216523.989,1777216576.749,ok
AZURE,presigned,isolated,2048,100,7,54.239318,37.7586,2.501124,0.304726,2.483283,0.501769,0,0,0.49,1.8,12.29,12.3,703.71,7939.1,1777216583.89,1777216636.662,ok
AZURE,presigned,isolated,2048,100,8,52.162986,39.2616,2.72957,0.03141,2.387896,0.336425,0,0,0.33,0.7,12.3,12.3,704.21,7939.1,1777216643.173,1777216693.908,ok
AZURE,presigned,isolated,2048,100,9,51.846595,39.5011,2.319096,0.030035,2.371335,0.3548,0,0,0.33,0.7,12.3,12.3,704.12,7939.1,1777216700.373,1777216751.112,ok
AZURE,presigned,isolated,2048,100,10,54.907571,37.299,2.222201,0.030225,2.518014,0.446151,0,0,0.3,0.6,12.3,12.3,703.97,7939.1,1777216757.269,1777216812.053,ok
GCP,server,isolated,2048,100,1,50.952134,40.1946,0.0,0.0,0.0,0.0,0,0,21.75,65.8,14.48,16.9,861.81,7939.1,1777216977.733,1777217052.723,ok
GCP,server,isolated,2048,100,2,51.350396,39.8828,0.0,0.0,0.0,0.0,0,0,18.64,72.9,14.28,15.2,846.66,7939.1,1777217057.981,1777217130.738,ok
GCP,server,isolated,2048,100,3,52.877229,38.7312,0.0,0.0,0.0,0.0,0,0,17.77,70.5,14.88,16.8,893.18,7939.1,1777217137.724,1777217208.937,ok
GCP,server,isolated,2048,100,4,50.462931,40.5842,0.0,0.0,0.0,0.0,0,0,18.37,70.9,14.81,16.6,888.05,7939.1,1777217215.553,1777217284.71,ok
GCP,server,isolated,2048,100,5,50.729837,40.3707,0.0,0.0,0.0,0.0,0,0,18.54,69.6,14.49,15.3,864.05,7939.1,1777217290.467,1777217359.803,ok
GCP,server,isolated,2048,100,6,51.495807,39.7702,0.0,0.0,0.0,0.0,0,0,17.54,70.2,15.09,17.1,910.46,7939.1,1777217365.688,1777217434.641,ok
GCP,server,isolated,2048,100,7,50.328825,40.6924,0.0,0.0,0.0,0.0,0,0,19.69,71.4,14.85,16.4,891.27,7939.1,1777217441.137,1777217510.192,ok
GCP,server,isolated,2048,100,8,50.608216,40.4677,0.0,0.0,0.0,0.0,0,0,21.84,69.4,17.42,44.8,1095.35,7939.1,1777217516.408,1777217585.559,ok
GCP,server,isolated,2048,100,9,50.836131,40.2863,0.0,0.0,0.0,0.0,0,0,24.15,64.2,16.13,64.4,994.48,7939.1,1777217591.331,1777217666.722,ok
GCP,server,isolated,2048,100,10,54.715611,37.4299,0.0,0.0,0.0,0.0,0,0,16.96,74.4,14.83,16.2,890.86,7939.1,1777217673.62,1777217750.346,ok
GCP,presigned,isolated,2048,100,1,53.944323,37.9651,2.161648,0.136423,2.468485,0.303066,0,0,0.27,0.5,12.6,12.6,730.66,7939.1,1777217870.865,1777217923.717,ok
GCP,presigned,isolated,2048,100,2,55.982913,36.5826,2.312933,0.147047,2.589869,0.313949,0,0,0.38,1.9,12.6,12.6,730.74,7939.1,1777217929.975,1777217984.725,ok
GCP,presigned,isolated,2048,100,3,53.180803,38.5101,2.300509,0.41537,2.455023,0.259692,0,0,0.42,1.0,12.6,12.6,730.67,7939.1,1777217991.378,1777218044.231,ok
GCP,presigned,isolated,2048,100,4,54.635177,37.485,2.700896,0.151512,2.526704,0.156291,0,0,0.3,0.5,12.6,12.6,730.84,7939.1,1777218049.724,1777218102.473,ok
GCP,presigned,isolated,2048,100,5,52.718218,38.8481,2.625824,0.450103,2.435596,0.183967,0,0,0.26,0.5,12.6,12.6,731.33,7939.1,1777218109.822,1777218160.554,ok
GCP,presigned,isolated,2048,100,6,53.525668,38.262,2.569609,0.538643,2.47438,0.22087,0,0,6.79,33.5,23.21,74.7,1573.32,7939.1,1777218168.095,1777218220.872,ok
GCP,presigned,isolated,2048,100,7,54.841306,37.3441,2.447168,0.447741,2.509392,0.209687,0,0,0.61,8.9,13.24,14.8,780.3,7939.1,1777218227.079,1777218280.0,ok
GCP,presigned,isolated,2048,100,8,52.71226,38.8524,2.545092,0.514368,2.432656,0.224989,0,0,0.28,0.7,12.9,12.9,752.36,7939.1,1777218287.444,1777218338.152,ok
GCP,presigned,isolated,2048,100,9,55.572208,36.853,2.555082,0.421129,2.566248,0.367953,0,0,0.26,0.5,12.9,12.9,751.9,7939.1,1777218345.587,1777218400.378,ok
GCP,presigned,isolated,2048,100,10,56.712527,36.112,2.979504,0.498557,2.622659,0.390437,0,0,0.37,0.7,12.88,12.9,750.43,7939.1,1777218406.675,1777218461.487,ok
AWS,server,simultaneous,50,5,1,1.819662,27.4776,0.0,0.0,0.0,0.0,0,0,18.1,18.9,13.15,13.8,774.15,7939.1,1777218494.746,1777218496.804,ok
AZURE,server,simultaneous,50,5,1,1.433087,34.8897,0.0,0.0,0.0,0.0,0,0,50.4,100.0,13.15,13.8,775.1,7939.1,1777218494.746,1777218496.819,ok
GCP,server,simultaneous,50,5,1,8.056411,6.2062,0.0,0.0,0.0,0.0,0,0,43.46,100.0,12.66,13.8,735.26,7939.1,1777218494.754,1777218502.93,ok
AWS,server,simultaneous,50,5,2,1.725588,28.9756,0.0,0.0,0.0,0.0,0,0,48.4,96.3,13.0,13.6,765.15,7939.1,1777218509.054,1777218511.085,ok
AZURE,server,simultaneous,50,5,2,1.261891,39.6231,0.0,0.0,0.0,0.0,0,0,39.6,79.2,13.1,13.8,769.8,7939.1,1777218509.315,1777218511.341,ok
GCP,server,simultaneous,50,5,2,8.229435,6.0758,0.0,0.0,0.0,0.0,0,0,27.66,66.7,12.62,13.8,733.14,7939.1,1777218509.329,1777218517.434,ok
AWS,server,simultaneous,50,5,3,1.980068,25.2517,0.0,0.0,0.0,0.0,0,0,11.25,22.2,13.1,13.7,770.35,7939.1,1777218523.46,1777218525.494,ok
AZURE,server,simultaneous,50,5,3,1.510888,33.0931,0.0,0.0,0.0,0.0,0,0,36.7,66.7,13.1,13.7,769.05,7939.1,1777218523.691,1777218525.722,ok
GCP,server,simultaneous,50,5,3,9.011132,5.5487,0.0,0.0,0.0,0.0,0,0,29.05,79.5,12.63,13.7,732.33,7939.1,1777218523.614,1777218533.816,ok
AWS,server,simultaneous,50,5,4,1.676962,29.8158,0.0,0.0,0.0,0.0,0,0,43.1,85.4,13.15,13.7,772.35,7939.1,1777218539.046,1777218541.089,ok
AZURE,server,simultaneous,50,5,4,1.454187,34.3835,0.0,0.0,0.0,0.0,0,0,50.25,100.0,13.1,13.6,770.8,7939.1,1777218539.046,1777218541.108,ok
GCP,server,simultaneous,50,5,4,8.158469,6.1286,0.0,0.0,0.0,0.0,0,0,37.96,100.0,12.8,13.7,745.48,7939.1,1777218539.062,1777218547.194,ok
AWS,server,simultaneous,50,5,5,1.632308,30.6315,0.0,0.0,0.0,0.0,0,0,51.25,85.9,13.05,13.6,769.0,7939.1,1777218553.607,1777218555.645,ok
AZURE,server,simultaneous,50,5,5,1.296101,38.5772,0.0,0.0,0.0,0.0,0,0,50.3,100.0,13.05,13.6,769.0,7939.1,1777218553.619,1777218555.664,ok
GCP,server,simultaneous,50,5,5,8.578021,5.8289,0.0,0.0,0.0,0.0,0,0,29.46,66.7,13.1,13.6,771.9,7939.1,1777218553.617,1777218561.737,ok
AWS,server,simultaneous,50,5,6,1.633112,30.6164,0.0,0.0,0.0,0.0,0,0,43.1,85.7,13.25,13.7,785.3,7939.1,1777218568.625,1777218570.673,ok
AZURE,server,simultaneous,50,5,6,1.207654,41.4026,0.0,0.0,0.0,0.0,0,0,75.0,100.0,13.25,13.7,785.95,7939.1,1777218568.631,1777218570.686,ok
GCP,server,simultaneous,50,5,6,8.146661,6.1375,0.0,0.0,0.0,0.0,0,0,29.82,100.0,13.06,13.8,768.06,7939.1,1777218568.633,1777218576.783,ok
AWS,server,simultaneous,50,5,7,1.747516,28.612,0.0,0.0,0.0,0.0,0,0,52.75,94.8,13.35,13.8,787.05,7939.1,1777218583.188,1777218585.273,ok
AZURE,server,simultaneous,50,5,7,1.378437,36.273,0.0,0.0,0.0,0.0,0,0,50.45,100.0,13.3,13.7,785.25,7939.1,1777218583.333,1777218585.375,ok
GCP,server,simultaneous,50,5,7,8.053791,6.2083,0.0,0.0,0.0,0.0,0,0,31.54,72.2,12.96,13.7,759.44,7939.1,1777218583.333,1777218591.454,ok
AWS,server,simultaneous,50,5,8,1.701254,29.3901,0.0,0.0,0.0,0.0,0,0,50.4,100.0,13.15,13.7,774.45,7939.1,1777218597.725,1777218599.806,ok
AZURE,server,simultaneous,50,5,8,1.212998,41.2202,0.0,0.0,0.0,0.0,0,0,12.7,21.5,13.15,13.7,775.3,7939.1,1777218597.712,1777218599.752,ok
GCP,server,simultaneous,50,5,8,8.549883,5.848,0.0,0.0,0.0,0.0,0,0,45.5,100.0,12.7,13.7,739.08,7939.1,1777218597.725,1777218605.867,ok
AWS,server,simultaneous,50,5,9,1.699203,29.4256,0.0,0.0,0.0,0.0,0,0,37.1,68.1,13.2,13.9,777.95,7939.1,1777218613.095,1777218615.204,ok
AZURE,server,simultaneous,50,5,9,1.43623,34.8134,0.0,0.0,0.0,0.0,0,0,33.2,50.0,13.2,13.9,777.95,7939.1,1777218613.179,1777218615.211,ok
GCP,server,simultaneous,50,5,9,8.5208,5.868,0.0,0.0,0.0,0.0,0,0,25.02,61.0,12.66,13.7,737.56,7939.1,1777218612.926,1777218621.038,ok
AWS,server,simultaneous,50,5,10,1.640744,30.474,0.0,0.0,0.0,0.0,0,0,42.95,85.4,13.1,13.7,771.4,7939.1,1777218627.756,1777218629.806,ok
AZURE,server,simultaneous,50,5,10,1.322,37.8215,0.0,0.0,0.0,0.0,0,0,55.55,100.0,13.1,13.7,772.05,7939.1,1777218627.761,1777218629.823,ok
GCP,server,simultaneous,50,5,10,8.739533,5.7211,0.0,0.0,0.0,0.0,0,0,28.62,82.8,12.88,13.7,753.04,7939.1,1777218627.763,1777218636.066,ok
AWS,presigned,simultaneous,50,5,1,1.831441,27.3009,0.193507,0.167817,0.156891,0.024233,0,0,34.8,34.8,12.8,12.8,750.4,7939.1,1777218668.316,1777218668.316,ok
AZURE,presigned,simultaneous,50,5,1,2.695392,18.5502,0.197389,0.043958,0.260587,0.080606,0,0,0.95,1.4,12.8,12.8,750.4,7939.1,1777218668.196,1777218670.228,ok
GCP,presigned,simultaneous,50,5,1,10.030911,4.9846,1.067671,0.209135,1.001588,0.174796,0,0,1.38,2.9,12.8,12.8,750.34,7939.1,1777218668.37,1777218676.496,ok
AWS,presigned,simultaneous,50,5,2,1.60252,31.2009,0.139687,0.193159,0.143778,0.037078,0,0,1.3,1.3,12.8,12.8,750.2,7939.1,1777218683.6,1777218683.6,ok
AZURE,presigned,simultaneous,50,5,2,2.419633,20.6643,0.182345,0.054521,0.233966,0.059262,0,0,0.8,1.1,12.8,12.8,750.2,7939.1,1777218683.461,1777218685.488,ok
GCP,presigned,simultaneous,50,5,2,9.33054,5.3587,1.072609,0.138437,0.931611,0.171147,0,0,0.84,1.8,12.8,12.8,750.2,7939.1,1777218683.551,1777218691.659,ok
AWS,presigned,simultaneous,50,5,3,2.171702,23.0234,0.130519,0.236387,0.186712,0.092664,0,0,0.9,1.0,12.8,12.8,750.2,7939.1,1777218698.126,1777218700.151,ok
AZURE,presigned,simultaneous,50,5,3,2.423153,20.6343,0.171825,0.041687,0.234201,0.053327,0,0,1.6,2.7,12.8,12.8,750.2,7939.1,1777218697.926,1777218699.951,ok
GCP,presigned,simultaneous,50,5,3,9.564235,5.2278,1.037438,0.450812,0.954973,0.159302,0,0,4.02,15.7,12.8,12.8,750.2,7939.1,1777218698.342,1777218706.461,ok
AWS,presigned,simultaneous,50,5,4,1.754044,28.5056,0.200766,0.182474,0.150889,0.022995,0,0,1.1,1.1,12.8,12.8,750.2,7939.1,1777218713.103,1777218713.103,ok
AZURE,presigned,simultaneous,50,5,4,2.483775,20.1306,0.338301,0.052874,0.239923,0.056466,0,0,2.55,4.7,12.8,12.8,750.2,7939.1,1777218712.968,1777218715.003,ok
GCP,presigned,simultaneous,50,5,4,8.691931,5.7525,0.761543,0.157354,0.867614,0.207043,0,0,1.1,1.8,12.8,12.8,750.2,7939.1,1777218713.087,1777218721.211,ok
AWS,presigned,simultaneous,50,5,5,1.753953,28.507,0.18471,0.173357,0.152451,0.020951,0,0,32.0,32.0,12.8,12.8,750.1,7939.1,1777218726.948,1777218726.948,ok
AZURE,presigned,simultaneous,50,5,5,2.473844,20.2115,0.258941,0.045692,0.239171,0.071198,0,0,1.6,2.7,12.8,12.8,750.1,7939.1,1777218726.816,1777218728.842,ok
GCP,presigned,simultaneous,50,5,5,10.261894,4.8724,1.137019,0.133222,1.024674,0.124737,0,0,0.73,1.2,12.8,12.8,750.1,7939.1,1777218726.908,1777218737.045,ok
AWS,presigned,simultaneous,50,5,6,1.737081,28.7839,0.148736,0.169041,0.148856,0.020918,0,0,1.0,1.0,12.8,12.8,750.1,7939.1,1777218742.345,1777218742.345,ok
AZURE,presigned,simultaneous,50,5,6,2.232798,22.3934,0.293883,0.046326,0.214601,0.032973,0,0,1.15,1.7,12.8,12.8,750.1,7939.1,1777218742.224,1777218744.252,ok
GCP,presigned,simultaneous,50,5,6,10.581817,4.7251,1.039666,0.223119,1.056167,0.065526,0,0,1.27,4.9,12.8,12.8,750.1,7939.1,1777218742.408,1777218752.553,ok
AWS,presigned,simultaneous,50,5,7,1.679584,29.7693,0.147883,0.166264,0.144285,0.014392,0,0,32.0,32.0,12.8,12.8,750.1,7939.1,1777218758.159,1777218758.159,ok
AZURE,presigned,simultaneous,50,5,7,2.469572,20.2464,0.290376,0.042955,0.23804,0.060143,0,0,0.75,1.1,12.8,12.8,750.1,7939.1,1777218758.038,1777218760.061,ok
GCP,presigned,simultaneous,50,5,7,9.260819,5.3991,0.733133,0.428792,0.924631,0.198174,0,0,1.44,3.0,12.8,12.8,750.1,7939.1,1777218758.43,1777218766.539,ok
AWS,presigned,simultaneous,50,5,8,1.94342,25.7278,0.269265,0.179593,0.176347,0.048667,0,0,33.3,33.3,12.8,12.8,750.0,7939.1,1777218772.879,1777218772.879,ok
AZURE,presigned,simultaneous,50,5,8,2.484925,20.1213,0.244142,0.050897,0.241067,0.050693,0,0,1.7,2.8,12.8,12.8,750.0,7939.1,1777218772.744,1777218774.768,ok
GCP,presigned,simultaneous,50,5,8,10.628034,4.7045,1.093445,0.15453,1.061212,0.103087,0,0,0.77,1.0,12.8,12.8,750.0,7939.1,1777218772.864,1777218782.996,ok
AWS,presigned,simultaneous,50,5,9,1.820181,27.4698,0.139134,0.172929,0.156671,0.03839,0,0,0.8,0.8,12.8,12.8,750.0,7939.1,1777218788.661,1777218788.661,ok
AZURE,presigned,simultaneous,50,5,9,2.431775,20.5611,0.199539,0.040805,0.235332,0.070295,0,0,0.8,1.1,12.8,12.8,750.0,7939.1,1777218788.528,1777218790.555,ok
GCP,presigned,simultaneous,50,5,9,9.909299,5.0458,1.041871,0.443773,0.989366,0.173652,0,0,3.72,13.6,12.8,12.8,750.0,7939.1,1777218788.945,1777218797.052,ok
AWS,presigned,simultaneous,50,5,10,1.699482,29.4207,0.180475,0.206769,0.143224,0.017537,0,0,1.1,1.1,12.8,12.8,750.0,7939.1,1777218804.066,1777218804.066,ok
AZURE,presigned,simultaneous,50,5,10,2.408278,20.7617,0.221642,0.051555,0.232367,0.046763,0,0,1.45,2.5,12.8,12.8,749.9,7939.1,1777218803.901,1777218805.928,ok
GCP,presigned,simultaneous,50,5,10,10.385385,4.8145,1.085758,0.205964,1.036985,0.086978,0,0,6.77,33.3,12.8,12.8,749.83,7939.1,1777218804.079,1777218814.233,ok
AWS,server,simultaneous,50,8,1,1.49417,33.4634,0.0,0.0,0.0,0.0,0,0,42.15,83.8,13.25,13.8,781.1,7939.1,1777218839.449,1777218841.506,ok
AZURE,server,simultaneous,50,8,1,1.244446,40.1785,0.0,0.0,0.0,0.0,0,0,58.75,100.0,13.2,13.7,777.5,7939.1,1777218839.445,1777218841.539,ok
GCP,server,simultaneous,50,8,1,6.329777,7.8992,0.0,0.0,0.0,0.0,0,0,43.15,100.0,13.35,13.9,789.5,7939.1,1777218839.456,1777218845.599,ok
AWS,server,simultaneous,50,8,2,1.473519,33.9324,0.0,0.0,0.0,0.0,0,0,42.55,80.5,13.4,13.9,791.95,7939.1,1777218851.965,1777218854.008,ok
AZURE,server,simultaneous,50,8,2,1.501633,33.2971,0.0,0.0,0.0,0.0,0,0,50.25,100.0,13.4,13.9,791.95,7939.1,1777218851.969,1777218854.014,ok
GCP,server,simultaneous,50,8,2,6.178923,8.092,0.0,0.0,0.0,0.0,0,0,31.45,100.0,13.38,13.9,792.0,7939.1,1777218851.97,1777218858.11,ok
AWS,server,simultaneous,50,8,3,1.709768,29.2437,0.0,0.0,0.0,0.0,0,0,31.67,62.6,12.93,13.1,757.73,7939.1,1777218864.973,1777218869.15,ok
AZURE,server,simultaneous,50,8,3,1.517838,32.9416,0.0,0.0,0.0,0.0,0,0,50.2,100.0,12.85,13.0,748.8,7939.1,1777218864.977,1777218867.102,ok
GCP,server,simultaneous,50,8,3,6.037488,8.2816,0.0,0.0,0.0,0.0,0,0,38.32,100.0,12.68,13.1,737.7,7939.1,1777218865.001,1777218873.303,ok
AWS,server,simultaneous,50,8,4,1.422847,35.1408,0.0,0.0,0.0,0.0,0,0,56.65,100.0,12.95,13.5,760.55,7939.1,1777218878.645,1777218880.711,ok
AZURE,server,simultaneous,50,8,4,1.542359,32.4179,0.0,0.0,0.0,0.0,0,0,50.35,100.0,12.95,13.5,760.45,7939.1,1777218878.643,1777218880.688,ok
GCP,server,simultaneous,50,8,4,6.300732,7.9356,0.0,0.0,0.0,0.0,0,0,28.16,68.2,12.96,13.7,758.8,7939.1,1777218878.568,1777218886.684,ok
AWS,server,simultaneous,50,8,5,1.467099,34.0809,0.0,0.0,0.0,0.0,0,0,51.65,91.0,13.1,13.6,770.2,7939.1,1777218892.042,1777218894.078,ok
AZURE,server,simultaneous,50,8,5,1.478129,33.8265,0.0,0.0,0.0,0.0,0,0,50.45,100.0,13.1,13.6,770.35,7939.1,1777218892.049,1777218894.093,ok
GCP,server,simultaneous,50,8,5,5.865462,8.5245,0.0,0.0,0.0,0.0,0,0,30.32,50.0,13.15,13.6,774.27,7939.1,1777218892.049,1777218898.142,ok
AWS,server,simultaneous,50,8,6,1.842776,27.133,0.0,0.0,0.0,0.0,0,0,13.6,23.3,13.1,13.6,774.25,7939.1,1777218903.925,1777218905.964,ok
AZURE,server,simultaneous,50,8,6,1.976797,25.2934,0.0,0.0,0.0,0.0,0,0,75.0,100.0,13.15,13.7,776.15,7939.1,1777218903.944,1777218905.988,ok
GCP,server,simultaneous,50,8,6,6.031257,8.2901,0.0,0.0,0.0,0.0,0,0,47.5,100.0,12.97,13.7,759.58,7939.1,1777218903.935,1777218910.038,ok
AWS,server,simultaneous,50,8,7,1.489355,33.5716,0.0,0.0,0.0,0.0,0,0,40.95,81.4,13.05,13.6,766.55,7939.1,1777218916.872,1777218918.913,ok
AZURE,server,simultaneous,50,8,7,1.30046,38.4479,0.0,0.0,0.0,0.0,0,0,75.0,100.0,13.05,13.6,766.55,7939.1,1777218916.88,1777218918.922,ok
GCP,server,simultaneous,50,8,7,6.43184,7.7738,0.0,0.0,0.0,0.0,0,0,18.2,35.0,12.6,13.6,732.35,7939.1,1777218916.886,1777218922.985,ok
AWS,server,simultaneous,50,8,8,1.599505,31.2597,0.0,0.0,0.0,0.0,0,0,52.25,100.0,12.9,13.5,752.8,7939.1,1777218929.9,1777218931.931,ok
AZURE,server,simultaneous,50,8,8,1.177443,42.4649,0.0,0.0,0.0,0.0,0,0,42.7,67.4,12.9,13.5,752.8,7939.1,1777218929.836,1777218931.921,ok
GCP,server,simultaneous,50,8,8,5.927292,8.4356,0.0,0.0,0.0,0.0,0,0,45.0,89.4,12.62,13.5,731.62,7939.1,1777218929.673,1777218935.754,ok
AWS,server,simultaneous,50,8,9,1.373254,36.4099,0.0,0.0,0.0,0.0,0,0,50.4,100.0,12.95,13.6,757.75,7939.1,1777218942.022,1777218944.071,ok
AZURE,server,simultaneous,50,8,9,1.32288,37.7963,0.0,0.0,0.0,0.0,0,0,51.7,100.0,12.95,13.6,757.75,7939.1,1777218942.014,1777218944.067,ok
GCP,server,simultaneous,50,8,9,6.059016,8.2522,0.0,0.0,0.0,0.0,0,0,36.77,83.3,13.1,13.6,770.45,7939.1,1777218942.016,1777218948.111,ok
AWS,server,simultaneous,50,8,10,1.386001,36.075,0.0,0.0,0.0,0.0,0,0,39.1,66.7,13.05,13.5,767.0,7939.1,1777218954.621,1777218956.675,ok
AZURE,server,simultaneous,50,8,10,1.479923,33.7855,0.0,0.0,0.0,0.0,0,0,66.65,100.0,13.05,13.5,767.0,7939.1,1777218954.644,1777218956.678,ok
GCP,server,simultaneous,50,8,10,6.860505,7.2881,0.0,0.0,0.0,0.0,0,0,22.1,55.2,12.6,13.5,731.08,7939.1,1777218954.629,1777218960.72,ok
AWS,presigned,simultaneous,50,8,1,1.445638,34.5868,0.199638,0.174605,0.179423,0.033279,0,0,1.4,1.4,12.2,12.2,698.7,7939.1,1777218988.689,1777218988.689,ok
AZURE,presigned,simultaneous,50,8,1,1.760632,28.3989,0.259827,0.041797,0.241941,0.071566,0,0,0.5,0.5,12.2,12.2,698.7,7939.1,1777218988.535,1777218988.535,ok
GCP,presigned,simultaneous,50,8,1,7.372582,6.7819,1.280361,0.166826,1.050347,0.196343,0,0,1.15,1.7,12.2,12.2,698.7,7939.1,1777218988.686,1777218994.764,ok
AWS,presigned,simultaneous,50,8,2,1.612636,31.0051,0.32242,0.163264,0.196119,0.062833,0,0,25.0,25.0,12.2,12.2,698.7,7939.1,1777219001.214,1777219001.214,ok
AZURE,presigned,simultaneous,50,8,2,2.023337,24.7117,0.40432,0.047114,0.278461,0.08305,0,0,0.5,0.5,12.2,12.2,698.7,7939.1,1777219001.091,1777219001.091,ok
GCP,presigned,simultaneous,50,8,2,7.328818,6.8224,1.197437,0.141428,1.044799,0.181219,0,0,1.8,5.0,12.2,12.2,698.75,7939.1,1777219001.197,1777219007.277,ok
AWS,presigned,simultaneous,50,8,3,1.484939,33.6714,0.179107,0.170029,0.175733,0.036495,0,0,38.5,38.5,12.2,12.2,698.8,7939.1,1777219013.691,1777219013.691,ok
AZURE,presigned,simultaneous,50,8,3,1.895204,26.3824,0.343758,0.039761,0.260105,0.064528,0,0,0.4,0.4,12.2,12.2,698.8,7939.1,1777219013.563,1777219013.563,ok
GCP,presigned,simultaneous,50,8,3,7.415039,6.7431,1.154485,0.223858,1.057211,0.129424,0,0,1.15,3.3,12.2,12.2,698.8,7939.1,1777219013.756,1777219019.838,ok
AWS,presigned,simultaneous,50,8,4,1.686084,29.6545,0.32698,0.170486,0.20392,0.069247,0,0,32.0,32.0,12.2,12.2,698.8,7939.1,1777219026.345,1777219026.345,ok
AZURE,presigned,simultaneous,50,8,4,2.025472,24.6856,0.233767,0.048007,0.279052,0.090853,0,0,1.1,1.1,12.2,12.2,698.8,7939.1,1777219026.221,1777219026.221,ok
GCP,presigned,simultaneous,50,8,4,7.477282,6.6869,1.260889,0.213535,1.065949,0.154948,0,0,1.38,1.6,12.2,12.2,698.8,7939.1,1777219026.395,1777219032.477,ok
AWS,presigned,simultaneous,50,8,5,1.41279,35.391,0.163618,0.174782,0.168592,0.027382,0,0,32.1,32.1,12.2,12.2,698.7,7939.1,1777219039.054,1777219039.054,ok
AZURE,presigned,simultaneous,50,8,5,1.917007,26.0823,0.357777,0.041726,0.262568,0.071753,0,0,0.4,0.4,12.2,12.2,698.7,7939.1,1777219038.915,1777219038.915,ok
GCP,presigned,simultaneous,50,8,5,7.633644,6.55,1.084876,0.213133,1.08784,0.042683,0,0,5.97,22.2,12.2,12.2,698.7,7939.1,1777219039.103,1777219045.181,ok
AWS,presigned,simultaneous,50,8,6,2.946669,16.9683,0.162771,0.162594,0.387483,0.593517,0,0,36.65,40.0,12.2,12.2,698.7,7939.1,1777219051.904,1777219053.93,ok
AZURE,presigned,simultaneous,50,8,6,1.843143,27.1276,0.257421,0.042813,0.254085,0.067945,0,0,0.9,0.9,12.2,12.2,698.7,7939.1,1777219051.775,1777219051.775,ok
GCP,presigned,simultaneous,50,8,6,7.086295,7.0559,1.125328,0.138026,1.010039,0.127576,0,0,1.85,3.3,12.25,12.3,702.6,7939.1,1777219051.884,1777219057.969,ok
AWS,presigned,simultaneous,50,8,7,1.484192,33.6884,0.173626,0.163873,0.176803,0.051778,0,0,1.1,1.1,12.3,12.3,706.4,7939.1,1777219064.142,1777219064.142,ok
AZURE,presigned,simultaneous,50,8,7,2.26758,22.0499,0.267559,0.044629,0.31342,0.140301,0,0,0.95,1.3,12.3,12.3,706.4,7939.1,1777219064.012,1777219066.038,ok
GCP,presigned,simultaneous,50,8,7,7.637144,6.547,1.110048,0.143967,1.088706,0.036115,0,0,10.22,36.4,12.3,12.3,706.4,7939.1,1777219064.123,1777219070.204,ok
AWS,presigned,simultaneous,50,8,8,2.316297,21.5862,0.912085,0.170045,0.296802,0.275051,0,0,2.0,3.1,12.3,12.3,706.4,7939.1,1777219076.929,1777219078.959,ok
AZURE,presigned,simultaneous,50,8,8,2.097853,23.8339,0.428573,0.046069,0.288263,0.087819,0,0,0.8,1.1,12.3,12.3,706.4,7939.1,1777219076.807,1777219078.837,ok
GCP,presigned,simultaneous,50,8,8,6.672067,7.4939,1.045674,0.429794,0.950926,0.17579,0,0,1.3,2.7,12.3,12.3,706.4,7939.1,1777219077.193,1777219083.276,ok
AWS,presigned,simultaneous,50,8,9,1.477636,33.8378,0.194697,0.182529,0.177221,0.036355,0,0,25.0,25.0,12.3,12.3,706.4,7939.1,1777219089.062,1777219089.062,ok
AZURE,presigned,simultaneous,50,8,9,1.875777,26.6556,0.290224,0.048192,0.257311,0.056846,0,0,1.0,1.0,12.3,12.3,706.4,7939.1,1777219088.914,1777219088.914,ok
GCP,presigned,simultaneous,50,8,9,7.170971,6.9726,1.099687,0.161137,1.022129,0.147126,0,0,0.88,1.7,12.3,12.3,706.35,7939.1,1777219089.039,1777219095.129,ok
AWS,presigned,simultaneous,50,8,10,1.419864,35.2146,0.185692,0.177494,0.177973,0.030702,0,0,1.1,1.1,12.3,12.3,706.3,7939.1,1777219101.39,1777219101.39,ok
AZURE,presigned,simultaneous,50,8,10,1.736528,28.7931,0.258496,0.050458,0.236158,0.050641,0,0,1.3,1.3,12.3,12.3,706.3,7939.1,1777219101.264,1777219101.264,ok
GCP,presigned,simultaneous,50,8,10,7.713742,6.4819,1.116718,0.21387,1.099748,0.015947,0,0,1.3,2.8,12.3,12.3,706.3,7939.1,1777219101.437,1777219107.515,ok
AWS,server,simultaneous,50,10,1,1.513263,33.0412,0.0,0.0,0.0,0.0,0,0,50.0,100.0,13.0,13.5,762.95,7939.1,1777219131.334,1777219133.384,ok
AZURE,server,simultaneous,50,10,1,1.267292,39.4542,0.0,0.0,0.0,0.0,0,0,83.35,100.0,13.0,13.5,762.95,7939.1,1777219131.329,1777219133.377,ok
GCP,server,simultaneous,50,10,1,4.022225,12.4309,0.0,0.0,0.0,0.0,0,0,34.7,53.8,12.73,13.5,742.13,7939.1,1777219131.323,1777219135.401,ok
AWS,server,simultaneous,50,10,2,1.754163,28.5036,0.0,0.0,0.0,0.0,0,0,52.35,100.0,12.85,13.4,749.55,7939.1,1777219141.345,1777219143.496,ok
AZURE,server,simultaneous,50,10,2,1.092981,45.7464,0.0,0.0,0.0,0.0,0,0,42.0,70.0,12.85,13.4,749.45,7939.1,1777219141.34,1777219143.49,ok
GCP,server,simultaneous,50,10,2,4.792942,10.432,0.0,0.0,0.0,0.0,0,0,45.45,100.0,12.53,13.4,722.25,7939.1,1777219141.344,1777219147.491,ok
AWS,server,simultaneous,50,10,3,1.655414,30.2039,0.0,0.0,0.0,0.0,0,0,59.45,100.0,12.75,13.4,743.8,7939.1,1777219152.939,1777219155.004,ok
AZURE,server,simultaneous,50,10,3,1.322774,37.7994,0.0,0.0,0.0,0.0,0,0,49.25,85.9,12.75,13.4,743.25,7939.1,1777219152.94,1777219154.986,ok
GCP,server,simultaneous,50,10,3,4.734576,10.5606,0.0,0.0,0.0,0.0,0,0,31.18,66.7,12.57,13.4,727.42,7939.1,1777219152.942,1777219159.052,ok
AWS,server,simultaneous,50,10,4,1.552407,32.208,0.0,0.0,0.0,0.0,0,0,25.0,50.0,12.7,13.3,739.3,7939.1,1777219164.488,1777219166.52,ok
AZURE,server,simultaneous,50,10,4,1.019766,49.0309,0.0,0.0,0.0,0.0,0,0,13.65,21.5,12.75,13.4,742.1,7939.1,1777219164.251,1777219166.283,ok
GCP,server,simultaneous,50,10,4,4.54734,10.9954,0.0,0.0,0.0,0.0,0,0,30.9,65.1,12.6,13.3,732.07,7939.1,1777219164.478,1777219168.543,ok
AWS,server,simultaneous,50,10,5,1.255647,39.8201,0.0,0.0,0.0,0.0,0,0,60.05,100.0,12.8,13.3,746.3,7939.1,1777219175.401,1777219177.465,ok
AZURE,server,simultaneous,50,10,5,1.560393,32.0432,0.0,0.0,0.0,0.0,0,0,51.9,83.7,12.85,13.4,749.1,7939.1,1777219175.404,1777219177.448,ok
GCP,server,simultaneous,50,10,5,4.82644,10.3596,0.0,0.0,0.0,0.0,0,0,39.6,100.0,12.67,13.3,734.93,7939.1,1777219175.407,1777219179.485,ok
AWS,server,simultaneous,50,10,6,1.41111,35.4331,0.0,0.0,0.0,0.0,0,0,51.4,83.7,12.85,13.3,751.4,7939.1,1777219186.54,1777219188.582,ok
AZURE,server,simultaneous,50,10,6,1.384352,36.118,0.0,0.0,0.0,0.0,0,0,100.0,100.0,12.85,13.3,751.6,7939.1,1777219186.546,1777219188.588,ok
GCP,server,simultaneous,50,10,6,4.729631,10.5716,0.0,0.0,0.0,0.0,0,0,57.7,100.0,12.87,13.3,751.77,7939.1,1777219186.551,1777219190.621,ok
AWS,server,simultaneous,50,10,7,1.374765,36.3699,0.0,0.0,0.0,0.0,0,0,37.15,68.8,12.6,13.2,733.55,7939.1,1777219197.903,1777219199.936,ok
AZURE,server,simultaneous,50,10,7,1.595241,31.3432,0.0,0.0,0.0,0.0,0,0,51.05,100.0,12.6,13.2,733.55,7939.1,1777219197.903,1777219199.943,ok
GCP,server,simultaneous,50,10,7,5.024556,9.9511,0.0,0.0,0.0,0.0,0,0,31.23,91.2,12.65,13.4,733.9,7939.1,1777219197.659,1777219203.745,ok
AWS,server,simultaneous,50,10,8,1.260837,39.6562,0.0,0.0,0.0,0.0,0,0,41.75,69.2,12.8,13.3,746.75,7939.1,1777219209.393,1777219211.425,ok
AZURE,server,simultaneous,50,10,8,1.320331,37.8693,0.0,0.0,0.0,0.0,0,0,9.55,18.7,12.8,13.3,746.7,7939.1,1777219209.325,1777219211.358,ok
GCP,server,simultaneous,50,10,8,4.848572,10.3123,0.0,0.0,0.0,0.0,0,0,29.2,50.0,12.4,13.3,716.6,7939.1,1777219209.406,1777219215.489,ok
AWS,server,simultaneous,50,10,9,1.495619,33.431,0.0,0.0,0.0,0.0,0,0,47.25,94.1,12.7,13.3,737.4,7939.1,1777219220.629,1777219222.662,ok
AZURE,server,simultaneous,50,10,9,1.654477,30.221,0.0,0.0,0.0,0.0,0,0,7.25,14.5,12.7,13.3,736.0,7939.1,1777219220.854,1777219222.897,ok
GCP,server,simultaneous,50,10,9,5.14082,9.7261,0.0,0.0,0.0,0.0,0,0,32.88,68.2,12.32,13.2,710.85,7939.1,1777219220.854,1777219226.943,ok
AWS,server,simultaneous,50,10,10,1.163339,42.9797,0.0,0.0,0.0,0.0,0,0,0.0,0.0,12.7,13.3,739.65,7939.1,1777219232.528,1777219234.57,ok
AZURE,server,simultaneous,50,10,10,1.830155,27.3201,0.0,0.0,0.0,0.0,0,0,12.25,23.8,12.7,13.3,739.65,7939.1,1777219232.516,1777219234.552,ok
GCP,server,simultaneous,50,10,10,5.024741,9.9508,0.0,0.0,0.0,0.0,0,0,40.0,100.0,12.4,13.3,716.5,7939.1,1777219232.523,1777219238.615,ok
AWS,presigned,simultaneous,50,10,1,1.306456,38.2715,0.220245,0.154641,0.209231,0.031085,0,0,13.1,13.1,12.2,12.2,699.5,7939.1,1777219260.383,1777219260.383,ok
AZURE,presigned,simultaneous,50,10,1,2.16746,23.0685,0.373611,0.040961,0.420872,0.108687,0,0,16.9,33.2,11.6,12.2,651.25,7939.1,1777219260.26,1777219262.284,ok
GCP,presigned,simultaneous,50,10,1,5.827639,8.5798,1.119645,0.444985,1.161213,0.03923,0,0,2.83,6.0,11.4,12.2,635.17,7939.1,1777219260.674,1777219264.724,ok
AWS,presigned,simultaneous,50,10,2,1.67039,29.9331,0.227411,1.410532,0.286033,0.180891,0,0,40.8,40.8,11.4,11.4,638.9,7939.1,1777219272.918,1777219272.918,ok
AZURE,presigned,simultaneous,50,10,2,1.668759,29.9624,0.264068,0.04974,0.319836,0.062609,0,0,0.7,0.7,11.0,11.0,603.0,7939.1,1777219271.552,1777219271.552,ok
GCP,presigned,simultaneous,50,10,2,5.392122,9.2728,1.083017,0.157374,1.075354,0.053031,0,0,8.07,14.5,11.27,11.4,626.93,7939.1,1777219271.665,1777219275.718,ok
AWS,presigned,simultaneous,50,10,3,1.538779,32.4933,0.28685,0.156801,0.262121,0.094681,0,0,1.3,1.3,11.5,11.5,639.6,7939.1,1777219282.242,1777219282.242,ok
AZURE,presigned,simultaneous,50,10,3,2.287766,21.8554,0.455882,0.046324,0.443039,0.09559,0,0,4.7,5.4,11.45,11.5,639.35,7939.1,1777219282.108,1777219284.135,ok
GCP,presigned,simultaneous,50,10,3,6.101236,8.1951,1.161349,0.149236,1.217345,0.146435,0,0,1.67,2.8,11.5,11.5,639.6,7939.1,1777219282.224,1777219288.306,ok
AWS,presigned,simultaneous,50,10,4,1.38436,36.1178,0.219212,0.213829,0.228792,0.040218,0,0,2.9,2.9,11.5,11.5,639.6,7939.1,1777219293.561,1777219293.561,ok
AZURE,presigned,simultaneous,50,10,4,1.866781,26.7841,0.513357,0.046143,0.358441,0.105829,0,0,0.9,0.9,11.5,11.5,639.6,7939.1,1777219293.394,1777219293.394,ok
GCP,presigned,simultaneous,50,10,4,5.705522,8.7634,1.062239,0.419115,1.138059,0.209771,0,0,13.87,37.0,11.5,11.5,640.93,7939.1,1777219293.775,1777219297.829,ok
AWS,presigned,simultaneous,50,10,5,1.154765,43.2989,0.20604,0.162963,0.198656,0.017921,0,0,29.2,29.2,11.5,11.5,641.4,7939.1,1777219304.646,1777219304.646,ok
AZURE,presigned,simultaneous,50,10,5,1.81889,27.4893,0.317845,0.046038,0.333391,0.040801,0,0,1.2,1.2,11.5,11.5,641.4,7939.1,1777219304.522,1777219304.522,ok
GCP,presigned,simultaneous,50,10,5,5.193415,9.6276,1.195831,0.196427,1.035811,0.210592,0,0,1.17,1.3,11.5,11.5,641.4,7939.1,1777219304.687,1777219308.739,ok
AWS,presigned,simultaneous,50,10,6,1.243623,40.2051,0.198146,0.174299,0.203433,0.014519,0,0,50.0,50.0,11.5,11.5,642.1,7939.1,1777219315.067,1777219315.067,ok
AZURE,presigned,simultaneous,50,10,6,2.206557,22.6597,0.33549,0.044949,0.424808,0.084381,0,0,1.55,2.2,11.5,11.5,641.75,7939.1,1777219314.924,1777219316.952,ok
GCP,presigned,simultaneous,50,10,6,5.191928,9.6303,0.818884,0.150162,1.035104,0.202366,0,0,1.83,2.9,11.5,11.5,642.17,7939.1,1777219315.052,1777219319.117,ok
AWS,presigned,simultaneous,50,10,7,1.32767,37.66,0.307544,0.165287,0.217888,0.050465,0,0,1.3,1.3,11.5,11.5,642.5,7939.1,1777219325.419,1777219325.419,ok
AZURE,presigned,simultaneous,50,10,7,2.127498,23.5018,0.332655,0.041058,0.412135,0.118648,0,0,1.6,2.7,11.5,11.5,642.65,7939.1,1777219325.274,1777219327.299,ok
GCP,presigned,simultaneous,50,10,7,5.450293,9.1738,1.157343,0.17118,1.087095,0.111427,0,0,1.5,2.9,11.5,11.5,642.63,7939.1,1777219325.428,1777219329.482,ok
AWS,presigned,simultaneous,50,10,8,1.23378,40.5259,0.193054,0.18499,0.200556,0.010868,0,0,37.0,37.0,11.5,11.5,642.9,7939.1,1777219336.055,1777219336.055,ok
AZURE,presigned,simultaneous,50,10,8,1.995848,25.052,0.34459,0.053053,0.385955,0.065098,0,0,1.2,1.2,11.5,11.5,642.7,7939.1,1777219335.918,1777219335.918,ok
GCP,presigned,simultaneous,50,10,8,5.344424,9.3555,0.872517,0.151856,1.065873,0.158835,0,0,1.53,1.9,11.5,11.5,642.83,7939.1,1777219336.027,1777219340.079,ok
AWS,presigned,simultaneous,50,10,9,1.265613,39.5065,0.212739,0.168542,0.208821,0.03197,0,0,1.0,1.0,11.5,11.5,642.9,7939.1,1777219346.556,1777219346.556,ok
AZURE,presigned,simultaneous,50,10,9,2.623685,19.0572,0.337987,0.039598,0.487972,0.205592,0,0,1.4,2.4,11.5,11.5,642.9,7939.1,1777219346.413,1777219348.437,ok
GCP,presigned,simultaneous,50,10,9,5.19492,9.6248,0.887146,0.153377,1.035781,0.192687,0,0,1.2,1.4,11.5,11.5,642.9,7939.1,1777219346.541,1777219350.595,ok
AWS,presigned,simultaneous,50,10,10,1.336569,37.4092,0.210071,0.214671,0.20503,0.010408,0,0,23.3,23.3,11.5,11.5,642.9,7939.1,1777219356.967,1777219356.967,ok
AZURE,presigned,simultaneous,50,10,10,2.332793,21.4335,0.478683,0.06192,0.451846,0.081386,0,0,1.7,2.7,11.5,11.5,642.9,7939.1,1777219356.808,1777219358.834,ok
GCP,presigned,simultaneous,50,10,10,5.170015,9.6712,0.902474,0.162997,1.030049,0.236547,0,0,1.63,1.9,11.5,11.5,642.9,7939.1,1777219356.923,1777219360.975,ok
AWS,server,simultaneous,50,16,1,1.173225,42.6176,0.0,0.0,0.0,0.0,0,0,59.4,100.0,12.6,13.1,734.15,7939.1,1777219383.255,1777219385.294,ok
AZURE,server,simultaneous,50,16,1,1.274453,39.2325,0.0,0.0,0.0,0.0,0,0,34.8,50.0,12.6,13.1,734.25,7939.1,1777219383.249,1777219385.31,ok
GCP,server,simultaneous,50,16,1,4.041608,12.3713,0.0,0.0,0.0,0.0,0,0,54.73,100.0,12.37,13.1,715.8,7939.1,1777219383.253,1777219387.333,ok
AWS,server,simultaneous,50,16,2,1.071352,46.67,0.0,0.0,0.0,0.0,0,0,50.25,100.0,12.6,13.3,731.6,7939.1,1777219393.791,1777219395.84,ok
AZURE,server,simultaneous,50,16,2,1.207326,41.4138,0.0,0.0,0.0,0.0,0,0,55.95,100.0,12.6,13.3,731.6,7939.1,1777219393.795,1777219395.845,ok
GCP,server,simultaneous,50,16,2,3.787829,13.2002,0.0,0.0,0.0,0.0,0,0,52.53,90.8,12.4,13.3,714.37,7939.1,1777219393.787,1777219397.862,ok
AWS,server,simultaneous,50,16,3,1.38452,36.1136,0.0,0.0,0.0,0.0,0,0,50.75,89.0,12.55,13.0,728.5,7939.1,1777219403.656,1777219405.684,ok
AZURE,server,simultaneous,50,16,3,1.515345,32.9958,0.0,0.0,0.0,0.0,0,0,51.1,100.0,12.6,13.1,730.4,7939.1,1777219403.89,1777219405.93,ok
GCP,server,simultaneous,50,16,3,3.874389,12.9053,0.0,0.0,0.0,0.0,0,0,39.03,69.8,12.77,13.1,744.0,7939.1,1777219403.892,1777219407.953,ok
AWS,server,simultaneous,50,16,4,1.293128,38.6659,0.0,0.0,0.0,0.0,0,0,16.1,20.5,13.2,13.7,778.9,7939.1,1777219413.993,1777219416.024,ok
AZURE,server,simultaneous,50,16,4,1.991602,25.1054,0.0,0.0,0.0,0.0,0,0,42.45,83.3,13.2,13.7,778.9,7939.1,1777219414.027,1777219416.056,ok
GCP,server,simultaneous,50,16,4,3.966308,12.6062,0.0,0.0,0.0,0.0,0,0,38.8,66.7,13.27,13.7,784.03,7939.1,1777219414.038,1777219418.097,ok
AWS,server,simultaneous,50,16,5,1.02984,48.5512,0.0,0.0,0.0,0.0,0,0,59.65,100.0,13.2,13.7,780.3,7939.1,1777219424.271,1777219426.315,ok
AZURE,server,simultaneous,50,16,5,1.910055,26.1773,0.0,0.0,0.0,0.0,0,0,15.45,30.2,13.2,13.7,780.3,7939.1,1777219424.268,1777219426.311,ok
GCP,server,simultaneous,50,16,5,4.092603,12.2172,0.0,0.0,0.0,0.0,0,0,40.67,70.8,13.13,13.7,774.73,7939.1,1777219424.407,1777219428.47,ok
AWS,server,simultaneous,50,16,6,1.204988,41.4942,0.0,0.0,0.0,0.0,0,0,50.0,100.0,13.05,13.5,769.5,7939.1,1777219434.824,1777219436.866,ok
AZURE,server,simultaneous,50,16,6,1.236547,40.4352,0.0,0.0,0.0,0.0,0,0,38.7,75.0,13.15,13.7,774.95,7939.1,1777219434.824,1777219436.859,ok
GCP,server,simultaneous,50,16,6,3.871938,12.9134,0.0,0.0,0.0,0.0,0,0,48.9,82.4,12.9,13.7,754.77,7939.1,1777219434.805,1777219438.873,ok
AWS,server,simultaneous,50,16,7,1.055662,47.3636,0.0,0.0,0.0,0.0,0,0,51.15,100.0,13.0,13.6,760.6,7939.1,1777219445.065,1777219447.117,ok
AZURE,server,simultaneous,50,16,7,1.164393,42.9408,0.0,0.0,0.0,0.0,0,0,49.45,80.5,13.0,13.6,760.6,7939.1,1777219445.06,1777219447.103,ok
GCP,server,simultaneous,50,16,7,4.038431,12.381,0.0,0.0,0.0,0.0,0,0,41.0,100.0,13.2,13.6,776.27,7939.1,1777219445.061,1777219449.142,ok
AWS,server,simultaneous,50,16,8,1.149772,43.4869,0.0,0.0,0.0,0.0,0,0,44.95,71.4,13.25,13.8,782.25,7939.1,1777219455.331,1777219457.543,ok
AZURE,server,simultaneous,50,16,8,1.239076,40.3526,0.0,0.0,0.0,0.0,0,0,59.1,100.0,13.2,13.8,779.75,7939.1,1777219455.53,1777219457.563,ok
GCP,server,simultaneous,50,16,8,4.121801,12.1306,0.0,0.0,0.0,0.0,0,0,48.67,83.2,13.63,14.3,811.47,7939.1,1777219455.32,1777219459.384,ok
AWS,server,simultaneous,50,16,9,1.147309,43.5802,0.0,0.0,0.0,0.0,0,0,41.9,83.5,14.1,14.6,850.5,7939.1,1777219465.841,1777219467.878,ok
AZURE,server,simultaneous,50,16,9,1.166341,42.8691,0.0,0.0,0.0,0.0,0,0,51.0,100.0,14.1,14.6,850.6,7939.1,1777219465.845,1777219467.896,ok
GCP,server,simultaneous,50,16,9,3.889446,12.8553,0.0,0.0,0.0,0.0,0,0,71.8,100.0,13.9,14.6,835.53,7939.1,1777219465.848,1777219469.919,ok
AWS,server,simultaneous,50,16,10,1.414267,35.354,0.0,0.0,0.0,0.0,0,0,11.7,20.0,14.0,14.7,843.3,7939.1,1777219476.374,1777219478.409,ok
AZURE,server,simultaneous,50,16,10,1.544522,32.3725,0.0,0.0,0.0,0.0,0,0,50.0,100.0,14.0,14.7,844.6,7939.1,1777219476.392,1777219478.433,ok
GCP,server,simultaneous,50,16,10,4.109981,12.1655,0.0,0.0,0.0,0.0,0,0,35.63,100.0,13.83,14.7,831.27,7939.1,1777219476.385,1777219480.457,ok
AWS,presigned,simultaneous,50,16,1,1.176778,42.4889,0.287548,0.16211,0.23738,0.089244,0,0,1.2,1.2,13.5,13.5,798.5,7939.1,1777219501.809,1777219501.809,ok
AZURE,presigned,simultaneous,50,16,1,2.724618,18.3512,0.66781,0.046224,0.425704,0.198426,0,0,3.95,7.3,12.9,13.5,753.15,7939.1,1777219501.676,1777219503.702,ok
GCP,presigned,simultaneous,50,16,1,4.883293,10.239,1.223473,0.208559,1.216556,0.023853,0,0,19.33,37.4,12.83,13.5,747.3,7939.1,1777219501.85,1777219505.906,ok
AWS,presigned,simultaneous,50,16,2,1.025459,48.7587,0.261387,0.206705,0.217358,0.068417,0,0,4.8,4.8,12.6,12.6,729.9,7939.1,1777219511.943,1777219511.943,ok
AZURE,presigned,simultaneous,50,16,2,1.589572,31.455,0.45165,0.045886,0.380267,0.164712,0,0,10.7,10.7,12.6,12.6,729.2,7939.1,1777219511.783,1777219511.783,ok
GCP,presigned,simultaneous,50,16,2,4.947911,10.1053,1.051081,0.702845,1.233146,0.183139,0,0,8.67,21.7,12.6,12.6,731.03,7939.1,1777219512.445,1777219516.499,ok
AWS,presigned,simultaneous,50,16,3,1.265094,39.5228,0.264949,0.175367,0.258977,0.067308,0,0,28.0,28.0,12.6,12.6,731.0,7939.1,1777219522.573,1777219522.573,ok
AZURE,presigned,simultaneous,50,16,3,1.82298,27.4276,0.580787,0.046947,0.438367,0.215139,0,0,0.6,0.6,12.6,12.6,731.0,7939.1,1777219522.443,1777219522.443,ok
GCP,presigned,simultaneous,50,16,3,4.951377,10.0982,1.349585,0.453939,1.233653,0.084522,0,0,1.8,3.3,12.6,12.6,731.0,7939.1,1777219522.861,1777219526.91,ok
AWS,presigned,simultaneous,50,16,4,1.144229,43.6975,0.252877,0.234035,0.232963,0.096166,0,0,1.2,1.2,12.6,12.6,732.2,7939.1,1777219533.05,1777219533.05,ok
AZURE,presigned,simultaneous,50,16,4,1.582778,31.59,0.450216,0.039678,0.378364,0.148058,0,0,1.0,1.0,12.6,12.6,731.4,7939.1,1777219532.851,1777219532.851,ok
GCP,presigned,simultaneous,50,16,4,4.086368,12.2358,0.974241,0.15755,1.017669,0.193966,0,0,1.43,1.7,12.6,12.6,732.2,7939.1,1777219532.981,1777219537.039,ok
AWS,presigned,simultaneous,50,16,5,1.141649,43.7963,0.288021,0.163797,0.226942,0.088899,0,0,100.0,100.0,12.6,12.6,732.2,7939.1,1777219542.265,1777219542.265,ok
AZURE,presigned,simultaneous,50,16,5,1.740754,28.7232,0.35324,0.045429,0.419176,0.231976,0,0,0.9,0.9,12.6,12.6,732.2,7939.1,1777219542.122,1777219542.122,ok
GCP,presigned,simultaneous,50,16,5,4.860315,10.2874,1.423067,0.153676,1.211121,0.176587,0,0,1.47,1.9,12.6,12.6,732.67,7939.1,1777219542.26,1777219546.311,ok
AWS,presigned,simultaneous,50,16,6,1.05228,47.5159,0.294719,0.175159,0.226736,0.090304,0,0,25.0,25.0,12.6,12.6,732.9,7939.1,1777219552.28,1777219552.28,ok
AZURE,presigned,simultaneous,50,16,6,1.568638,31.8748,0.482617,0.056844,0.374803,0.183862,0,0,0.4,0.4,12.6,12.6,732.9,7939.1,1777219552.157,1777219552.157,ok
GCP,presigned,simultaneous,50,16,6,4.980962,10.0382,1.201863,0.428786,1.241554,0.093365,0,0,1.6,2.0,12.63,12.7,733.47,7939.1,1777219552.534,1777219556.587,ok
AWS,presigned,simultaneous,50,16,7,1.178373,42.4314,0.258329,0.165167,0.256184,0.111608,0,0,1.2,1.2,12.6,12.6,732.5,7939.1,1777219562.688,1777219562.688,ok
AZURE,presigned,simultaneous,50,16,7,1.433645,34.8761,0.370837,0.046666,0.341159,0.116789,0,0,0.9,0.9,12.6,12.6,732.5,7939.1,1777219562.573,1777219562.573,ok
GCP,presigned,simultaneous,50,16,7,4.854312,10.3001,1.249219,0.45327,1.209663,0.027048,0,0,3.63,8.9,12.6,12.6,732.5,7939.1,1777219562.99,1777219567.045,ok
AWS,presigned,simultaneous,50,16,8,1.142973,43.7456,0.32154,0.168274,0.230344,0.087699,0,0,29.2,29.2,12.6,12.6,732.4,7939.1,1777219573.006,1777219573.006,ok
AZURE,presigned,simultaneous,50,16,8,2.028227,24.6521,0.484187,0.048159,0.489573,0.200283,0,0,0.4,0.4,12.6,12.6,732.4,7939.1,1777219572.887,1777219572.887,ok
GCP,presigned,simultaneous,50,16,8,4.772873,10.4759,1.174252,0.423384,1.189755,0.02022,0,0,1.67,2.7,12.6,12.6,732.4,7939.1,1777219573.266,1777219577.32,ok
AWS,presigned,simultaneous,50,16,9,1.16663,42.8585,0.308301,0.170981,0.234371,0.090848,0,0,1.2,1.2,12.6,12.6,732.4,7939.1,1777219583.22,1777219583.22,ok
AZURE,presigned,simultaneous,50,16,9,1.654986,30.2117,0.411695,0.045533,0.397175,0.195684,0,0,0.4,0.4,12.6,12.6,732.4,7939.1,1777219583.091,1777219583.091,ok
GCP,presigned,simultaneous,50,16,9,4.81553,10.3831,1.257398,0.196319,1.199774,0.053588,0,0,0.8,1.2,12.6,12.6,732.4,7939.1,1777219583.249,1777219587.307,ok
AWS,presigned,simultaneous,50,16,10,1.25634,39.7982,0.273379,0.16809,0.252225,0.096301,0,0,1.8,1.8,12.6,12.6,732.6,7939.1,1777219593.259,1777219593.259,ok
AZURE,presigned,simultaneous,50,16,10,1.948053,25.6667,0.697928,0.045857,0.47098,0.228474,0,0,1.1,1.1,12.6,12.6,732.4,7939.1,1777219593.115,1777219593.115,ok
GCP,presigned,simultaneous,50,16,10,4.95934,10.082,1.376881,0.156618,1.236307,0.094888,0,0,1.2,1.7,12.6,12.6,732.6,7939.1,1777219593.243,1777219597.298,ok
AWS,server,simultaneous,50,25,1,0.842819,59.3247,0.0,0.0,0.0,0.0,0,0,0.0,0.0,12.6,12.6,733.6,7939.1,1777219617.111,1777219617.111,ok
AZURE,server,simultaneous,50,25,1,1.293298,38.6609,0.0,0.0,0.0,0.0,0,0,54.6,88.4,13.4,14.2,797.25,7939.1,1777219616.88,1777219618.906,ok
GCP,server,simultaneous,50,25,1,2.762532,18.0993,0.0,0.0,0.0,0.0,0,0,10.9,20.1,13.7,14.8,820.95,7939.1,1777219617.105,1777219619.129,ok
AWS,server,simultaneous,50,25,2,3.140256,15.9223,0.0,0.0,0.0,0.0,0,0,32.27,78.9,14.0,14.3,841.67,7939.1,1777219626.092,1777219630.161,ok
AZURE,server,simultaneous,50,25,2,1.120777,44.6119,0.0,0.0,0.0,0.0,0,0,59.25,100.0,14.0,14.3,843.65,7939.1,1777219626.1,1777219628.14,ok
GCP,server,simultaneous,50,25,2,2.949794,16.9503,0.0,0.0,0.0,0.0,0,0,39.3,100.0,14.03,14.4,842.33,7939.1,1777219626.104,1777219630.179,ok
AWS,server,simultaneous,50,25,3,0.87489,57.15,0.0,0.0,0.0,0.0,0,0,0.0,0.0,14.15,14.7,853.5,7939.1,1777219635.744,1777219637.795,ok
AZURE,server,simultaneous,50,25,3,1.459068,34.2685,0.0,0.0,0.0,0.0,0,0,50.35,100.0,14.15,14.7,853.5,7939.1,1777219635.746,1777219637.79,ok
GCP,server,simultaneous,50,25,3,2.739732,18.25,0.0,0.0,0.0,0.0,0,0,38.3,78.7,14.03,14.6,845.77,7939.1,1777219635.738,1777219639.812,ok
AWS,server,simultaneous,50,25,4,1.030678,48.5118,0.0,0.0,0.0,0.0,0,0,48.55,78.7,14.15,14.5,853.35,7939.1,1777219644.889,1777219646.915,ok
AZURE,server,simultaneous,50,25,4,1.568472,31.8782,0.0,0.0,0.0,0.0,0,0,50.0,100.0,13.9,14.0,833.9,7939.1,1777219645.131,1777219647.161,ok
GCP,server,simultaneous,50,25,4,2.785634,17.9492,0.0,0.0,0.0,0.0,0,0,20.05,21.9,13.9,14.0,833.9,7939.1,1777219645.125,1777219647.155,ok
AWS,server,simultaneous,50,25,5,1.056226,47.3384,0.0,0.0,0.0,0.0,0,0,0.0,0.0,13.4,13.4,793.6,7939.1,1777219654.43,1777219654.43,ok
AZURE,server,simultaneous,50,25,5,1.204592,41.5078,0.0,0.0,0.0,0.0,0,0,48.6,78.9,14.1,14.8,850.8,7939.1,1777219654.361,1777219656.459,ok
GCP,server,simultaneous,50,25,5,2.99134,16.7149,0.0,0.0,0.0,0.0,0,0,35.9,81.2,14.2,14.8,857.73,7939.1,1777219654.424,1777219658.487,ok
AWS,server,simultaneous,50,25,6,0.836957,59.7402,0.0,0.0,0.0,0.0,0,0,38.1,42.9,14.4,14.8,873.45,7939.1,1777219663.714,1777219665.75,ok
AZURE,server,simultaneous,50,25,6,1.286407,38.8679,0.0,0.0,0.0,0.0,0,0,8.85,17.3,14.35,14.7,872.1,7939.1,1777219663.696,1777219665.721,ok
GCP,server,simultaneous,50,25,6,3.027834,16.5135,0.0,0.0,0.0,0.0,0,0,4.8,10.9,14.13,14.7,853.67,7939.1,1777219663.714,1777219667.779,ok
AWS,server,simultaneous,50,25,7,0.899706,55.5737,0.0,0.0,0.0,0.0,0,0,9.45,18.5,14.1,14.8,847.55,7939.1,1777219673.059,1777219675.097,ok
AZURE,server,simultaneous,50,25,7,1.276168,39.1798,0.0,0.0,0.0,0.0,0,0,26.45,37.5,14.1,14.8,846.85,7939.1,1777219673.124,1777219675.15,ok
GCP,server,simultaneous,50,25,7,2.862376,17.468,0.0,0.0,0.0,0.0,0,0,58.75,100.0,14.1,14.8,847.7,7939.1,1777219673.059,1777219675.103,ok
AWS,server,simultaneous,50,25,8,0.907312,55.1078,0.0,0.0,0.0,0.0,0,0,50.05,79.0,14.8,15.4,907.7,7939.1,1777219682.036,1777219684.069,ok
AZURE,server,simultaneous,50,25,8,1.364222,36.6509,0.0,0.0,0.0,0.0,0,0,17.65,33.3,14.85,15.5,907.95,7939.1,1777219682.052,1777219684.088,ok
GCP,server,simultaneous,50,25,8,3.197231,15.6385,0.0,0.0,0.0,0.0,0,0,54.23,100.0,14.93,15.5,913.93,7939.1,1777219682.052,1777219686.118,ok
AWS,server,simultaneous,50,25,9,0.957985,52.1929,0.0,0.0,0.0,0.0,0,0,59.35,100.0,15.4,16.1,954.0,7939.1,1777219691.713,1777219693.756,ok
AZURE,server,simultaneous,50,25,9,1.574067,31.7648,0.0,0.0,0.0,0.0,0,0,19.95,22.3,15.4,16.1,954.45,7939.1,1777219691.701,1777219693.738,ok
GCP,server,simultaneous,50,25,9,2.696333,18.5437,0.0,0.0,0.0,0.0,0,0,49.4,100.0,15.5,16.1,961.77,7939.1,1777219691.713,1777219695.781,ok
AWS,server,simultaneous,50,25,10,1.000237,49.9882,0.0,0.0,0.0,0.0,0,0,17.6,32.3,16.05,16.8,1004.05,7939.1,1777219700.877,1777219702.904,ok
AZURE,server,simultaneous,50,25,10,1.084387,46.109,0.0,0.0,0.0,0.0,0,0,50.0,50.0,15.3,15.3,946.9,7939.1,1777219701.099,1777219701.099,ok
GCP,server,simultaneous,50,25,10,2.807999,17.8063,0.0,0.0,0.0,0.0,0,0,15.27,32.9,16.0,16.9,1002.0,7939.1,1777219701.088,1777219705.146,ok
AWS,presigned,simultaneous,50,25,1,0.997131,50.1439,0.330363,0.162496,0.364183,0.047824,0,0,25.0,25.0,15.6,15.6,967.1,7939.1,1777219721.233,1777219721.233,ok
AZURE,presigned,simultaneous,50,25,1,1.380759,36.212,0.795465,0.039947,0.65633,0.196972,0,0,1.6,1.6,15.6,15.6,967.3,7939.1,1777219721.08,1777219721.08,ok
GCP,presigned,simultaneous,50,25,1,2.78153,17.9757,1.136864,0.151286,1.355995,0.309745,0,0,6.55,11.2,15.6,15.6,967.1,7939.1,1777219721.215,1777219723.246,ok
AWS,presigned,simultaneous,50,25,2,1.044938,47.8497,0.445457,0.17368,0.38782,0.081517,0,0,0.0,0.0,15.6,15.6,967.1,7939.1,1777219729.201,1777219729.201,ok
AZURE,presigned,simultaneous,50,25,2,1.333126,37.5058,0.543894,0.040953,0.631871,0.124316,0,0,1.2,1.2,15.6,15.6,967.1,7939.1,1777219729.032,1777219729.032,ok
GCP,presigned,simultaneous,50,25,2,2.385639,20.9587,1.10387,0.155955,1.16154,0.081411,0,0,2.1,3.0,15.6,15.6,967.0,7939.1,1777219729.174,1777219731.206,ok
AWS,presigned,simultaneous,50,25,3,0.877611,56.9729,0.339703,0.170364,0.330861,0.012513,0,0,23.1,23.1,15.6,15.6,966.9,7939.1,1777219736.76,1777219736.76,ok
AZURE,presigned,simultaneous,50,25,3,1.726348,28.9629,1.011063,0.050892,0.812298,0.281231,0,0,1.6,1.6,15.6,15.6,966.9,7939.1,1777219736.621,1777219736.621,ok
GCP,presigned,simultaneous,50,25,3,3.024105,16.5338,1.415621,0.155075,1.492396,0.108406,0,0,1.35,1.4,15.6,15.6,966.9,7939.1,1777219736.751,1777219738.777,ok
AWS,presigned,simultaneous,50,25,4,1.031724,48.4626,0.384397,0.173793,0.374569,0.013903,0,0,1.3,1.3,15.6,15.6,966.9,7939.1,1777219744.962,1777219744.962,ok
AZURE,presigned,simultaneous,50,25,4,1.629162,30.6906,0.609779,0.040793,0.765496,0.220118,0,0,1.6,1.6,15.6,15.6,966.9,7939.1,1777219744.809,1777219744.809,ok
GCP,presigned,simultaneous,50,25,4,2.954526,16.9232,1.382776,0.149925,1.462081,0.111986,0,0,2.7,4.2,15.6,15.6,966.9,7939.1,1777219744.95,1777219746.98,ok
AWS,presigned,simultaneous,50,25,5,0.945331,52.8915,0.319856,0.164405,0.331034,0.015805,0,0,1.5,1.5,15.6,15.6,966.8,7939.1,1777219753.072,1777219753.072,ok
AZURE,presigned,simultaneous,50,25,5,1.644153,30.4108,0.812925,0.047801,0.787474,0.036095,0,0,1.1,1.1,15.6,15.6,966.8,7939.1,1777219752.933,1777219752.933,ok
GCP,presigned,simultaneous,50,25,5,2.659974,18.7972,1.340919,0.137469,1.291923,0.06956,0,0,12.9,24.0,15.6,15.6,966.8,7939.1,1777219753.063,1777219755.088,ok
AWS,presigned,simultaneous,50,25,6,1.046899,47.7601,0.426133,0.166319,0.384894,0.058323,0,0,1.7,1.7,15.6,15.6,966.8,7939.1,1777219760.905,1777219760.905,ok
AZURE,presigned,simultaneous,50,25,6,1.426379,35.0538,0.514466,0.042581,0.676736,0.229367,0,0,1.1,1.1,15.6,15.6,966.8,7939.1,1777219760.749,1777219760.749,ok
GCP,presigned,simultaneous,50,25,6,3.035676,16.4708,1.399963,0.156275,1.478176,0.110452,0,0,3.05,4.4,15.6,15.6,966.8,7939.1,1777219760.907,1777219762.935,ok
AWS,presigned,simultaneous,50,25,7,0.899209,55.6044,0.329522,0.16011,0.3582,0.040553,0,0,1.4,1.4,15.6,15.6,966.8,7939.1,1777219769.095,1777219769.095,ok
AZURE,presigned,simultaneous,50,25,7,1.587375,31.4986,0.73611,0.042102,0.747184,0.015552,0,0,1.1,1.1,15.6,15.6,966.8,7939.1,1777219768.967,1777219768.967,ok
GCP,presigned,simultaneous,50,25,7,3.173136,15.7573,1.472353,0.44678,1.572439,0.141379,0,0,5.7,10.1,15.6,15.6,966.8,7939.1,1777219769.37,1777219771.394,ok
AWS,presigned,simultaneous,50,25,8,1.637059,30.5426,0.989142,0.172147,0.680329,0.436743,0,0,1.0,1.0,15.6,15.6,966.8,7939.1,1777219777.759,1777219777.759,ok
AZURE,presigned,simultaneous,50,25,8,1.65069,30.2904,0.789089,0.054499,0.772436,0.023655,0,0,0.6,0.6,15.6,15.6,966.8,7939.1,1777219777.629,1777219777.629,ok
GCP,presigned,simultaneous,50,25,8,2.961745,16.8819,1.391912,0.218388,1.463325,0.100847,0,0,1.3,1.3,15.6,15.6,966.8,7939.1,1777219777.809,1777219779.837,ok
AWS,presigned,simultaneous,50,25,9,0.921741,54.2452,0.346485,0.157432,0.33963,0.009701,0,0,1.1,1.1,15.6,15.6,966.7,7939.1,1777219785.941,1777219785.941,ok
AZURE,presigned,simultaneous,50,25,9,1.720683,29.0582,0.927185,0.048809,0.786304,0.199333,0,0,1.4,1.4,15.6,15.6,966.7,7939.1,1777219785.822,1777219785.822,ok
GCP,presigned,simultaneous,50,25,9,2.885993,17.3251,1.360554,0.42857,1.427212,0.094116,0,0,3.0,3.9,15.6,15.6,966.7,7939.1,1777219786.201,1777219788.226,ok
AWS,presigned,simultaneous,50,25,10,1.048185,47.7015,0.386804,0.231142,0.425437,0.054632,0,0,1.2,1.2,15.6,15.6,966.7,7939.1,1777219794.347,1777219794.347,ok
AZURE,presigned,simultaneous,50,25,10,1.80301,27.7314,0.872666,0.057833,0.863639,0.012954,0,0,1.6,1.6,15.6,15.6,966.7,7939.1,1777219794.168,1777219794.168,ok
GCP,presigned,simultaneous,50,25,10,2.807878,17.807,1.482103,0.168859,1.370659,0.157736,0,0,11.05,20.8,15.6,15.6,966.7,7939.1,1777219794.294,1777219796.322,ok
AWS,server,simultaneous,50,50,1,0.815069,61.3445,0.0,0.0,0.0,0.0,0,0,22.25,25.2,16.8,17.1,1062.35,7939.1,1777219813.948,1777219815.988,ok
AZURE,server,simultaneous,50,50,1,1.262856,39.5928,0.0,0.0,0.0,0.0,0,0,9.6,19.2,16.8,17.1,1062.95,7939.1,1777219813.981,1777219816.03,ok
GCP,server,simultaneous,50,50,1,2.09106,23.9113,0.0,0.0,0.0,0.0,0,0,45.7,71.4,16.8,17.1,1062.95,7939.1,1777219813.982,1777219816.026,ok
AWS,server,simultaneous,50,50,2,0.912723,54.7811,0.0,0.0,0.0,0.0,0,0,16.15,19.8,16.15,17.0,1015.45,7939.1,1777219822.68,1777219824.733,ok
AZURE,server,simultaneous,50,50,2,1.325228,37.7294,0.0,0.0,0.0,0.0,0,0,39.15,60.0,16.05,16.8,1004.7,7939.1,1777219822.6,1777219824.714,ok
GCP,server,simultaneous,50,50,2,2.048689,24.4059,0.0,0.0,0.0,0.0,0,0,19.4,20.5,15.9,16.5,992.05,7939.1,1777219822.6,1777219824.687,ok
AWS,server,simultaneous,50,50,3,0.745401,67.078,0.0,0.0,0.0,0.0,0,0,20.6,20.6,16.6,16.6,1049.3,7939.1,1777219831.222,1777219831.222,ok
AZURE,server,simultaneous,50,50,3,1.689128,29.6011,0.0,0.0,0.0,0.0,0,0,9.55,18.1,16.5,16.6,1041.25,7939.1,1777219831.206,1777219833.245,ok
GCP,server,simultaneous,50,50,3,2.005618,24.93,0.0,0.0,0.0,0.0,0,0,66.65,100.0,16.5,16.6,1041.85,7939.1,1777219831.219,1777219833.252,ok
AWS,server,simultaneous,50,50,4,0.865376,57.7784,0.0,0.0,0.0,0.0,0,0,46.2,72.6,16.15,16.7,1012.45,7939.1,1777219839.409,1777219841.452,ok
AZURE,server,simultaneous,50,50,4,1.110463,45.0263,0.0,0.0,0.0,0.0,0,0,34.5,50.0,16.15,16.7,1012.45,7939.1,1777219839.419,1777219841.465,ok
GCP,server,simultaneous,50,50,4,2.054338,24.3387,0.0,0.0,0.0,0.0,0,0,34.45,50.0,16.15,16.7,1012.45,7939.1,1777219839.414,1777219841.469,ok
AWS,server,simultaneous,50,50,5,0.787963,63.4548,0.0,0.0,0.0,0.0,0,0,55.6,100.0,16.25,17.1,1019.85,7939.1,1777219847.974,1777219850.022,ok
AZURE,server,simultaneous,50,50,5,1.657765,30.1611,0.0,0.0,0.0,0.0,0,0,47.9,77.4,16.25,17.1,1019.75,7939.1,1777219847.97,1777219850.015,ok
GCP,server,simultaneous,50,50,5,2.106223,23.7392,0.0,0.0,0.0,0.0,0,0,50.0,100.0,16.25,17.1,1019.05,7939.1,1777219847.984,1777219850.032,ok
AWS,server,simultaneous,50,50,6,0.809855,61.7394,0.0,0.0,0.0,0.0,0,0,25.15,30.9,16.55,17.1,1045.3,7939.1,1777219856.726,1777219858.755,ok
AZURE,server,simultaneous,50,50,6,1.416479,35.2988,0.0,0.0,0.0,0.0,0,0,16.65,33.3,16.2,16.4,1016.55,7939.1,1777219856.969,1777219859.003,ok
GCP,server,simultaneous,50,50,6,2.500611,19.9951,0.0,0.0,0.0,0.0,0,0,13.05,23.9,16.2,16.4,1016.55,7939.1,1777219856.955,1777219858.985,ok
AWS,server,simultaneous,50,50,7,0.766672,65.2169,0.0,0.0,0.0,0.0,0,0,11.5,11.5,15.3,15.3,947.2,7939.1,1777219866.222,1777219866.222,ok
AZURE,server,simultaneous,50,50,7,1.364447,36.6449,0.0,0.0,0.0,0.0,0,0,38.8,76.7,15.85,16.4,990.6,7939.1,1777219866.194,1777219868.232,ok
GCP,server,simultaneous,50,50,7,2.246782,22.2541,0.0,0.0,0.0,0.0,0,0,10.0,20.0,15.85,16.4,989.9,7939.1,1777219866.218,1777219868.253,ok
AWS,server,simultaneous,50,50,8,0.952117,52.5146,0.0,0.0,0.0,0.0,0,0,50.45,100.0,16.25,17.1,1018.3,7939.1,1777219874.756,1777219876.794,ok
AZURE,server,simultaneous,50,50,8,1.207138,41.4203,0.0,0.0,0.0,0.0,0,0,22.45,29.5,16.25,17.1,1019.0,7939.1,1777219874.736,1777219876.776,ok
GCP,server,simultaneous,50,50,8,2.055473,24.3253,0.0,0.0,0.0,0.0,0,0,33.35,66.7,16.25,17.1,1019.05,7939.1,1777219874.788,1777219876.829,ok
AWS,server,simultaneous,50,50,9,0.757707,65.9886,0.0,0.0,0.0,0.0,0,0,11.1,11.1,15.9,15.9,989.2,7939.1,1777219883.81,1777219883.81,ok
AZURE,server,simultaneous,50,50,9,1.740467,28.7279,0.0,0.0,0.0,0.0,0,0,25.6,50.0,16.2,16.5,1015.6,7939.1,1777219883.812,1777219885.86,ok
GCP,server,simultaneous,50,50,9,2.520156,19.84,0.0,0.0,0.0,0.0,0,0,46.9,75.5,16.3,16.7,1023.3,7939.1,1777219883.724,1777219885.844,ok
AWS,server,simultaneous,50,50,10,0.801792,62.3603,0.0,0.0,0.0,0.0,0,0,22.65,27.2,16.25,17.2,1018.8,7939.1,1777219892.633,1777219894.676,ok
AZURE,server,simultaneous,50,50,10,1.53906,32.4874,0.0,0.0,0.0,0.0,0,0,27.45,37.3,15.95,16.6,996.4,7939.1,1777219893.198,1777219895.246,ok
GCP,server,simultaneous,50,50,10,2.377737,21.0284,0.0,0.0,0.0,0.0,0,0,8.65,17.3,15.9,16.5,993.15,7939.1,1777219893.202,1777219895.252,ok
AWS,presigned,simultaneous,50,50,1,1.06645,46.8845,0.686347,0.192735,0.686349,0.0,0,0,20.0,20.0,15.5,15.5,959.5,7939.1,1777219915.052,1777219915.052,ok
AZURE,presigned,simultaneous,50,50,1,1.258553,39.7282,1.128543,0.06334,1.128641,0.0,0,0,0.9,0.9,15.5,15.5,959.5,7939.1,1777219914.833,1777219914.833,ok
GCP,presigned,simultaneous,50,50,1,2.667018,18.7475,2.540565,0.165131,2.540814,0.0,0,0,2.05,2.7,15.5,15.5,959.5,7939.1,1777219914.993,1777219917.045,ok
AWS,presigned,simultaneous,50,50,2,1.128464,44.308,0.762466,0.18164,0.762468,0.0,0,0,1.6,1.6,15.3,15.3,944.5,7939.1,1777219922.86,1777219922.86,ok
AZURE,presigned,simultaneous,50,50,2,1.405953,35.5631,1.271426,0.054804,1.27155,0.0,0,0,1.5,1.5,15.3,15.3,944.5,7939.1,1777219922.695,1777219922.695,ok
GCP,presigned,simultaneous,50,50,2,1.769056,28.2637,1.652798,0.214903,1.65305,0.0,0,0,9.1,9.1,15.3,15.3,944.5,7939.1,1777219922.915,1777219922.915,ok
AWS,presigned,simultaneous,50,50,3,1.013828,49.318,0.654723,0.199764,0.654726,0.0,0,0,1.8,1.8,15.3,15.3,944.7,7939.1,1777219929.909,1777219929.909,ok
AZURE,presigned,simultaneous,50,50,3,1.416816,35.2904,1.291774,0.052534,1.29188,0.0,0,0,2.1,2.1,15.3,15.3,944.7,7939.1,1777219929.701,1777219929.701,ok
GCP,presigned,simultaneous,50,50,3,2.462816,20.302,2.356756,0.16634,2.357082,0.0,0,0,3.75,5.4,15.3,15.3,944.7,7939.1,1777219929.837,1777219931.872,ok
AWS,presigned,simultaneous,50,50,4,0.915268,54.6288,0.61853,0.181633,0.618532,0.0,0,0,2.1,2.1,15.3,15.3,944.6,7939.1,1777219937.502,1777219937.502,ok
AZURE,presigned,simultaneous,50,50,4,1.348032,37.0911,1.241292,0.045437,1.241375,0.0,0,0,0.8,0.8,15.3,15.3,944.6,7939.1,1777219937.332,1777219937.332,ok
GCP,presigned,simultaneous,50,50,4,2.127792,23.4985,2.056445,0.144963,2.056648,0.0,0,0,2.7,3.4,15.3,15.3,944.55,7939.1,1777219937.447,1777219939.475,ok
AWS,presigned,simultaneous,50,50,5,0.949573,52.6552,0.612886,0.218145,0.612889,0.0,0,0,2.2,2.2,15.3,15.3,944.5,7939.1,1777219944.802,1777219944.802,ok
AZURE,presigned,simultaneous,50,50,5,1.611856,31.0201,1.50749,0.045004,1.507564,0.0,0,0,2.0,2.0,15.3,15.3,944.5,7939.1,1777219944.616,1777219944.616,ok
GCP,presigned,simultaneous,50,50,5,2.099216,23.8184,2.049136,0.160562,2.050545,0.0,0,0,2.1,2.4,15.3,15.3,944.5,7939.1,1777219944.762,1777219946.791,ok
AWS,presigned,simultaneous,50,50,6,0.903359,55.349,0.702406,0.190879,0.702409,0.0,0,0,2.1,2.1,15.3,15.3,944.5,7939.1,1777219952.065,1777219952.065,ok
AZURE,presigned,simultaneous,50,50,6,1.59607,31.327,1.494897,0.044509,1.494974,0.0,0,0,1.6,1.6,15.3,15.3,944.5,7939.1,1777219951.897,1777219951.897,ok
GCP,presigned,simultaneous,50,50,6,1.867048,26.7802,1.797878,0.214118,1.798118,0.0,0,0,16.7,16.7,15.3,15.3,944.5,7939.1,1777219952.097,1777219952.097,ok
AWS,presigned,simultaneous,50,50,7,0.884101,56.5546,0.573186,0.199303,0.573189,0.0,0,0,33.3,33.3,15.3,15.3,944.5,7939.1,1777219959.171,1777219959.171,ok
AZURE,presigned,simultaneous,50,50,7,1.319084,37.9051,1.220526,0.050551,1.220598,0.0,0,0,1.0,1.0,15.3,15.3,944.5,7939.1,1777219959.003,1777219959.003,ok
GCP,presigned,simultaneous,50,50,7,1.673817,29.8718,1.604532,0.151265,1.604777,0.0,0,0,2.2,2.2,15.3,15.3,944.5,7939.1,1777219959.144,1777219959.144,ok
AWS,presigned,simultaneous,50,50,8,0.88509,56.4914,0.606731,0.187903,0.606733,0.0,0,0,25.8,25.8,15.3,15.3,944.4,7939.1,1777219966.002,1777219966.002,ok
AZURE,presigned,simultaneous,50,50,8,1.171813,42.6689,1.073846,0.043909,1.07392,0.0,0,0,1.5,1.5,15.3,15.3,944.4,7939.1,1777219965.836,1777219965.836,ok
GCP,presigned,simultaneous,50,50,8,2.209028,22.6344,2.132306,0.152886,2.132512,0.0,0,0,2.55,2.8,15.3,15.3,944.4,7939.1,1777219965.957,1777219967.985,ok
AWS,presigned,simultaneous,50,50,9,0.902884,55.3781,0.595243,0.188874,0.595246,0.0,0,0,9.1,9.1,15.3,15.3,944.4,7939.1,1777219973.379,1777219973.379,ok
AZURE,presigned,simultaneous,50,50,9,1.092309,45.7746,0.98999,0.047081,0.990084,0.0,0,0,1.5,1.5,15.3,15.3,944.4,7939.1,1777219973.213,1777219973.213,ok
GCP,presigned,simultaneous,50,50,9,2.050402,24.3855,1.975559,0.147579,1.975862,0.0,0,0,1.9,1.9,15.3,15.3,944.4,7939.1,1777219973.323,1777219973.323,ok
AWS,presigned,simultaneous,50,50,10,0.909166,54.9954,0.585643,0.207942,0.585646,0.0,0,0,2.3,2.3,15.3,15.3,944.4,7939.1,1777219980.606,1777219980.606,ok
AZURE,presigned,simultaneous,50,50,10,1.52819,32.7184,1.426091,0.057154,1.426167,0.0,0,0,1.8,1.8,15.3,15.3,944.4,7939.1,1777219980.442,1777219980.442,ok
GCP,presigned,simultaneous,50,50,10,1.862908,26.8398,1.810982,0.149344,1.811217,0.0,0,0,2.4,2.4,15.3,15.3,944.4,7939.1,1777219980.568,1777219980.568,ok
AWS,server,simultaneous,50,100,1,0.703796,71.0433,0.0,0.0,0.0,0.0,0,0,61.4,100.0,16.15,16.4,1013.0,7939.1,1777220000.316,1777220002.348,ok
AZURE,server,simultaneous,50,100,1,1.559374,32.0641,0.0,0.0,0.0,0.0,0,0,36.5,68.2,16.15,16.4,1013.0,7939.1,1777220000.309,1777220002.344,ok
GCP,server,simultaneous,50,100,1,2.258397,22.1396,0.0,0.0,0.0,0.0,0,0,57.25,91.1,16.1,16.3,1008.4,7939.1,1777220000.082,1777220002.116,ok
AWS,server,simultaneous,50,100,2,1.926262,25.957,0.0,0.0,0.0,0.0,0,0,45.9,66.7,16.05,16.5,1005.9,7939.1,1777220009.027,1777220011.152,ok
AZURE,server,simultaneous,50,100,2,1.900978,26.3023,0.0,0.0,0.0,0.0,0,0,54.9,87.5,16.0,16.4,1000.65,7939.1,1777220009.019,1777220011.126,ok
GCP,server,simultaneous,50,100,2,2.306961,21.6735,0.0,0.0,0.0,0.0,0,0,100.0,100.0,16.05,16.5,1004.95,7939.1,1777220009.031,1777220011.14,ok
AWS,server,simultaneous,50,100,3,0.894309,55.9091,0.0,0.0,0.0,0.0,0,0,61.85,94.4,16.1,16.6,1009.05,7939.1,1777220018.074,1777220020.119,ok
AZURE,server,simultaneous,50,100,3,1.249205,40.0255,0.0,0.0,0.0,0.0,0,0,32.8,55.6,16.05,16.5,1007.25,7939.1,1777220018.226,1777220020.313,ok
GCP,server,simultaneous,50,100,3,2.176286,22.9749,0.0,0.0,0.0,0.0,0,0,63.1,100.0,16.1,16.6,1009.15,7939.1,1777220018.082,1777220020.126,ok
AWS,server,simultaneous,50,100,4,0.844981,59.1729,0.0,0.0,0.0,0.0,0,0,57.15,89.2,15.95,16.5,995.85,7939.1,1777220026.833,1777220028.885,ok
AZURE,server,simultaneous,50,100,4,1.33032,37.5849,0.0,0.0,0.0,0.0,0,0,60.3,100.0,15.95,16.5,995.7,7939.1,1777220026.839,1777220028.897,ok
GCP,server,simultaneous,50,100,4,1.959566,25.5159,0.0,0.0,0.0,0.0,0,0,59.6,100.0,15.95,16.5,996.7,7939.1,1777220026.84,1777220028.905,ok
AWS,server,simultaneous,50,100,5,0.745729,67.0485,0.0,0.0,0.0,0.0,0,0,56.7,86.3,16.0,16.4,1001.25,7939.1,1777220035.596,1777220037.739,ok
AZURE,server,simultaneous,50,100,5,1.339556,37.3258,0.0,0.0,0.0,0.0,0,0,8.65,17.3,16.0,16.4,1001.45,7939.1,1777220035.732,1777220037.766,ok
GCP,server,simultaneous,50,100,5,2.164743,23.0974,0.0,0.0,0.0,0.0,0,0,43.4,60.0,16.0,16.4,1001.45,7939.1,1777220035.733,1777220037.763,ok
AWS,server,simultaneous,50,100,6,0.91419,54.6932,0.0,0.0,0.0,0.0,0,0,57.8,100.0,15.8,16.4,986.85,7939.1,1777220044.285,1777220046.343,ok
AZURE,server,simultaneous,50,100,6,1.374412,36.3792,0.0,0.0,0.0,0.0,0,0,60.8,100.0,15.8,16.4,986.4,7939.1,1777220044.286,1777220046.337,ok
GCP,server,simultaneous,50,100,6,2.130614,23.4674,0.0,0.0,0.0,0.0,0,0,58.7,95.6,15.8,16.4,986.25,7939.1,1777220044.282,1777220046.329,ok
AWS,server,simultaneous,50,100,7,0.856472,58.379,0.0,0.0,0.0,0.0,0,0,50.0,50.0,15.95,16.1,999.85,7939.1,1777220053.127,1777220055.165,ok
AZURE,server,simultaneous,50,100,7,1.437112,34.792,0.0,0.0,0.0,0.0,0,0,56.95,87.7,15.95,16.1,999.45,7939.1,1777220053.114,1777220055.152,ok
GCP,server,simultaneous,50,100,7,1.892318,26.4226,0.0,0.0,0.0,0.0,0,0,63.1,100.0,15.95,16.1,999.85,7939.1,1777220053.129,1777220055.172,ok
AWS,server,simultaneous,50,100,8,1.028403,48.6191,0.0,0.0,0.0,0.0,0,0,22.45,25.7,15.95,16.6,997.55,7939.1,1777220062.252,1777220064.351,ok
AZURE,server,simultaneous,50,100,8,1.804132,27.7142,0.0,0.0,0.0,0.0,0,0,53.85,100.0,15.95,16.6,997.4,7939.1,1777220062.32,1777220064.379,ok
GCP,server,simultaneous,50,100,8,2.010686,24.8671,0.0,0.0,0.0,0.0,0,0,53.4,100.0,15.95,16.6,997.75,7939.1,1777220062.252,1777220064.369,ok
AWS,server,simultaneous,50,100,9,0.880288,56.7996,0.0,0.0,0.0,0.0,0,0,63.25,100.0,15.75,15.9,978.15,7939.1,1777220071.191,1777220073.254,ok
AZURE,server,simultaneous,50,100,9,1.350118,37.0338,0.0,0.0,0.0,0.0,0,0,38.1,76.2,15.75,15.9,978.45,7939.1,1777220071.194,1777220073.247,ok
GCP,server,simultaneous,50,100,9,2.162697,23.1193,0.0,0.0,0.0,0.0,0,0,53.55,100.0,15.75,15.9,978.15,7939.1,1777220071.194,1777220073.259,ok
AWS,server,simultaneous,50,100,10,1.020435,48.9987,0.0,0.0,0.0,0.0,0,0,29.9,34.2,15.95,16.5,995.2,7939.1,1777220080.323,1777220082.355,ok
AZURE,server,simultaneous,50,100,10,1.481568,33.748,0.0,0.0,0.0,0.0,0,0,62.7,100.0,15.85,16.4,990.75,7939.1,1777220080.481,1777220082.585,ok
GCP,server,simultaneous,50,100,10,2.105514,23.7472,0.0,0.0,0.0,0.0,0,0,33.7,59.1,15.85,16.4,990.9,7939.1,1777220080.541,1777220082.578,ok
AWS,presigned,simultaneous,50,100,1,0.889363,56.22,0.577636,0.183875,0.577638,0.0,0,0,2.0,2.0,15.4,15.4,957.0,7939.1,1777220097.868,1777220097.868,ok
AZURE,presigned,simultaneous,50,100,1,1.46867,34.0444,1.372601,0.052616,1.372691,0.0,0,0,13.8,13.8,15.4,15.4,957.0,7939.1,1777220097.721,1777220097.721,ok
GCP,presigned,simultaneous,50,100,1,1.939766,25.7763,1.871725,0.143853,1.87195,0.0,0,0,2.1,2.1,15.4,15.4,957.0,7939.1,1777220097.812,1777220097.812,ok
AWS,presigned,simultaneous,50,100,2,0.991955,50.4055,0.615002,0.21,0.615005,0.0,0,0,2.7,2.7,15.4,15.4,956.9,7939.1,1777220104.984,1777220104.984,ok
AZURE,presigned,simultaneous,50,100,2,1.300861,38.4361,1.197594,0.053599,1.197668,0.0,0,0,2.3,2.3,15.4,15.4,956.9,7939.1,1777220104.823,1777220104.823,ok
GCP,presigned,simultaneous,50,100,2,1.999642,25.0045,1.951901,0.145305,1.9521,0.0,0,0,2.6,2.6,15.4,15.4,956.9,7939.1,1777220104.943,1777220104.943,ok
AWS,presigned,simultaneous,50,100,3,0.888088,56.3007,0.57066,0.205509,0.570662,0.0,0,0,2.6,2.6,15.4,15.4,956.8,7939.1,1777220112.154,1777220112.154,ok
AZURE,presigned,simultaneous,50,100,3,1.218981,41.0179,1.107008,0.051798,1.107091,0.0,0,0,2.5,2.5,15.4,15.4,956.8,7939.1,1777220111.979,1777220111.979,ok
GCP,presigned,simultaneous,50,100,3,2.193366,22.796,2.121351,0.14798,2.121613,0.0,0,0,4.8,6.4,15.4,15.4,956.65,7939.1,1777220112.083,1777220114.117,ok
AWS,presigned,simultaneous,50,100,4,0.94504,52.9078,0.632608,0.195506,0.632611,0.0,0,0,1.8,1.8,15.4,15.4,956.5,7939.1,1777220119.538,1777220119.538,ok
AZURE,presigned,simultaneous,50,100,4,1.48856,33.5895,1.37937,0.045057,1.379461,0.0,0,0,2.1,2.1,15.4,15.4,956.5,7939.1,1777220119.341,1777220119.341,ok
GCP,presigned,simultaneous,50,100,4,2.018935,24.7655,1.96508,0.156756,1.965316,0.0,0,0,2.3,2.3,15.4,15.4,956.5,7939.1,1777220119.453,1777220119.453,ok
AWS,presigned,simultaneous,50,100,5,0.939924,53.1958,0.58222,0.270915,0.582223,0.0,0,0,2.7,2.7,15.4,15.4,956.3,7939.1,1777220126.755,1777220126.755,ok
AZURE,presigned,simultaneous,50,100,5,1.564791,31.9532,1.457538,0.048357,1.457614,0.0,0,0,2.6,2.6,15.4,15.4,956.3,7939.1,1777220126.533,1777220126.533,ok
GCP,presigned,simultaneous,50,100,5,2.074767,24.0991,2.023272,0.437798,2.023618,0.0,0,0,3.3,3.5,15.4,15.4,956.25,7939.1,1777220126.922,1777220128.95,ok
AWS,presigned,simultaneous,50,100,6,0.887782,56.3202,0.578509,0.230777,0.578512,0.0,0,0,1.3,1.3,15.4,15.4,956.2,7939.1,1777220134.243,1777220134.243,ok
AZURE,presigned,simultaneous,50,100,6,1.198597,41.7154,1.101099,0.040551,1.101294,0.0,0,0,2.0,2.0,15.4,15.4,956.2,7939.1,1777220134.046,1777220134.046,ok
GCP,presigned,simultaneous,50,100,6,1.746339,28.6313,1.687577,0.147619,1.687772,0.0,0,0,28.6,28.6,15.4,15.4,956.2,7939.1,1777220134.163,1777220134.163,ok
AWS,presigned,simultaneous,50,100,7,0.772277,64.7436,0.59138,0.164669,0.591382,0.0,0,0,2.5,2.5,15.4,15.4,956.2,7939.1,1777220141.101,1777220141.101,ok
AZURE,presigned,simultaneous,50,100,7,1.629698,30.6805,1.535683,0.048806,1.535765,0.0,0,0,1.6,1.6,15.4,15.4,956.2,7939.1,1777220140.963,1777220140.963,ok
GCP,presigned,simultaneous,50,100,7,2.078556,24.0552,2.031211,0.450626,2.031379,0.0,0,0,1.75,2.0,15.4,15.4,956.1,7939.1,1777220141.383,1777220143.408,ok
AWS,presigned,simultaneous,50,100,8,0.888256,56.2901,0.582319,0.255088,0.582322,0.0,0,0,2.6,2.6,15.4,15.4,956.1,7939.1,1777220148.746,1777220148.746,ok
AZURE,presigned,simultaneous,50,100,8,1.443413,34.6401,1.341709,0.050205,1.34181,0.0,0,0,1.6,1.6,15.4,15.4,956.1,7939.1,1777220148.511,1777220148.511,ok
GCP,presigned,simultaneous,50,100,8,2.049806,24.3925,1.963039,0.24068,1.964441,0.0,0,0,2.9,3.5,15.4,15.4,956.1,7939.1,1777220148.712,1777220150.741,ok
AWS,presigned,simultaneous,50,100,9,0.837611,59.6936,0.569039,0.161673,0.569041,0.0,0,0,1.2,1.2,15.4,15.4,956.0,7939.1,1777220155.966,1777220155.966,ok
AZURE,presigned,simultaneous,50,100,9,1.655149,30.2088,1.56107,0.042548,1.56115,0.0,0,0,1.9,1.9,15.4,15.4,956.0,7939.1,1777220155.826,1777220155.826,ok
GCP,presigned,simultaneous,50,100,9,2.399561,20.8371,2.347805,0.429602,2.347994,0.0,0,0,2.15,2.2,15.4,15.4,956.0,7939.1,1777220156.219,1777220158.245,ok
AWS,presigned,simultaneous,50,100,10,0.757199,66.0328,0.570267,0.211827,0.57027,0.0,0,0,2.4,2.4,15.3,15.3,948.9,7939.1,1777220163.851,1777220163.851,ok
AZURE,presigned,simultaneous,50,100,10,1.209344,41.3447,1.115183,0.048161,1.115253,0.0,0,0,2.3,2.3,15.3,15.3,948.6,7939.1,1777220163.678,1777220163.678,ok
GCP,presigned,simultaneous,50,100,10,1.774903,28.1706,1.725082,0.171413,1.72529,0.0,0,0,2.7,2.7,15.3,15.3,948.9,7939.1,1777220163.81,1777220163.81,ok
AWS,server,simultaneous,100,5,1,3.562405,28.0709,0.0,0.0,0.0,0.0,0,0,58.6,100.0,16.3,16.7,1024.93,7939.1,1777220213.729,1777220217.831,ok
AZURE,server,simultaneous,100,5,1,1.27524,78.4166,0.0,0.0,0.0,0.0,0,0,66.9,100.0,16.3,16.7,1024.83,7939.1,1777220213.732,1777220217.841,ok
GCP,server,simultaneous,100,5,1,16.133131,6.1984,0.0,0.0,0.0,0.0,0,0,33.8,94.5,16.12,16.7,1011.8,7939.1,1777220213.731,1777220232.006,ok
AWS,server,simultaneous,100,5,2,2.609216,38.3257,0.0,0.0,0.0,0.0,0,0,69.77,100.0,16.53,16.9,1045.37,7939.1,1777220237.745,1777220241.834,ok
AZURE,server,simultaneous,100,5,2,1.225455,81.6023,0.0,0.0,0.0,0.0,0,0,7.35,14.3,16.35,16.5,1030.65,7939.1,1777220237.734,1777220239.778,ok
GCP,server,simultaneous,100,5,2,15.471171,6.4636,0.0,0.0,0.0,0.0,0,0,27.94,100.0,16.2,16.9,1017.06,7939.1,1777220237.745,1777220254.022,ok
AWS,server,simultaneous,100,5,3,3.209345,31.159,0.0,0.0,0.0,0.0,0,0,58.3,94.1,16.53,16.7,1041.3,7939.1,1777220261.037,1777220265.103,ok
AZURE,server,simultaneous,100,5,3,1.477371,67.6878,0.0,0.0,0.0,0.0,0,0,66.87,100.0,16.5,16.6,1040.2,7939.1,1777220261.077,1777220265.172,ok
GCP,server,simultaneous,100,5,3,15.916392,6.2828,0.0,0.0,0.0,0.0,0,0,31.32,100.0,16.57,16.6,1046.58,7939.1,1777220261.079,1777220279.358,ok
AWS,server,simultaneous,100,5,4,3.269345,30.5872,0.0,0.0,0.0,0.0,0,0,36.67,79.8,17.4,18.1,1112.27,7939.1,1777220285.628,1777220289.702,ok
AZURE,server,simultaneous,100,5,4,1.209461,82.6815,0.0,0.0,0.0,0.0,0,0,50.7,100.0,17.05,17.2,1085.15,7939.1,1777220285.628,1777220287.702,ok
GCP,server,simultaneous,100,5,4,15.329526,6.5234,0.0,0.0,0.0,0.0,0,0,31.96,100.0,17.04,18.1,1082.94,7939.1,1777220285.633,1777220301.898,ok
AWS,server,simultaneous,100,5,5,2.865697,34.8955,0.0,0.0,0.0,0.0,0,0,55.87,100.0,17.43,17.9,1112.5,7939.1,1777220308.691,1777220312.785,ok
AZURE,server,simultaneous,100,5,5,1.422239,70.3117,0.0,0.0,0.0,0.0,0,0,50.0,100.0,17.2,17.3,1093.35,7939.1,1777220308.695,1777220310.748,ok
GCP,server,simultaneous,100,5,5,16.41561,6.0918,0.0,0.0,0.0,0.0,0,0,22.78,84.9,17.12,17.9,1089.13,7939.1,1777220308.684,1777220326.954,ok
AWS,server,simultaneous,100,5,6,2.749069,36.376,0.0,0.0,0.0,0.0,0,0,40.07,73.8,17.33,17.8,1107.2,7939.1,1777220333.117,1777220337.19,ok
AZURE,server,simultaneous,100,5,6,1.132496,88.3005,0.0,0.0,0.0,0.0,0,0,56.05,100.0,17.1,17.3,1087.8,7939.1,1777220333.117,1777220335.169,ok
GCP,server,simultaneous,100,5,6,15.942457,6.2726,0.0,0.0,0.0,0.0,0,0,27.81,100.0,17.02,17.8,1081.37,7939.1,1777220333.145,1777220351.407,ok
AWS,server,simultaneous,100,5,7,2.840461,35.2056,0.0,0.0,0.0,0.0,0,0,67.47,100.0,17.27,17.6,1100.47,7939.1,1777220356.515,1777220360.614,ok
AZURE,server,simultaneous,100,5,7,1.111065,90.0037,0.0,0.0,0.0,0.0,0,0,6.1,11.6,17.1,17.2,1087.35,7939.1,1777220356.512,1777220358.561,ok
GCP,server,simultaneous,100,5,7,16.209405,6.1693,0.0,0.0,0.0,0.0,0,0,38.91,100.0,16.86,17.6,1068.36,7939.1,1777220356.522,1777220374.803,ok
AWS,server,simultaneous,100,5,8,3.062075,32.6576,0.0,0.0,0.0,0.0,0,0,37.57,100.0,17.33,17.7,1106.7,7939.1,1777220380.619,1777220384.729,ok
AZURE,server,simultaneous,100,5,8,1.128804,88.5893,0.0,0.0,0.0,0.0,0,0,35.4,88.5,17.27,17.5,1102.47,7939.1,1777220380.619,1777220384.698,ok
GCP,server,simultaneous,100,5,8,14.942437,6.6923,0.0,0.0,0.0,0.0,0,0,28.93,100.0,17.07,17.6,1086.19,7939.1,1777220380.617,1777220396.886,ok
AWS,server,simultaneous,100,5,9,2.87737,34.754,0.0,0.0,0.0,0.0,0,0,58.13,93.2,17.13,17.4,1090.77,7939.1,1777220403.8,1777220407.897,ok
AZURE,server,simultaneous,100,5,9,1.600184,62.4928,0.0,0.0,0.0,0.0,0,0,72.6,100.0,17.13,17.4,1090.83,7939.1,1777220403.798,1777220407.91,ok
GCP,server,simultaneous,100,5,9,16.609627,6.0206,0.0,0.0,0.0,0.0,0,0,29.05,100.0,16.88,17.4,1069.89,7939.1,1777220403.814,1777220422.101,ok
AWS,server,simultaneous,100,5,10,2.745057,36.4291,0.0,0.0,0.0,0.0,0,0,55.57,89.5,17.2,17.4,1095.6,7939.1,1777220428.048,1777220432.116,ok
AZURE,server,simultaneous,100,5,10,1.342732,74.475,0.0,0.0,0.0,0.0,0,0,60.3,100.0,17.2,17.4,1095.4,7939.1,1777220428.058,1777220432.135,ok
GCP,server,simultaneous,100,5,10,14.950728,6.6886,0.0,0.0,0.0,0.0,0,0,39.24,100.0,16.87,17.4,1068.69,7939.1,1777220428.058,1777220444.307,ok
AWS,presigned,simultaneous,100,5,1,3.33957,29.944,0.129585,0.187315,0.15408,0.036338,0,0,0.95,1.2,16.9,16.9,1075.4,7939.1,1777220495.601,1777220497.635,ok
AZURE,presigned,simultaneous,100,5,1,5.044238,19.8246,0.217536,0.040598,0.247088,0.07938,0,0,0.47,0.8,16.9,16.9,1075.4,7939.1,1777220495.452,1777220499.512,ok
GCP,presigned,simultaneous,100,5,1,18.596807,5.3773,1.036794,0.151632,0.928532,0.16626,0,0,1.05,3.1,16.9,16.9,1075.46,7939.1,1777220495.568,1777220513.8,ok
AWS,presigned,simultaneous,100,5,2,3.50052,28.5672,0.141322,0.168315,0.163286,0.033767,0,0,12.95,25.0,16.95,17.0,1076.7,7939.1,1777220519.334,1777220521.357,ok
AZURE,presigned,simultaneous,100,5,2,4.365102,22.909,0.215192,0.06176,0.212917,0.054644,0,0,0.87,1.0,16.9,16.9,1074.03,7939.1,1777220519.233,1777220523.286,ok
GCP,presigned,simultaneous,100,5,2,17.231491,5.8033,0.999561,0.482638,0.860058,0.145727,0,0,1.03,2.9,16.91,17.0,1071.62,7939.1,1777220519.669,1777220535.878,ok
AWS,presigned,simultaneous,100,5,3,5.893548,16.9677,0.134665,0.182931,0.280922,0.39049,0,0,0.93,2.8,16.9,16.9,1070.2,7939.1,1777220542.079,1777220546.145,ok
AZURE,presigned,simultaneous,100,5,3,5.336137,18.7401,0.283792,0.044958,0.249386,0.070675,0,0,0.6,1.1,16.9,16.9,1070.2,7939.1,1777220541.937,1777220545.992,ok
GCP,presigned,simultaneous,100,5,3,19.115306,5.2314,0.770343,0.150321,0.954421,0.230777,0,0,2.43,8.7,16.9,16.9,1070.18,7939.1,1777220542.052,1777220560.283,ok
AWS,presigned,simultaneous,100,5,4,3.188332,31.3644,0.145247,0.183318,0.146031,0.019689,0,0,1.75,2.8,16.9,16.9,1070.2,7939.1,1777220566.349,1777220568.374,ok
AZURE,presigned,simultaneous,100,5,4,4.689549,21.324,0.236684,0.048386,0.229117,0.045577,0,0,1.37,2.7,16.9,16.9,1070.17,7939.1,1777220566.215,1777220570.265,ok
GCP,presigned,simultaneous,100,5,4,19.445807,5.1425,1.071393,0.51568,0.970897,0.143462,0,0,0.72,1.5,16.9,16.9,1070.28,7939.1,1777220566.693,1777220584.923,ok
AWS,presigned,simultaneous,100,5,5,3.312953,30.1846,0.209136,0.174205,0.151917,0.027249,0,0,0.75,0.8,16.9,16.9,1070.3,7939.1,1777220591.316,1777220593.34,ok
AZURE,presigned,simultaneous,100,5,5,4.632161,21.5882,0.177329,0.04277,0.226167,0.054337,0,0,1.17,2.6,16.9,16.9,1070.3,7939.1,1777220591.181,1777220595.237,ok
GCP,presigned,simultaneous,100,5,5,19.751569,5.0629,1.071735,0.148822,0.986233,0.134533,0,0,0.63,2.7,16.9,16.9,1070.26,7939.1,1777220591.297,1777220609.532,ok
AWS,presigned,simultaneous,100,5,6,5.62103,17.7903,0.180404,0.16826,0.231057,0.325937,0,0,8.57,24.8,15.57,16.9,967.5,7939.1,1777220616.223,1777220620.271,ok
AZURE,presigned,simultaneous,100,5,6,4.857006,20.5888,0.253296,0.035984,0.23602,0.061283,0,0,8.63,25.2,15.57,16.9,967.43,7939.1,1777220616.083,1777220620.139,ok
GCP,presigned,simultaneous,100,5,6,19.169387,5.2167,0.760411,0.143981,0.957066,0.156161,0,0,5.95,30.0,15.38,16.9,952.45,7939.1,1777220616.2,1777220634.426,ok
AWS,presigned,simultaneous,100,5,7,3.587871,27.8717,0.144341,0.205982,0.169724,0.084058,0,0,33.75,64.5,15.35,15.4,948.85,7939.1,1777220640.576,1777220642.602,ok
AZURE,presigned,simultaneous,100,5,7,4.374059,22.8621,0.195131,0.039907,0.212384,0.033138,0,0,0.6,0.8,15.33,15.4,948.63,7939.1,1777220640.411,1777220644.462,ok
GCP,presigned,simultaneous,100,5,7,18.159216,5.5068,0.745372,0.698863,0.906623,0.157307,0,0,1.02,3.0,15.31,15.4,948.51,7939.1,1777220641.077,1777220657.297,ok
AWS,presigned,simultaneous,100,5,8,4.414342,22.6534,0.246313,0.256122,0.206519,0.039155,0,0,1.2,2.1,15.3,15.3,949.1,7939.1,1777220664.598,1777220668.712,ok
AZURE,presigned,simultaneous,100,5,8,5.266007,18.9897,0.262009,0.088325,0.252915,0.046779,0,0,0.53,0.6,15.3,15.3,948.87,7939.1,1777220664.363,1777220668.471,ok
GCP,presigned,simultaneous,100,5,8,18.890102,5.2938,1.186421,0.262851,0.942059,0.181749,0,0,8.28,50.4,15.03,15.4,922.54,7939.1,1777220664.612,1777220683.695,ok
AWS,presigned,simultaneous,100,5,9,4.281417,23.3568,0.528368,0.191754,0.200312,0.131251,0,0,11.67,29.6,13.9,13.9,834.7,7939.1,1777220688.934,1777220692.999,ok
AZURE,presigned,simultaneous,100,5,9,4.483932,22.3019,0.294033,0.053465,0.217921,0.047811,0,0,1.9,4.6,13.9,13.9,834.7,7939.1,1777220688.794,1777220692.853,ok
GCP,presigned,simultaneous,100,5,9,17.887747,5.5904,0.896773,0.440205,0.89292,0.142982,0,0,4.02,21.7,13.9,13.9,834.7,7939.1,1777220689.183,1777220705.395,ok
AWS,presigned,simultaneous,100,5,10,3.681063,27.1661,0.190866,0.215715,0.17073,0.05114,0,0,1.45,1.7,13.9,13.9,836.3,7939.1,1777220712.29,1777220714.317,ok
AZURE,presigned,simultaneous,100,5,10,5.081825,19.678,0.240108,0.046269,0.248667,0.055787,0,0,1.7,2.9,13.9,13.9,836.43,7939.1,1777220712.13,1777220716.193,ok
GCP,presigned,simultaneous,100,5,10,20.50081,4.8779,0.851907,0.688554,1.0236,0.092884,0,0,2.43,21.0,13.9,13.9,837.35,7939.1,1777220712.767,1777220733.048,ok
AWS,server,simultaneous,100,8,1,2.963905,33.7393,0.0,0.0,0.0,0.0,0,0,39.1,90.2,15.73,16.9,979.4,7939.1,1777220772.094,1777220776.172,ok
AZURE,server,simultaneous,100,8,1,1.078399,92.7301,0.0,0.0,0.0,0.0,0,0,50.3,100.0,15.15,15.3,932.9,7939.1,1777220772.129,1777220774.169,ok
GCP,server,simultaneous,100,8,1,10.537979,9.4895,0.0,0.0,0.0,0.0,0,0,44.94,100.0,16.06,16.8,1004.46,7939.1,1777220772.13,1777220784.314,ok
AWS,server,simultaneous,100,8,2,2.994084,33.3992,0.0,0.0,0.0,0.0,0,0,65.3,94.0,16.73,17.4,1056.63,7939.1,1777220790.861,1777220794.947,ok
AZURE,server,simultaneous,100,8,2,1.342022,74.5144,0.0,0.0,0.0,0.0,0,0,66.67,100.0,16.5,16.7,1037.83,7939.1,1777220790.865,1777220794.981,ok
GCP,server,simultaneous,100,8,2,11.351038,8.8098,0.0,0.0,0.0,0.0,0,0,43.39,100.0,15.64,16.7,970.66,7939.1,1777220790.867,1777220803.077,ok
AWS,server,simultaneous,100,8,3,2.573328,38.8602,0.0,0.0,0.0,0.0,0,0,72.4,100.0,15.47,16.2,958.6,7939.1,1777220809.524,1777220813.611,ok
AZURE,server,simultaneous,100,8,3,1.577578,63.3883,0.0,0.0,0.0,0.0,0,0,50.45,100.0,15.1,15.1,929.4,7939.1,1777220809.526,1777220811.588,ok
GCP,server,simultaneous,100,8,3,10.849512,9.217,0.0,0.0,0.0,0.0,0,0,29.84,92.8,15.2,16.2,937.8,7939.1,1777220809.52,1777220821.715,ok
AWS,server,simultaneous,100,8,4,2.470548,40.4768,0.0,0.0,0.0,0.0,0,0,66.67,100.0,15.5,16.4,961.2,7939.1,1777220828.364,1777220832.449,ok
AZURE,server,simultaneous,100,8,4,1.120785,89.2232,0.0,0.0,0.0,0.0,0,0,21.25,23.5,15.05,15.1,925.0,7939.1,1777220828.353,1777220830.388,ok
GCP,server,simultaneous,100,8,4,10.911281,9.1648,0.0,0.0,0.0,0.0,0,0,40.6,100.0,15.61,16.4,970.09,7939.1,1777220828.373,1777220840.555,ok
AWS,server,simultaneous,100,8,5,2.904117,34.4339,0.0,0.0,0.0,0.0,0,0,37.6,79.1,16.3,17.3,1023.7,7939.1,1777220846.736,1777220850.826,ok
AZURE,server,simultaneous,100,8,5,1.224569,81.6614,0.0,0.0,0.0,0.0,0,0,61.35,100.0,15.8,15.8,985.0,7939.1,1777220846.741,1777220848.804,ok
GCP,server,simultaneous,100,8,5,10.757722,9.2956,0.0,0.0,0.0,0.0,0,0,39.46,100.0,16.26,17.3,1020.43,7939.1,1777220846.74,1777220858.949,ok
AWS,server,simultaneous,100,8,6,2.982559,33.5283,0.0,0.0,0.0,0.0,0,0,64.1,100.0,16.2,17.1,1015.73,7939.1,1777220865.131,1777220869.217,ok
AZURE,server,simultaneous,100,8,6,1.119856,89.2972,0.0,0.0,0.0,0.0,0,0,51.4,79.6,15.7,15.8,977.3,7939.1,1777220865.135,1777220867.179,ok
GCP,server,simultaneous,100,8,6,11.156247,8.9636,0.0,0.0,0.0,0.0,0,0,49.13,100.0,16.47,17.1,1037.77,7939.1,1777220865.137,1777220877.335,ok
AWS,server,simultaneous,100,8,7,2.606755,38.3619,0.0,0.0,0.0,0.0,0,0,63.67,100.0,17.37,18.2,1109.37,7939.1,1777220883.324,1777220887.439,ok
AZURE,server,simultaneous,100,8,7,1.187537,84.2079,0.0,0.0,0.0,0.0,0,0,40.7,80.7,16.95,17.0,1077.55,7939.1,1777220883.321,1777220885.383,ok
GCP,server,simultaneous,100,8,7,10.820043,9.2421,0.0,0.0,0.0,0.0,0,0,39.19,100.0,17.16,18.2,1092.7,7939.1,1777220883.328,1777220895.534,ok
AWS,server,simultaneous,100,8,8,2.982759,33.526,0.0,0.0,0.0,0.0,0,0,41.2,93.2,17.2,17.9,1098.33,7939.1,1777220901.568,1777220905.643,ok
AZURE,server,simultaneous,100,8,8,1.167399,85.6605,0.0,0.0,0.0,0.0,0,0,50.35,100.0,16.85,16.9,1070.7,7939.1,1777220901.569,1777220903.635,ok
GCP,server,simultaneous,100,8,8,11.244543,8.8932,0.0,0.0,0.0,0.0,0,0,42.29,100.0,17.29,17.9,1104.04,7939.1,1777220901.572,1777220915.792,ok
AWS,server,simultaneous,100,8,9,2.605004,38.3877,0.0,0.0,0.0,0.0,0,0,57.13,91.2,18.1,19.0,1165.47,7939.1,1777220921.127,1777220925.206,ok
AZURE,server,simultaneous,100,8,9,1.158866,86.2913,0.0,0.0,0.0,0.0,0,0,50.45,100.0,17.65,17.7,1130.85,7939.1,1777220921.128,1777220923.182,ok
GCP,server,simultaneous,100,8,9,10.917517,9.1596,0.0,0.0,0.0,0.0,0,0,24.66,100.0,17.94,19.0,1154.04,7939.1,1777220921.137,1777220933.322,ok
AWS,server,simultaneous,100,8,10,2.727609,36.6621,0.0,0.0,0.0,0.0,0,0,97.83,100.0,17.97,18.8,1159.3,7939.1,1777220939.344,1777220943.436,ok
AZURE,server,simultaneous,100,8,10,1.329644,75.2081,0.0,0.0,0.0,0.0,0,0,50.2,100.0,17.55,17.6,1126.85,7939.1,1777220939.34,1777220941.396,ok
GCP,server,simultaneous,100,8,10,11.005256,9.0866,0.0,0.0,0.0,0.0,0,0,33.76,80.0,17.73,18.8,1138.44,7939.1,1777220939.343,1777220951.531,ok
AWS,presigned,simultaneous,100,8,1,3.069264,32.5811,0.2977,0.180056,0.216093,0.083014,0,0,29.15,33.3,17.6,17.6,1128.3,7939.1,1777220988.534,1777220990.561,ok
AZURE,presigned,simultaneous,100,8,1,3.765652,26.5558,0.297895,0.040733,0.282538,0.074924,0,0,0.55,0.7,17.6,17.6,1128.3,7939.1,1777220988.386,1777220990.421,ok
GCP,presigned,simultaneous,100,8,1,12.560199,7.9617,0.827504,0.154083,0.963952,0.166931,0,0,0.76,1.4,17.6,17.6,1128.3,7939.1,1777220988.514,1777221000.684,ok
AWS,presigned,simultaneous,100,8,2,3.829388,26.1138,0.235258,0.173003,0.275015,0.272752,0,0,17.3,33.3,17.5,17.5,1121.1,7939.1,1777221006.246,1777221008.28,ok
AZURE,presigned,simultaneous,100,8,2,3.603276,27.7525,0.213631,0.048774,0.270317,0.066649,0,0,1.2,1.4,17.5,17.5,1121.1,7939.1,1777221006.121,1777221008.146,ok
GCP,presigned,simultaneous,100,8,2,11.935838,8.3781,0.825298,0.143534,0.915939,0.142673,0,0,2.4,9.5,17.5,17.5,1121.1,7939.1,1777221006.221,1777221016.365,ok
AWS,presigned,simultaneous,100,8,3,3.708192,26.9673,0.174326,0.170925,0.265953,0.209993,0,0,0.5,0.7,17.5,17.5,1121.1,7939.1,1777221023.327,1777221025.357,ok
AZURE,presigned,simultaneous,100,8,3,3.782062,26.4406,0.290341,0.050829,0.282799,0.091864,0,0,0.45,0.6,17.5,17.5,1121.1,7939.1,1777221023.207,1777221025.235,ok
GCP,presigned,simultaneous,100,8,3,13.315813,7.5099,0.910371,0.436567,1.022048,0.102375,0,0,1.5,3.8,17.5,17.5,1121.03,7939.1,1777221023.605,1777221035.78,ok
AWS,presigned,simultaneous,100,8,4,2.650216,37.7328,0.177341,0.17651,0.187764,0.024532,0,0,8.8,16.7,17.5,17.5,1121.0,7939.1,1777221042.103,1777221044.136,ok
AZURE,presigned,simultaneous,100,8,4,3.637337,27.4926,0.218012,0.043209,0.271876,0.070309,0,0,0.3,0.3,17.5,17.5,1121.0,7939.1,1777221041.963,1777221043.988,ok
GCP,presigned,simultaneous,100,8,4,14.937824,6.6944,1.24216,0.144878,1.146992,0.201799,0,0,1.21,4.5,17.5,17.5,1121.0,7939.1,1777221042.069,1777221056.266,ok
AWS,presigned,simultaneous,100,8,5,4.61551,21.6661,0.244958,0.185623,0.33555,0.334492,0,0,2.07,3.6,17.5,17.5,1121.0,7939.1,1777221062.201,1777221066.255,ok
AZURE,presigned,simultaneous,100,8,5,3.843941,26.015,0.301401,0.038843,0.288552,0.057606,0,0,1.8,3.2,17.5,17.5,1121.0,7939.1,1777221062.05,1777221064.076,ok
GCP,presigned,simultaneous,100,8,5,13.799211,7.2468,1.107979,0.156399,1.059334,0.146283,0,0,0.76,1.2,17.5,17.5,1120.89,7939.1,1777221062.176,1777221074.335,ok
AWS,presigned,simultaneous,100,8,6,3.640384,27.4696,0.198713,0.173001,0.260749,0.103586,0,0,1.7,2.6,17.5,17.5,1121.3,7939.1,1777221081.152,1777221083.187,ok
AZURE,presigned,simultaneous,100,8,6,3.873274,25.818,0.315497,0.047914,0.29051,0.052181,0,0,0.8,0.9,17.5,17.5,1121.3,7939.1,1777221081.033,1777221083.059,ok
GCP,presigned,simultaneous,100,8,6,13.207432,7.5715,1.121884,0.458082,1.013877,0.122104,0,0,1.29,3.5,17.47,17.5,1119.09,7939.1,1777221081.448,1777221093.62,ok
AWS,presigned,simultaneous,100,8,7,2.705141,36.9667,0.222826,0.173415,0.188775,0.033483,0,0,1.1,1.2,17.3,17.3,1106.2,7939.1,1777221099.83,1777221101.858,ok
AZURE,presigned,simultaneous,100,8,7,4.037713,24.7665,0.299437,0.040167,0.302593,0.098369,0,0,0.45,0.5,17.3,17.3,1106.2,7939.1,1777221099.697,1777221101.727,ok
GCP,presigned,simultaneous,100,8,7,13.170584,7.5927,1.08519,0.424918,1.011065,0.162972,0,0,1.23,2.6,17.3,17.3,1106.2,7939.1,1777221100.089,1777221112.248,ok
AWS,presigned,simultaneous,100,8,8,2.613806,38.2584,0.180871,0.167671,0.181223,0.026977,0,0,17.0,33.3,17.3,17.3,1106.2,7939.1,1777221118.446,1777221120.475,ok
AZURE,presigned,simultaneous,100,8,8,4.122182,24.259,0.353038,0.040301,0.30213,0.090922,0,0,2.37,5.6,17.27,17.3,1101.77,7939.1,1777221118.308,1777221122.365,ok
GCP,presigned,simultaneous,100,8,8,12.847172,7.7838,0.893686,0.145775,0.986245,0.148569,0,0,1.83,5.9,17.23,17.3,1097.09,7939.1,1777221118.43,1777221130.6,ok
AWS,presigned,simultaneous,100,8,9,2.748364,36.3853,0.187395,0.166225,0.192419,0.027666,0,0,25.5,50.0,17.2,17.2,1093.5,7939.1,1777221136.442,1777221138.477,ok
AZURE,presigned,simultaneous,100,8,9,3.925788,25.4726,0.278982,0.037301,0.294617,0.083759,0,0,0.7,1.0,17.2,17.2,1093.5,7939.1,1777221136.308,1777221138.34,ok
GCP,presigned,simultaneous,100,8,9,12.945157,7.7249,1.210569,0.144834,0.993752,0.156993,0,0,1.29,2.6,17.2,17.2,1093.44,7939.1,1777221136.424,1777221148.593,ok
AWS,presigned,simultaneous,100,8,10,2.916595,34.2866,0.160576,0.17053,0.205882,0.044608,0,0,1.85,2.8,17.2,17.2,1093.4,7939.1,1777221154.547,1777221156.581,ok
AZURE,presigned,simultaneous,100,8,10,4.088303,24.46,0.256303,0.045586,0.307176,0.092844,0,0,1.1,1.7,17.2,17.2,1093.4,7939.1,1777221154.415,1777221158.481,ok
GCP,presigned,simultaneous,100,8,10,13.448854,7.4356,1.119849,0.146693,1.032486,0.184696,0,0,2.46,9.1,17.2,17.2,1093.4,7939.1,1777221154.533,1777221166.709,ok
AWS,server,simultaneous,100,10,1,2.530866,39.5122,0.0,0.0,0.0,0.0,0,0,63.0,100.0,17.3,18.1,1103.3,7939.1,1777221202.096,1777221206.192,ok
AZURE,server,simultaneous,100,10,1,1.11449,89.7271,0.0,0.0,0.0,0.0,0,0,50.25,100.0,16.9,16.9,1072.45,7939.1,1777221202.089,1777221204.152,ok
GCP,server,simultaneous,100,10,1,9.017125,11.09,0.0,0.0,0.0,0.0,0,0,34.67,83.9,17.03,18.1,1082.07,7939.1,1777221202.097,1777221212.246,ok
AWS,server,simultaneous,100,10,2,2.788003,35.868,0.0,0.0,0.0,0.0,0,0,45.87,100.0,17.2,18.0,1097.07,7939.1,1777221218.855,1777221222.934,ok
AZURE,server,simultaneous,100,10,2,1.403176,71.2669,0.0,0.0,0.0,0.0,0,0,42.65,79.1,16.85,17.0,1065.85,7939.1,1777221218.855,1777221220.897,ok
GCP,server,simultaneous,100,10,2,9.180432,10.8927,0.0,0.0,0.0,0.0,0,0,49.27,100.0,16.85,18.0,1068.88,7939.1,1777221218.867,1777221229.026,ok
AWS,server,simultaneous,100,10,3,2.679509,37.3203,0.0,0.0,0.0,0.0,0,0,72.77,100.0,17.2,18.1,1096.67,7939.1,1777221235.674,1777221239.771,ok
AZURE,server,simultaneous,100,10,3,1.501347,66.6069,0.0,0.0,0.0,0.0,0,0,39.8,79.0,16.75,16.8,1062.1,7939.1,1777221235.672,1777221237.718,ok
GCP,server,simultaneous,100,10,3,9.230814,10.8333,0.0,0.0,0.0,0.0,0,0,48.77,100.0,17.35,18.1,1107.7,7939.1,1777221235.677,1777221245.844,ok
AWS,server,simultaneous,100,10,4,2.891693,34.5818,0.0,0.0,0.0,0.0,0,0,66.67,100.0,18.0,18.6,1157.63,7939.1,1777221251.954,1777221256.051,ok
AZURE,server,simultaneous,100,10,4,1.089598,91.777,0.0,0.0,0.0,0.0,0,0,45.03,94.2,17.97,18.6,1158.3,7939.1,1777221251.95,1777221256.037,ok
GCP,server,simultaneous,100,10,4,8.646999,11.5647,0.0,0.0,0.0,0.0,0,0,48.53,100.0,18.15,18.6,1171.33,7939.1,1777221251.96,1777221262.139,ok
AWS,server,simultaneous,100,10,5,2.59702,38.5057,0.0,0.0,0.0,0.0,0,0,56.03,86.1,18.13,18.8,1169.37,7939.1,1777221268.932,1777221273.011,ok
AZURE,server,simultaneous,100,10,5,1.275079,78.4265,0.0,0.0,0.0,0.0,0,0,50.65,100.0,17.8,17.8,1144.25,7939.1,1777221268.945,1777221271.004,ok
GCP,server,simultaneous,100,10,5,8.926186,11.203,0.0,0.0,0.0,0.0,0,0,39.95,100.0,17.87,18.8,1149.28,7939.1,1777221268.933,1777221279.103,ok
AWS,server,simultaneous,100,10,6,2.511322,39.8197,0.0,0.0,0.0,0.0,0,0,65.7,100.0,18.0,18.9,1162.33,7939.1,1777221285.474,1777221289.576,ok
AZURE,server,simultaneous,100,10,6,1.191382,83.9361,0.0,0.0,0.0,0.0,0,0,34.6,68.5,17.55,17.6,1125.6,7939.1,1777221285.478,1777221287.539,ok
GCP,server,simultaneous,100,10,6,8.619642,11.6014,0.0,0.0,0.0,0.0,0,0,51.28,100.0,17.72,19.0,1136.53,7939.1,1777221285.475,1777221295.662,ok
AWS,server,simultaneous,100,10,7,2.61369,38.2601,0.0,0.0,0.0,0.0,0,0,61.37,100.0,18.03,18.8,1163.97,7939.1,1777221301.783,1777221305.87,ok
AZURE,server,simultaneous,100,10,7,1.196501,83.577,0.0,0.0,0.0,0.0,0,0,47.9,78.6,17.65,17.7,1133.8,7939.1,1777221301.784,1777221303.833,ok
GCP,server,simultaneous,100,10,7,9.300416,10.7522,0.0,0.0,0.0,0.0,0,0,44.85,100.0,17.85,18.8,1148.42,7939.1,1777221301.792,1777221311.963,ok
AWS,server,simultaneous,100,10,8,2.99952,33.3387,0.0,0.0,0.0,0.0,0,0,67.03,100.0,18.13,18.8,1168.17,7939.1,1777221318.66,1777221322.748,ok
AZURE,server,simultaneous,100,10,8,1.088131,91.9007,0.0,0.0,0.0,0.0,0,0,75.0,100.0,18.13,18.8,1167.47,7939.1,1777221318.655,1777221322.757,ok
GCP,server,simultaneous,100,10,8,8.952717,11.1698,0.0,0.0,0.0,0.0,0,0,39.73,94.3,17.84,18.8,1146.91,7939.1,1777221318.66,1777221330.853,ok
AWS,server,simultaneous,100,10,9,2.98355,33.5171,0.0,0.0,0.0,0.0,0,0,36.8,94.7,17.57,18.3,1122.37,7939.1,1777221336.174,1777221340.249,ok
AZURE,server,simultaneous,100,10,9,1.379598,72.4849,0.0,0.0,0.0,0.0,0,0,75.0,100.0,17.57,18.3,1121.8,7939.1,1777221336.18,1777221340.269,ok
GCP,server,simultaneous,100,10,9,9.247012,10.8143,0.0,0.0,0.0,0.0,0,0,58.71,100.0,17.33,18.3,1106.11,7939.1,1777221336.183,1777221348.389,ok
AWS,server,simultaneous,100,10,10,2.992303,33.4191,0.0,0.0,0.0,0.0,0,0,43.4,92.7,17.5,18.0,1119.1,7939.1,1777221353.864,1777221357.937,ok
AZURE,server,simultaneous,100,10,10,1.03248,96.8542,0.0,0.0,0.0,0.0,0,0,66.97,100.0,17.5,18.0,1119.37,7939.1,1777221353.864,1777221357.95,ok
GCP,server,simultaneous,100,10,10,8.621742,11.5986,0.0,0.0,0.0,0.0,0,0,47.17,100.0,17.43,18.0,1114.17,7939.1,1777221353.872,1777221364.047,ok
AWS,presigned,simultaneous,100,10,1,2.311152,43.2685,0.205336,0.233839,0.20589,0.019014,0,0,7.05,13.3,17.1,17.1,1087.3,7939.1,1777221398.206,1777221400.231,ok
AZURE,presigned,simultaneous,100,10,1,4.176129,23.9456,0.469967,0.042121,0.40903,0.08412,0,0,1.2,3.0,17.1,17.1,1087.3,7939.1,1777221398.015,1777221402.066,ok
GCP,presigned,simultaneous,100,10,1,10.494328,9.529,1.118642,0.149084,1.046662,0.15788,0,0,5.58,28.6,17.1,17.1,1087.3,7939.1,1777221398.127,1777221408.276,ok
AWS,presigned,simultaneous,100,10,2,2.66273,37.5554,0.197358,0.180746,0.240306,0.067298,0,0,1.95,2.8,17.1,17.1,1087.3,7939.1,1777221413.809,1777221415.844,ok
AZURE,presigned,simultaneous,100,10,2,4.105074,24.3601,0.334515,0.039447,0.401143,0.09909,0,0,1.5,2.7,17.1,17.1,1087.3,7939.1,1777221413.669,1777221417.733,ok
GCP,presigned,simultaneous,100,10,2,10.442255,9.5765,1.241113,0.21869,1.041402,0.181273,0,0,3.43,11.1,17.1,17.1,1087.28,7939.1,1777221413.861,1777221423.998,ok
AWS,presigned,simultaneous,100,10,3,2.65291,37.6945,0.277733,0.165928,0.247482,0.059414,0,0,0.0,0.0,17.1,17.1,1087.2,7939.1,1777221429.487,1777221431.52,ok
AZURE,presigned,simultaneous,100,10,3,4.081057,24.5035,0.445087,0.045232,0.398488,0.090212,0,0,1.43,2.3,17.1,17.1,1087.87,7939.1,1777221429.34,1777221433.393,ok
GCP,presigned,simultaneous,100,10,3,10.403585,9.6121,0.854954,0.15304,1.037595,0.159711,0,0,1.1,2.1,17.1,17.1,1087.77,7939.1,1777221429.477,1777221439.613,ok
AWS,presigned,simultaneous,100,10,4,2.444657,40.9055,0.18955,0.177305,0.226608,0.035349,0,0,14.45,28.0,17.1,17.1,1085.1,7939.1,1777221445.043,1777221447.067,ok
AZURE,presigned,simultaneous,100,10,4,3.863845,25.881,0.364892,0.039215,0.375822,0.052342,0,0,0.9,1.0,17.1,17.1,1085.15,7939.1,1777221444.906,1777221446.937,ok
GCP,presigned,simultaneous,100,10,4,11.807335,8.4693,1.143356,0.457257,1.177057,0.115609,0,0,1.03,1.8,17.1,17.1,1085.1,7939.1,1777221445.331,1777221455.472,ok
AWS,presigned,simultaneous,100,10,5,2.756363,36.2797,0.507413,0.163712,0.257151,0.091474,0,0,0.9,1.0,17.1,17.1,1085.1,7939.1,1777221462.301,1777221464.327,ok
AZURE,presigned,simultaneous,100,10,5,4.259892,23.4748,0.39408,0.041454,0.416978,0.090527,0,0,0.6,0.9,17.1,17.1,1085.1,7939.1,1777221462.185,1777221466.252,ok
GCP,presigned,simultaneous,100,10,5,11.295469,8.8531,0.855322,0.20833,1.127075,0.163841,0,0,3.15,15.4,17.1,17.1,1086.22,7939.1,1777221462.37,1777221472.515,ok
AWS,presigned,simultaneous,100,10,6,2.346723,42.6126,0.238307,0.164565,0.209568,0.038165,0,0,0.7,1.4,16.95,17.0,1077.5,7939.1,1777221478.834,1777221480.861,ok
AZURE,presigned,simultaneous,100,10,6,3.99035,25.0605,0.257979,0.040929,0.390531,0.102396,0,0,2.0,3.3,16.95,17.0,1077.5,7939.1,1777221478.697,1777221480.726,ok
GCP,presigned,simultaneous,100,10,6,11.238504,8.898,1.22591,0.149587,1.121086,0.158774,0,0,1.2,2.8,16.97,17.0,1076.65,7939.1,1777221478.824,1777221488.954,ok
AWS,presigned,simultaneous,100,10,7,3.870768,25.8347,0.258991,0.167507,0.353638,0.414018,0,0,0.65,0.7,17.0,17.0,1076.5,7939.1,1777221495.229,1777221497.254,ok
AZURE,presigned,simultaneous,100,10,7,4.722844,21.1737,0.633856,0.04816,0.463335,0.127242,0,0,3.0,5.9,17.0,17.0,1076.5,7939.1,1777221495.103,1777221499.159,ok
GCP,presigned,simultaneous,100,10,7,9.983909,10.0161,0.888593,0.437748,0.995591,0.157095,0,0,1.3,2.8,17.0,17.0,1076.5,7939.1,1777221495.506,1777221503.609,ok
AWS,presigned,simultaneous,100,10,8,2.376184,42.0843,0.210992,0.206545,0.22022,0.02487,0,0,29.85,37.5,16.85,16.9,1067.8,7939.1,1777221510.698,1777221512.73,ok
AZURE,presigned,simultaneous,100,10,8,3.592277,27.8375,0.313217,0.048751,0.350154,0.064537,0,0,1.15,1.3,16.95,17.0,1075.4,7939.1,1777221510.545,1777221512.572,ok
GCP,presigned,simultaneous,100,10,8,10.501337,9.5226,1.193979,0.153518,1.047198,0.179887,0,0,1.87,4.5,16.83,16.9,1066.73,7939.1,1777221510.651,1777221520.802,ok
AWS,presigned,simultaneous,100,10,9,2.629535,38.0295,0.203034,0.16341,0.239012,0.09733,0,0,4.5,7.7,16.8,16.8,1064.3,7939.1,1777221526.321,1777221528.351,ok
AZURE,presigned,simultaneous,100,10,9,3.755755,26.6258,0.276712,0.038174,0.365744,0.088582,0,0,0.5,0.7,16.8,16.8,1064.3,7939.1,1777221526.195,1777221528.219,ok
GCP,presigned,simultaneous,100,10,9,11.196095,8.9317,1.132904,0.443365,1.117083,0.115763,0,0,1.28,2.6,16.8,16.8,1064.3,7939.1,1777221526.608,1777221536.744,ok
AWS,presigned,simultaneous,100,10,10,2.373678,42.1287,0.197513,0.170448,0.219833,0.038178,0,0,17.15,33.3,16.8,16.8,1064.2,7939.1,1777221542.982,1777221545.014,ok
AZURE,presigned,simultaneous,100,10,10,4.059298,24.6348,0.293439,0.044285,0.397154,0.086684,0,0,0.93,1.5,16.8,16.8,1064.93,7939.1,1777221542.854,1777221546.904,ok
GCP,presigned,simultaneous,100,10,10,10.357819,9.6545,0.869721,0.144109,1.032998,0.204132,0,0,0.97,2.0,16.8,16.8,1064.25,7939.1,1777221542.957,1777221553.102,ok
AWS,server,simultaneous,100,16,1,2.192831,45.6031,0.0,0.0,0.0,0.0,0,0,65.63,100.0,18.23,18.9,1178.5,7939.1,1777221582.249,1777221586.336,ok
AZURE,server,simultaneous,100,16,1,1.049766,95.2593,0.0,0.0,0.0,0.0,0,0,54.5,79.0,17.9,17.9,1149.8,7939.1,1777221582.249,1777221584.293,ok
GCP,server,simultaneous,100,16,1,6.388516,15.6531,0.0,0.0,0.0,0.0,0,0,56.28,100.0,18.26,18.9,1180.1,7939.1,1777221582.257,1777221590.395,ok
AWS,server,simultaneous,100,16,2,2.594673,38.5405,0.0,0.0,0.0,0.0,0,0,60.37,100.0,18.63,19.3,1210.77,7939.1,1777221596.376,1777221600.477,ok
AZURE,server,simultaneous,100,16,2,1.539811,64.943,0.0,0.0,0.0,0.0,0,0,67.23,95.7,18.63,19.3,1210.87,7939.1,1777221596.376,1777221600.454,ok
GCP,server,simultaneous,100,16,2,6.890639,14.5124,0.0,0.0,0.0,0.0,0,0,51.02,100.0,18.78,19.3,1222.45,7939.1,1777221596.384,1777221606.572,ok
AWS,server,simultaneous,100,16,3,2.600651,38.4519,0.0,0.0,0.0,0.0,0,0,44.83,85.7,19.27,20.0,1260.2,7939.1,1777221611.919,1777221615.987,ok
AZURE,server,simultaneous,100,16,3,1.271218,78.6647,0.0,0.0,0.0,0.0,0,0,60.0,100.0,18.9,19.0,1232.1,7939.1,1777221611.949,1777221613.99,ok
GCP,server,simultaneous,100,16,3,6.948488,14.3916,0.0,0.0,0.0,0.0,0,0,48.7,100.0,19.44,20.0,1274.94,7939.1,1777221611.957,1777221620.08,ok
AWS,server,simultaneous,100,16,4,2.291069,43.6477,0.0,0.0,0.0,0.0,0,0,55.1,85.5,20.03,20.6,1322.27,7939.1,1777221626.875,1777221630.956,ok
AZURE,server,simultaneous,100,16,4,1.092502,91.533,0.0,0.0,0.0,0.0,0,0,60.8,100.0,19.75,19.9,1298.6,7939.1,1777221626.879,1777221628.951,ok
GCP,server,simultaneous,100,16,4,7.084254,14.1158,0.0,0.0,0.0,0.0,0,0,41.66,100.0,20.28,20.7,1341.72,7939.1,1777221626.879,1777221635.028,ok
AWS,server,simultaneous,100,16,5,2.82417,35.4086,0.0,0.0,0.0,0.0,0,0,63.07,100.0,20.33,21.3,1346.9,7939.1,1777221641.427,1777221645.501,ok
AZURE,server,simultaneous,100,16,5,1.094205,91.3906,0.0,0.0,0.0,0.0,0,0,40.2,79.9,19.85,19.9,1308.0,7939.1,1777221641.406,1777221643.441,ok
GCP,server,simultaneous,100,16,5,6.762981,14.7864,0.0,0.0,0.0,0.0,0,0,60.74,100.0,20.34,21.3,1346.32,7939.1,1777221641.431,1777221649.573,ok
AWS,server,simultaneous,100,16,6,2.502308,39.9631,0.0,0.0,0.0,0.0,0,0,39.27,82.9,19.97,20.1,1313.3,7939.1,1777221656.472,1777221660.545,ok
AZURE,server,simultaneous,100,16,6,1.018666,98.1676,0.0,0.0,0.0,0.0,0,0,52.9,100.0,19.9,19.9,1307.05,7939.1,1777221656.497,1777221658.545,ok
GCP,server,simultaneous,100,16,6,7.128989,14.0272,0.0,0.0,0.0,0.0,0,0,37.6,100.0,19.52,20.1,1280.28,7939.1,1777221656.486,1777221664.62,ok
AWS,server,simultaneous,100,16,7,2.506629,39.8942,0.0,0.0,0.0,0.0,0,0,75.7,100.0,19.13,19.8,1248.3,7939.1,1777221670.843,1777221674.909,ok
AZURE,server,simultaneous,100,16,7,0.920816,108.5993,0.0,0.0,0.0,0.0,0,0,41.77,91.3,19.13,19.8,1249.27,7939.1,1777221670.824,1777221674.892,ok
GCP,server,simultaneous,100,16,7,6.703864,14.9168,0.0,0.0,0.0,0.0,0,0,52.8,100.0,19.7,20.6,1294.4,7939.1,1777221670.852,1777221678.993,ok
AWS,server,simultaneous,100,16,8,2.274008,43.9752,0.0,0.0,0.0,0.0,0,0,38.93,83.0,19.7,20.1,1296.0,7939.1,1777221685.711,1777221689.797,ok
AZURE,server,simultaneous,100,16,8,1.064618,93.9304,0.0,0.0,0.0,0.0,0,0,50.65,100.0,19.5,19.5,1280.2,7939.1,1777221685.714,1777221687.779,ok
GCP,server,simultaneous,100,16,8,6.755593,14.8025,0.0,0.0,0.0,0.0,0,0,56.24,100.0,19.38,20.1,1270.42,7939.1,1777221685.714,1777221693.884,ok
AWS,server,simultaneous,100,16,9,3.876656,25.7954,0.0,0.0,0.0,0.0,0,0,55.5,100.0,19.68,20.5,1294.0,7939.1,1777221699.845,1777221705.974,ok
AZURE,server,simultaneous,100,16,9,1.116787,89.5426,0.0,0.0,0.0,0.0,0,0,40.15,79.4,19.3,19.5,1262.75,7939.1,1777221699.841,1777221701.893,ok
GCP,server,simultaneous,100,16,9,7.253713,13.786,0.0,0.0,0.0,0.0,0,0,33.78,100.0,19.64,20.5,1291.12,7939.1,1777221699.846,1777221707.985,ok
AWS,server,simultaneous,100,16,10,2.289235,43.6827,0.0,0.0,0.0,0.0,0,0,39.57,79.7,19.8,20.5,1302.3,7939.1,1777221714.864,1777221718.918,ok
AZURE,server,simultaneous,100,16,10,1.490586,67.0877,0.0,0.0,0.0,0.0,0,0,56.25,100.0,19.45,19.5,1273.05,7939.1,1777221714.906,1777221716.944,ok
GCP,server,simultaneous,100,16,10,6.872185,14.5514,0.0,0.0,0.0,0.0,0,0,49.64,100.0,19.82,20.5,1304.16,7939.1,1777221714.909,1777221723.045,ok
AWS,presigned,simultaneous,100,16,1,2.582938,38.7156,0.325281,0.168316,0.334343,0.180784,0,0,0.5,1.0,19.85,19.9,1308.8,7939.1,1777221749.934,1777221751.965,ok
AZURE,presigned,simultaneous,100,16,1,2.869173,34.8533,0.357018,0.048209,0.39754,0.111066,0,0,0.95,1.1,19.85,19.9,1308.85,7939.1,1777221749.803,1777221751.835,ok
GCP,presigned,simultaneous,100,16,1,7.216951,13.8563,0.969059,0.149289,1.026951,0.141636,0,0,1.6,2.6,19.88,19.9,1308.2,7939.1,1777221749.922,1777221756.004,ok
AWS,presigned,simultaneous,100,16,2,2.073689,48.2232,0.317889,0.16872,0.257006,0.056693,0,0,29.15,33.3,19.8,19.8,1301.1,7939.1,1777221762.313,1777221764.341,ok
AZURE,presigned,simultaneous,100,16,2,2.823217,35.4206,0.393366,0.046435,0.391608,0.095823,0,0,2.25,3.8,19.8,19.8,1301.1,7939.1,1777221762.178,1777221764.204,ok
GCP,presigned,simultaneous,100,16,2,7.091397,14.1016,1.239174,0.147351,1.00922,0.149762,0,0,1.23,1.7,19.8,19.8,1301.05,7939.1,1777221762.292,1777221768.378,ok
AWS,presigned,simultaneous,100,16,3,2.054564,48.6721,0.30644,0.166205,0.258114,0.060696,0,0,27.1,50.0,19.8,19.8,1301.3,7939.1,1777221774.558,1777221776.588,ok
AZURE,presigned,simultaneous,100,16,3,3.277115,30.5146,0.441605,0.044359,0.455161,0.165745,0,0,1.15,1.6,19.8,19.8,1301.3,7939.1,1777221774.424,1777221776.449,ok
GCP,presigned,simultaneous,100,16,3,8.549979,11.6959,1.397124,0.144862,1.217446,0.168591,0,0,1.06,1.5,19.8,19.8,1301.28,7939.1,1777221774.546,1777221782.656,ok
AWS,presigned,simultaneous,100,16,4,2.404685,41.5855,0.266584,0.161439,0.309964,0.163283,0,0,2.25,3.6,19.8,19.8,1301.15,7939.1,1777221788.267,1777221790.296,ok
AZURE,presigned,simultaneous,100,16,4,3.02092,33.1025,0.485795,0.044465,0.419929,0.111901,0,0,0.75,1.2,19.8,19.8,1301.15,7939.1,1777221788.126,1777221790.15,ok
GCP,presigned,simultaneous,100,16,4,8.602804,11.6241,1.368073,0.162471,1.224053,0.157887,0,0,1.44,2.5,19.8,19.8,1301.2,7939.1,1777221788.27,1777221796.377,ok
AWS,presigned,simultaneous,100,16,5,2.074959,48.1937,0.373555,0.164798,0.259667,0.069467,0,0,58.35,66.7,19.7,19.7,1293.9,7939.1,1777221802.054,1777221804.087,ok
AZURE,presigned,simultaneous,100,16,5,3.086189,32.4024,0.450422,0.037597,0.42959,0.110142,0,0,1.15,1.3,19.7,19.7,1293.9,7939.1,1777221801.9,1777221803.926,ok
GCP,presigned,simultaneous,100,16,5,8.167573,12.2435,1.0062,0.163405,1.162178,0.186373,0,0,1.62,4.2,19.7,19.7,1293.9,7939.1,1777221802.045,1777221810.157,ok
AWS,presigned,simultaneous,100,16,6,1.998544,50.0364,0.248402,0.168734,0.259789,0.042742,0,0,0.9,0.9,19.7,19.7,1293.9,7939.1,1777221815.389,1777221815.389,ok
AZURE,presigned,simultaneous,100,16,6,3.651254,27.3879,0.485526,0.042205,0.509152,0.196577,0,0,0.9,1.0,19.7,19.7,1293.9,7939.1,1777221815.25,1777221817.276,ok
GCP,presigned,simultaneous,100,16,6,6.832632,14.6356,0.91803,0.148317,0.972463,0.041608,0,0,2.6,8.0,19.7,19.7,1293.9,7939.1,1777221815.376,1777221821.453,ok
AWS,presigned,simultaneous,100,16,7,5.301012,18.8643,0.278421,0.168407,0.721788,1.191207,0,0,9.13,25.0,19.7,19.7,1294.07,7939.1,1777221827.386,1777221831.444,ok
AZURE,presigned,simultaneous,100,16,7,3.33895,29.9495,0.483784,0.037352,0.455001,0.109393,0,0,0.85,1.3,19.7,19.7,1294.0,7939.1,1777221827.237,1777221829.263,ok
GCP,presigned,simultaneous,100,16,7,7.737931,12.9234,0.94552,0.152017,1.10123,0.113913,0,0,1.52,2.8,19.7,19.7,1294.15,7939.1,1777221827.373,1777221833.453,ok
AWS,presigned,simultaneous,100,16,8,2.465234,40.5641,0.259458,0.169013,0.329182,0.194187,0,0,1.3,1.6,19.65,19.7,1290.65,7939.1,1777221840.276,1777221842.315,ok
AZURE,presigned,simultaneous,100,16,8,3.248348,30.7849,0.401931,0.046179,0.451906,0.140582,0,0,2.1,2.8,19.65,19.7,1290.65,7939.1,1777221840.144,1777221842.172,ok
GCP,presigned,simultaneous,100,16,8,7.683996,13.0141,0.974646,0.142475,1.090626,0.107564,0,0,1.77,3.8,19.62,19.7,1288.92,7939.1,1777221840.263,1777221846.362,ok
AWS,presigned,simultaneous,100,16,9,2.822325,35.4318,0.308567,0.164741,0.378355,0.321699,0,0,0.6,1.2,19.4,19.6,1271.6,7939.1,1777221853.119,1777221855.159,ok
AZURE,presigned,simultaneous,100,16,9,3.049324,32.7942,0.481074,0.047652,0.423526,0.131036,0,0,1.45,2.2,19.6,19.6,1287.2,7939.1,1777221852.979,1777221855.005,ok
GCP,presigned,simultaneous,100,16,9,8.424896,11.8696,0.90664,0.149706,1.199576,0.17037,0,0,0.8,1.4,19.36,19.6,1268.42,7939.1,1777221853.115,1777221861.228,ok
AWS,presigned,simultaneous,100,16,10,1.981564,50.4652,0.306034,0.172916,0.24928,0.062375,0,0,0.0,0.0,19.2,19.2,1256.6,7939.1,1777221866.712,1777221866.712,ok
AZURE,presigned,simultaneous,100,16,10,3.00308,33.2991,0.601546,0.04538,0.417403,0.141563,0,0,0.95,1.3,19.2,19.2,1256.6,7939.1,1777221866.564,1777221868.609,ok
GCP,presigned,simultaneous,100,16,10,7.35754,13.5915,0.936554,0.15571,1.046762,0.144725,0,0,1.52,2.8,19.2,19.2,1255.92,7939.1,1777221866.704,1777221872.779,ok
AWS,server,simultaneous,100,25,1,2.114812,47.2855,0.0,0.0,0.0,0.0,0,0,49.07,90.0,19.37,20.3,1267.53,7939.1,1777221899.543,1777221903.612,ok
AZURE,server,simultaneous,100,25,1,1.332995,75.019,0.0,0.0,0.0,0.0,0,0,65.0,100.0,18.9,18.9,1231.6,7939.1,1777221899.572,1777221901.608,ok
GCP,server,simultaneous,100,25,1,5.094389,19.6294,0.0,0.0,0.0,0.0,0,0,60.0,100.0,19.48,20.3,1276.03,7939.1,1777221899.586,1777221905.683,ok
AWS,server,simultaneous,100,25,2,1.904967,52.4943,0.0,0.0,0.0,0.0,0,0,70.57,100.0,19.87,20.9,1308.27,7939.1,1777221912.193,1777221916.279,ok
AZURE,server,simultaneous,100,25,2,1.464397,68.2875,0.0,0.0,0.0,0.0,0,0,62.5,100.0,19.35,19.4,1265.7,7939.1,1777221912.219,1777221914.255,ok
GCP,server,simultaneous,100,25,2,4.902348,20.3984,0.0,0.0,0.0,0.0,0,0,37.0,85.0,19.95,20.9,1315.3,7939.1,1777221912.196,1777221918.3,ok
AWS,server,simultaneous,100,25,3,1.928881,51.8435,0.0,0.0,0.0,0.0,0,0,44.67,81.6,20.1,21.1,1326.6,7939.1,1777221924.254,1777221928.323,ok
AZURE,server,simultaneous,100,25,3,1.048351,95.3879,0.0,0.0,0.0,0.0,0,0,50.0,100.0,19.6,19.6,1285.65,7939.1,1777221924.273,1777221926.317,ok
GCP,server,simultaneous,100,25,3,5.243845,19.07,0.0,0.0,0.0,0.0,0,0,50.83,100.0,20.28,21.1,1339.67,7939.1,1777221924.27,1777221930.381,ok
AWS,server,simultaneous,100,25,4,2.357578,42.4164,0.0,0.0,0.0,0.0,0,0,56.43,84.8,21.0,22.4,1395.63,7939.1,1777221936.792,1777221940.869,ok
AZURE,server,simultaneous,100,25,4,1.011654,98.848,0.0,0.0,0.0,0.0,0,0,64.55,100.0,20.3,20.5,1341.3,7939.1,1777221936.793,1777221938.847,ok
GCP,server,simultaneous,100,25,4,5.037612,19.8507,0.0,0.0,0.0,0.0,0,0,66.92,100.0,21.35,22.4,1424.08,7939.1,1777221936.788,1777221942.915,ok
AWS,server,simultaneous,100,25,5,2.012747,49.6833,0.0,0.0,0.0,0.0,0,0,63.23,100.0,21.27,22.1,1421.27,7939.1,1777221949.814,1777221953.904,ok
AZURE,server,simultaneous,100,25,5,1.127473,88.6939,0.0,0.0,0.0,0.0,0,0,49.25,79.7,20.9,21.2,1389.4,7939.1,1777221949.812,1777221951.859,ok
GCP,server,simultaneous,100,25,5,5.230084,19.1202,0.0,0.0,0.0,0.0,0,0,52.58,100.0,21.4,22.1,1429.8,7939.1,1777221949.817,1777221955.943,ok
AWS,server,simultaneous,100,25,6,2.105293,47.4993,0.0,0.0,0.0,0.0,0,0,63.9,100.0,21.67,22.2,1450.0,7939.1,1777221962.769,1777221966.851,ok
AZURE,server,simultaneous,100,25,6,1.036499,96.4786,0.0,0.0,0.0,0.0,0,0,54.55,79.8,21.4,21.4,1428.95,7939.1,1777221962.737,1777221964.768,ok
GCP,server,simultaneous,100,25,6,4.767411,20.9757,0.0,0.0,0.0,0.0,0,0,35.25,100.0,21.77,22.2,1458.25,7939.1,1777221962.777,1777221968.879,ok
AWS,server,simultaneous,100,25,7,2.023545,49.4182,0.0,0.0,0.0,0.0,0,0,71.33,100.0,21.97,23.4,1475.87,7939.1,1777221975.65,1777221979.729,ok
AZURE,server,simultaneous,100,25,7,1.151638,86.8328,0.0,0.0,0.0,0.0,0,0,40.4,79.8,21.25,21.3,1419.05,7939.1,1777221975.648,1777221977.685,ok
GCP,server,simultaneous,100,25,7,5.309795,18.8331,0.0,0.0,0.0,0.0,0,0,39.1,100.0,22.18,23.4,1492.06,7939.1,1777221975.677,1777221983.798,ok
AWS,server,simultaneous,100,25,8,1.885993,53.0225,0.0,0.0,0.0,0.0,0,0,63.3,100.0,22.5,23.5,1516.27,7939.1,1777221989.004,1777221993.113,ok
AZURE,server,simultaneous,100,25,8,1.049247,95.3064,0.0,0.0,0.0,0.0,0,0,55.15,80.3,22.0,22.1,1477.25,7939.1,1777221989.004,1777221991.06,ok
GCP,server,simultaneous,100,25,8,4.775048,20.9422,0.0,0.0,0.0,0.0,0,0,55.45,100.0,22.43,23.5,1510.55,7939.1,1777221989.011,1777221995.124,ok
AWS,server,simultaneous,100,25,9,1.839815,54.3533,0.0,0.0,0.0,0.0,0,0,69.87,100.0,22.6,23.5,1523.6,7939.1,1777222001.549,1777222005.639,ok
AZURE,server,simultaneous,100,25,9,1.176501,84.9978,0.0,0.0,0.0,0.0,0,0,55.2,79.8,22.15,22.2,1486.5,7939.1,1777222001.546,1777222003.591,ok
GCP,server,simultaneous,100,25,9,4.652908,21.4919,0.0,0.0,0.0,0.0,0,0,49.48,100.0,22.68,23.5,1530.03,7939.1,1777222001.549,1777222007.671,ok
AWS,server,simultaneous,100,25,10,1.959727,51.0275,0.0,0.0,0.0,0.0,0,0,60.8,100.0,22.67,22.9,1529.93,7939.1,1777222013.855,1777222017.956,ok
AZURE,server,simultaneous,100,25,10,1.009222,99.0862,0.0,0.0,0.0,0.0,0,0,14.25,25.4,22.55,22.6,1520.4,7939.1,1777222013.851,1777222015.904,ok
GCP,server,simultaneous,100,25,10,4.804221,20.815,0.0,0.0,0.0,0.0,0,0,56.15,100.0,22.55,22.9,1520.97,7939.1,1777222013.854,1777222019.974,ok
AWS,presigned,simultaneous,100,25,1,1.620898,61.6942,0.328559,0.172705,0.343373,0.015001,0,0,0.0,0.0,22.1,22.1,1482.8,7939.1,1777222043.649,1777222043.649,ok
AZURE,presigned,simultaneous,100,25,1,2.822412,35.4307,0.92787,0.044773,0.686602,0.217737,0,0,2.45,4.3,22.1,22.1,1482.8,7939.1,1777222043.504,1777222045.532,ok
GCP,presigned,simultaneous,100,25,1,5.618339,17.7989,1.363448,0.147778,1.397593,0.091461,0,0,1.97,4.2,22.07,22.1,1480.17,7939.1,1777222043.628,1777222047.685,ok
AWS,presigned,simultaneous,100,25,2,1.584609,63.1071,0.320244,0.176928,0.335975,0.014549,0,0,20.0,20.0,22.0,22.0,1475.0,7939.1,1777222054.425,1777222054.425,ok
AZURE,presigned,simultaneous,100,25,2,3.032897,32.9718,0.784678,0.040943,0.739113,0.238661,0,0,1.4,1.7,22.0,22.0,1475.0,7939.1,1777222054.276,1777222056.301,ok
GCP,presigned,simultaneous,100,25,2,5.675887,17.6184,1.380152,0.151924,1.405492,0.092303,0,0,13.57,37.5,22.0,22.0,1475.0,7939.1,1777222054.402,1777222058.453,ok
AWS,presigned,simultaneous,100,25,3,1.793487,55.7573,0.594776,0.163414,0.390522,0.136362,0,0,0.9,0.9,22.0,22.0,1475.0,7939.1,1777222065.245,1777222065.245,ok
AZURE,presigned,simultaneous,100,25,3,2.726812,36.6729,0.595295,0.041174,0.662959,0.099565,0,0,1.95,2.7,22.0,22.0,1475.0,7939.1,1777222065.121,1777222067.144,ok
GCP,presigned,simultaneous,100,25,3,4.97662,20.094,1.100954,0.453442,1.237725,0.127643,0,0,1.63,2.4,22.0,22.0,1475.0,7939.1,1777222065.539,1777222069.59,ok
AWS,presigned,simultaneous,100,25,4,1.483748,67.3969,0.341208,0.172048,0.330661,0.022334,0,0,33.3,33.3,22.0,22.0,1475.0,7939.1,1777222075.704,1777222075.704,ok
AZURE,presigned,simultaneous,100,25,4,2.829178,35.346,0.795888,0.042816,0.687024,0.105706,0,0,1.05,1.1,22.0,22.0,1475.2,7939.1,1777222075.565,1777222077.592,ok
GCP,presigned,simultaneous,100,25,4,5.195647,19.2469,1.534459,0.14934,1.28509,0.264921,0,0,1.43,1.6,22.0,22.0,1475.27,7939.1,1777222075.686,1777222079.745,ok
AWS,presigned,simultaneous,100,25,5,2.117269,47.2307,0.371403,0.161248,0.466023,0.22702,0,0,1.5,1.6,21.8,21.8,1460.5,7939.1,1777222086.07,1777222088.108,ok
AZURE,presigned,simultaneous,100,25,5,2.783093,35.9312,0.587054,0.046394,0.675405,0.104746,0,0,0.75,1.0,21.8,21.8,1460.25,7939.1,1777222085.92,1777222087.951,ok
GCP,presigned,simultaneous,100,25,5,5.324644,18.7806,1.37469,0.165308,1.323565,0.214568,0,0,9.77,25.8,21.8,21.8,1460.5,7939.1,1777222086.071,1777222090.135,ok
AWS,presigned,simultaneous,100,25,6,1.631735,61.2845,0.373375,0.164687,0.364438,0.024458,0,0,33.3,33.3,21.8,21.8,1460.4,7939.1,1777222096.557,1777222096.557,ok
AZURE,presigned,simultaneous,100,25,6,2.986279,33.4865,0.726148,0.046798,0.727607,0.05734,0,0,0.75,0.8,21.8,21.8,1460.45,7939.1,1777222096.428,1777222098.454,ok
GCP,presigned,simultaneous,100,25,6,5.346376,18.7043,1.353391,0.145203,1.32663,0.277762,0,0,1.0,1.2,21.8,21.8,1460.4,7939.1,1777222096.543,1777222100.598,ok
AWS,presigned,simultaneous,100,25,7,1.727525,57.8863,0.370488,0.159515,0.37159,0.055333,0,0,0.8,0.8,21.8,21.8,1460.4,7939.1,1777222107.046,1777222107.046,ok
AZURE,presigned,simultaneous,100,25,7,3.578521,27.9445,0.730612,0.049847,0.875786,0.123634,0,0,2.75,4.5,21.8,21.8,1460.4,7939.1,1777222106.93,1777222108.955,ok
GCP,presigned,simultaneous,100,25,7,5.695433,17.5579,1.362641,0.444081,1.417225,0.139659,0,0,2.83,5.5,21.8,21.8,1460.4,7939.1,1777222107.329,1777222111.388,ok
AWS,presigned,simultaneous,100,25,8,1.6137,61.9694,0.355594,0.161699,0.342355,0.019519,0,0,1.4,1.4,21.8,21.8,1461.0,7939.1,1777222118.195,1777222118.195,ok
AZURE,presigned,simultaneous,100,25,8,2.580085,38.7584,0.598711,0.03557,0.624397,0.068687,0,0,1.75,2.7,21.75,21.8,1457.1,7939.1,1777222118.063,1777222120.087,ok
GCP,presigned,simultaneous,100,25,8,5.457202,18.3244,1.33188,0.443623,1.357644,0.037005,0,0,1.1,1.6,21.73,21.8,1455.73,7939.1,1777222118.475,1777222122.525,ok
AWS,presigned,simultaneous,100,25,9,1.707826,58.554,0.430322,0.166093,0.357326,0.055412,0,0,1.3,1.3,21.7,21.7,1453.1,7939.1,1777222129.129,1777222129.129,ok
AZURE,presigned,simultaneous,100,25,9,3.123404,32.0164,0.694031,0.037446,0.762964,0.133939,0,0,1.5,2.4,21.7,21.7,1453.1,7939.1,1777222128.985,1777222131.008,ok
GCP,presigned,simultaneous,100,25,9,5.364042,18.6427,1.399193,0.150588,1.334111,0.218938,0,0,2.33,4.5,21.7,21.7,1453.1,7939.1,1777222129.108,1777222133.16,ok
AWS,presigned,simultaneous,100,25,10,1.695325,58.9857,0.354319,0.168903,0.363356,0.024148,0,0,1.0,1.0,21.7,21.7,1453.0,7939.1,1777222139.641,1777222139.641,ok
AZURE,presigned,simultaneous,100,25,10,2.834132,35.2842,0.784473,0.048299,0.689648,0.101249,0,0,1.75,2.8,21.7,21.7,1453.0,7939.1,1777222139.525,1777222141.55,ok
GCP,presigned,simultaneous,100,25,10,5.535127,18.0664,1.299334,0.441924,1.37705,0.270761,0,0,4.4,10.7,21.7,21.7,1453.0,7939.1,1777222139.918,1777222143.97,ok
AWS,server,simultaneous,100,50,1,1.926969,51.895,0.0,0.0,0.0,0.0,0,0,43.13,100.0,22.47,23.0,1512.2,7939.1,1777222169.404,1777222173.488,ok
AZURE,server,simultaneous,100,50,1,1.108346,90.2245,0.0,0.0,0.0,0.0,0,0,57.0,91.2,22.47,23.0,1512.47,7939.1,1777222169.405,1777222173.475,ok
GCP,server,simultaneous,100,50,1,3.810043,26.2464,0.0,0.0,0.0,0.0,0,0,70.2,100.0,22.6,23.0,1523.47,7939.1,1777222169.413,1777222175.528,ok
AWS,server,simultaneous,100,50,2,1.934073,51.7044,0.0,0.0,0.0,0.0,0,0,10.13,30.0,22.6,22.9,1526.23,7939.1,1777222181.219,1777222185.306,ok
AZURE,server,simultaneous,100,50,2,1.027843,97.2911,0.0,0.0,0.0,0.0,0,0,65.35,100.0,22.5,22.9,1517.3,7939.1,1777222181.223,1777222183.284,ok
GCP,server,simultaneous,100,50,2,3.583707,27.9041,0.0,0.0,0.0,0.0,0,0,64.97,84.8,22.6,22.9,1526.67,7939.1,1777222181.225,1777222185.3,ok
AWS,server,simultaneous,100,50,3,1.712656,58.3888,0.0,0.0,0.0,0.0,0,0,62.2,100.0,23.03,24.6,1559.77,7939.1,1777222192.379,1777222196.471,ok
AZURE,server,simultaneous,100,50,3,1.266666,78.9474,0.0,0.0,0.0,0.0,0,0,65.6,100.0,22.25,22.3,1496.5,7939.1,1777222192.379,1777222194.454,ok
GCP,server,simultaneous,100,50,3,3.654268,27.3653,0.0,0.0,0.0,0.0,0,0,66.93,89.3,23.03,24.6,1559.93,7939.1,1777222192.382,1777222196.458,ok
AWS,server,simultaneous,100,50,4,2.696298,37.0879,0.0,0.0,0.0,0.0,0,0,60.6,80.4,22.83,23.6,1541.7,7939.1,1777222203.454,1777222207.526,ok
AZURE,server,simultaneous,100,50,4,1.099265,90.9699,0.0,0.0,0.0,0.0,0,0,52.15,100.0,22.45,22.5,1511.2,7939.1,1777222203.451,1777222205.509,ok
GCP,server,simultaneous,100,50,4,4.479631,22.3233,0.0,0.0,0.0,0.0,0,0,56.58,100.0,23.0,23.9,1557.05,7939.1,1777222203.451,1777222209.577,ok
AWS,server,simultaneous,100,50,5,1.600519,62.4797,0.0,0.0,0.0,0.0,0,0,69.17,100.0,22.73,22.9,1536.07,7939.1,1777222215.633,1777222219.73,ok
AZURE,server,simultaneous,100,50,5,1.19165,83.9173,0.0,0.0,0.0,0.0,0,0,39.5,79.0,22.6,22.7,1527.55,7939.1,1777222215.63,1777222217.672,ok
GCP,server,simultaneous,100,50,5,3.595076,27.8158,0.0,0.0,0.0,0.0,0,0,46.4,100.0,22.95,23.6,1552.05,7939.1,1777222215.626,1777222221.75,ok
AWS,server,simultaneous,100,50,6,1.802159,55.489,0.0,0.0,0.0,0.0,0,0,48.8,79.5,22.6,22.7,1525.6,7939.1,1777222227.028,1777222229.073,ok
AZURE,server,simultaneous,100,50,6,1.096335,91.213,0.0,0.0,0.0,0.0,0,0,100.0,100.0,22.6,22.7,1524.7,7939.1,1777222227.036,1777222229.104,ok
GCP,server,simultaneous,100,50,6,3.886238,25.7318,0.0,0.0,0.0,0.0,0,0,52.08,100.0,22.85,23.3,1546.0,7939.1,1777222227.031,1777222233.137,ok
AWS,server,simultaneous,100,50,7,1.835369,54.485,0.0,0.0,0.0,0.0,0,0,64.47,88.8,23.23,24.3,1575.27,7939.1,1777222238.969,1777222243.052,ok
AZURE,server,simultaneous,100,50,7,0.999197,100.0804,0.0,0.0,0.0,0.0,0,0,50.65,100.0,22.7,23.0,1532.75,7939.1,1777222238.969,1777222241.036,ok
GCP,server,simultaneous,100,50,7,3.653852,27.3684,0.0,0.0,0.0,0.0,0,0,73.28,100.0,23.15,23.8,1569.08,7939.1,1777222238.974,1777222245.11,ok
AWS,server,simultaneous,100,50,8,1.583575,63.1483,0.0,0.0,0.0,0.0,0,0,34.73,83.4,22.93,23.7,1552.07,7939.1,1777222250.533,1777222254.62,ok
AZURE,server,simultaneous,100,50,8,0.94704,105.5922,0.0,0.0,0.0,0.0,0,0,62.45,100.0,22.55,22.6,1520.9,7939.1,1777222250.532,1777222252.608,ok
GCP,server,simultaneous,100,50,8,3.627267,27.569,0.0,0.0,0.0,0.0,0,0,62.0,100.0,22.93,23.7,1552.3,7939.1,1777222250.532,1777222254.65,ok
AWS,server,simultaneous,100,50,9,1.716141,58.2703,0.0,0.0,0.0,0.0,0,0,71.5,100.0,22.7,23.1,1532.07,7939.1,1777222261.573,1777222265.657,ok
AZURE,server,simultaneous,100,50,9,0.987468,101.2691,0.0,0.0,0.0,0.0,0,0,26.0,32.2,22.45,22.5,1514.55,7939.1,1777222261.567,1777222263.615,ok
GCP,server,simultaneous,100,50,9,3.578575,27.9441,0.0,0.0,0.0,0.0,0,0,60.3,100.0,22.7,23.1,1531.87,7939.1,1777222261.576,1777222265.669,ok
AWS,server,simultaneous,100,50,10,1.655663,60.3988,0.0,0.0,0.0,0.0,0,0,61.57,100.0,23.03,23.7,1560.63,7939.1,1777222272.642,1777222276.717,ok
AZURE,server,simultaneous,100,50,10,1.047208,95.492,0.0,0.0,0.0,0.0,0,0,19.85,38.3,22.65,22.8,1531.8,7939.1,1777222272.623,1777222274.655,ok
GCP,server,simultaneous,100,50,10,3.866231,25.865,0.0,0.0,0.0,0.0,0,0,47.0,100.0,23.1,23.8,1564.1,7939.1,1777222272.648,1777222278.749,ok
AWS,presigned,simultaneous,100,50,1,1.398039,71.5288,0.554055,0.17268,0.547277,0.009589,0,0,30.0,30.0,22.4,22.4,1508.3,7939.1,1777222297.963,1777222297.963,ok
AZURE,presigned,simultaneous,100,50,1,3.090544,32.3568,1.606154,0.045701,1.47702,0.182759,0,0,1.35,1.5,22.4,22.4,1508.25,7939.1,1777222297.812,1777222299.838,ok
GCP,presigned,simultaneous,100,50,1,3.847001,25.9943,1.678132,0.154202,1.862484,0.260566,0,0,0.65,1.3,22.4,22.4,1508.25,7939.1,1777222297.936,1777222299.961,ok
AWS,presigned,simultaneous,100,50,2,1.642664,60.8767,0.723026,0.154617,0.672338,0.071688,0,0,26.1,26.1,22.4,22.4,1508.2,7939.1,1777222306.94,1777222306.94,ok
AZURE,presigned,simultaneous,100,50,2,2.593291,38.561,1.446808,0.040044,1.23181,0.304231,0,0,1.65,2.2,22.4,22.4,1508.2,7939.1,1777222306.819,1777222308.845,ok
GCP,presigned,simultaneous,100,50,2,4.702227,21.2665,2.6472,0.214563,2.302436,0.487737,0,0,1.43,1.6,22.4,22.4,1508.2,7939.1,1777222307.036,1777222311.085,ok
AWS,presigned,simultaneous,100,50,3,1.438617,69.5112,0.653247,0.158811,0.600157,0.075084,0,0,20.0,20.0,22.4,22.4,1508.4,7939.1,1777222316.918,1777222316.918,ok
AZURE,presigned,simultaneous,100,50,3,2.475184,40.401,1.125009,0.041102,1.172945,0.067689,0,0,0.85,1.2,22.4,22.4,1508.4,7939.1,1777222316.755,1777222318.79,ok
GCP,presigned,simultaneous,100,50,3,3.548297,28.1825,1.792843,0.152327,1.711837,0.114798,0,0,2.55,3.8,22.3,22.4,1500.55,7939.1,1777222316.892,1777222318.918,ok
AWS,presigned,simultaneous,100,50,4,1.439804,69.4539,0.59264,0.15965,0.593488,0.001196,0,0,33.3,33.3,22.2,22.2,1493.5,7939.1,1777222325.618,1777222325.618,ok
AZURE,presigned,simultaneous,100,50,4,2.889888,34.6034,1.257352,0.044676,1.37811,0.170666,0,0,2.0,3.3,22.2,22.2,1493.7,7939.1,1777222325.472,1777222327.5,ok
GCP,presigned,simultaneous,100,50,4,3.812612,26.2287,1.751192,0.1451,1.855076,0.1467,0,0,1.3,1.4,22.2,22.2,1493.8,7939.1,1777222325.603,1777222327.631,ok
AWS,presigned,simultaneous,100,50,5,1.46456,68.2799,0.572219,0.163665,0.563957,0.011693,0,0,26.7,26.7,22.1,22.1,1486.5,7939.1,1777222334.589,1777222334.589,ok
AZURE,presigned,simultaneous,100,50,5,2.789142,35.8533,1.345174,0.039234,1.327825,0.024679,0,0,1.9,2.9,22.1,22.1,1486.5,7939.1,1777222334.437,1777222336.462,ok
GCP,presigned,simultaneous,100,50,5,3.73856,26.7483,1.724215,0.14362,1.814249,0.127075,0,0,1.3,1.5,22.1,22.1,1486.5,7939.1,1777222334.555,1777222336.582,ok
AWS,presigned,simultaneous,100,50,6,1.360776,73.4875,0.56751,0.166441,0.566886,0.000885,0,0,1.3,1.3,22.1,22.1,1486.5,7939.1,1777222343.465,1777222343.465,ok
AZURE,presigned,simultaneous,100,50,6,2.818365,35.4816,1.435254,0.043724,1.342479,0.131301,0,0,1.0,1.1,22.1,22.1,1486.5,7939.1,1777222343.343,1777222345.375,ok
GCP,presigned,simultaneous,100,50,6,4.004091,24.9745,2.065599,0.439161,1.963598,0.144451,0,0,1.1,1.1,22.1,22.1,1486.5,7939.1,1777222343.752,1777222345.776,ok
AWS,presigned,simultaneous,100,50,7,1.490802,67.078,0.632723,0.164845,0.594612,0.0539,0,0,1.1,1.1,22.1,22.1,1486.5,7939.1,1777222352.922,1777222352.922,ok
AZURE,presigned,simultaneous,100,50,7,2.905553,34.4169,0.975878,0.043516,1.388507,0.583446,0,0,1.9,2.7,22.1,22.1,1486.5,7939.1,1777222352.799,1777222354.828,ok
GCP,presigned,simultaneous,100,50,7,3.712789,26.9339,1.945867,0.211431,1.813121,0.187874,0,0,2.9,4.6,22.1,22.1,1486.5,7939.1,1777222352.97,1777222355.009,ok
AWS,presigned,simultaneous,100,50,8,1.459977,68.4942,0.572676,0.175233,0.581754,0.012835,0,0,1.3,1.3,22.1,22.1,1486.5,7939.1,1777222361.895,1777222361.895,ok
AZURE,presigned,simultaneous,100,50,8,3.062752,32.6504,1.603448,0.04044,1.46449,0.196623,0,0,2.8,5.0,22.1,22.1,1486.6,7939.1,1777222361.734,1777222363.76,ok
GCP,presigned,simultaneous,100,50,8,3.849717,25.9759,1.782897,0.14692,1.875108,0.130161,0,0,2.45,3.3,22.1,22.1,1486.6,7939.1,1777222361.884,1777222363.909,ok
AWS,presigned,simultaneous,100,50,9,1.839312,54.3681,0.573905,0.154646,0.753411,0.253854,0,0,0.0,0.0,22.0,22.0,1479.3,7939.1,1777222370.879,1777222370.879,ok
AZURE,presigned,simultaneous,100,50,9,2.744914,36.431,1.594753,0.041903,1.305957,0.408552,0,0,1.2,1.5,22.0,22.0,1479.2,7939.1,1777222370.745,1777222372.772,ok
GCP,presigned,simultaneous,100,50,9,3.844852,26.0088,1.75538,0.143373,1.862824,0.151749,0,0,14.45,27.3,22.0,22.0,1479.3,7939.1,1777222370.857,1777222372.882,ok
AWS,presigned,simultaneous,100,50,10,1.373383,72.8129,0.574261,0.226076,0.578297,0.005703,0,0,22.9,22.9,22.0,22.0,1479.2,7939.1,1777222379.933,1777222379.933,ok
AZURE,presigned,simultaneous,100,50,10,2.735357,36.5583,1.227828,0.045852,1.303065,0.106291,0,0,1.2,1.2,22.0,22.0,1479.25,7939.1,1777222379.753,1777222381.781,ok
GCP,presigned,simultaneous,100,50,10,3.745252,26.7005,1.739134,0.162361,1.832498,0.131849,0,0,1.45,1.6,22.0,22.0,1479.2,7939.1,1777222379.871,1777222381.897,ok
AWS,server,simultaneous,100,100,1,1.356406,73.7242,0.0,0.0,0.0,0.0,0,0,66.0,100.0,22.5,22.5,1517.25,7939.1,1777222404.562,1777222406.625,ok
AZURE,server,simultaneous,100,100,1,1.153798,86.6703,0.0,0.0,0.0,0.0,0,0,26.35,32.0,22.55,22.6,1518.4,7939.1,1777222404.564,1777222406.615,ok
GCP,server,simultaneous,100,100,1,2.950178,33.8963,0.0,0.0,0.0,0.0,0,0,44.43,100.0,22.97,23.9,1554.23,7939.1,1777222404.568,1777222408.656,ok
AWS,server,simultaneous,100,100,2,1.232232,81.1535,0.0,0.0,0.0,0.0,0,0,54.25,79.3,22.6,22.8,1524.75,7939.1,1777222415.123,1777222417.167,ok
AZURE,server,simultaneous,100,100,2,1.027995,97.2767,0.0,0.0,0.0,0.0,0,0,50.5,100.0,22.65,22.8,1525.1,7939.1,1777222415.12,1777222417.188,ok
GCP,server,simultaneous,100,100,2,3.167422,31.5714,0.0,0.0,0.0,0.0,0,0,52.97,100.0,23.17,24.3,1570.63,7939.1,1777222415.119,1777222419.204,ok
AWS,server,simultaneous,100,100,3,1.395204,71.6741,0.0,0.0,0.0,0.0,0,0,50.35,100.0,22.65,22.8,1529.55,7939.1,1777222425.413,1777222427.469,ok
AZURE,server,simultaneous,100,100,3,1.005818,99.4216,0.0,0.0,0.0,0.0,0,0,65.0,100.0,22.65,22.8,1529.5,7939.1,1777222425.426,1777222427.477,ok
GCP,server,simultaneous,100,100,3,3.029078,33.0133,0.0,0.0,0.0,0.0,0,0,50.5,79.8,22.87,23.3,1546.57,7939.1,1777222425.416,1777222429.489,ok
AWS,server,simultaneous,100,100,4,1.223735,81.717,0.0,0.0,0.0,0.0,0,0,40.05,78.8,22.5,22.6,1516.65,7939.1,1777222436.273,1777222438.314,ok
AZURE,server,simultaneous,100,100,4,1.217105,82.1622,0.0,0.0,0.0,0.0,0,0,62.1,100.0,22.5,22.6,1517.15,7939.1,1777222436.277,1777222438.332,ok
GCP,server,simultaneous,100,100,4,3.104042,32.2161,0.0,0.0,0.0,0.0,0,0,66.5,100.0,23.6,25.7,1601.83,7939.1,1777222436.278,1777222440.376,ok
AWS,server,simultaneous,100,100,5,1.325822,75.4249,0.0,0.0,0.0,0.0,0,0,100.0,100.0,23.45,24.3,1592.15,7939.1,1777222447.277,1777222449.32,ok
AZURE,server,simultaneous,100,100,5,1.200761,83.2805,0.0,0.0,0.0,0.0,0,0,64.25,100.0,23.45,24.3,1591.7,7939.1,1777222447.271,1777222449.313,ok
GCP,server,simultaneous,100,100,5,2.951815,33.8775,0.0,0.0,0.0,0.0,0,0,45.1,69.9,23.57,24.3,1600.27,7939.1,1777222447.242,1777222451.304,ok
AWS,server,simultaneous,100,100,6,1.35104,74.0171,0.0,0.0,0.0,0.0,0,0,48.6,78.1,23.3,24.8,1578.47,7939.1,1777222457.659,1777222461.736,ok
AZURE,server,simultaneous,100,100,6,1.290814,77.4705,0.0,0.0,0.0,0.0,0,0,59.2,100.0,22.55,22.6,1519.55,7939.1,1777222457.663,1777222459.718,ok
GCP,server,simultaneous,100,100,6,2.673945,37.3979,0.0,0.0,0.0,0.0,0,0,58.9,100.0,23.27,24.7,1577.63,7939.1,1777222457.672,1777222461.752,ok
AWS,server,simultaneous,100,100,7,1.400759,71.3899,0.0,0.0,0.0,0.0,0,0,40.55,79.8,22.55,22.6,1522.15,7939.1,1777222468.075,1777222470.12,ok
AZURE,server,simultaneous,100,100,7,1.02655,97.4137,0.0,0.0,0.0,0.0,0,0,75.0,100.0,22.55,22.6,1521.35,7939.1,1777222468.082,1777222470.143,ok
GCP,server,simultaneous,100,100,7,3.457998,28.9185,0.0,0.0,0.0,0.0,0,0,58.17,100.0,22.9,23.6,1550.1,7939.1,1777222468.083,1777222472.158,ok
AWS,server,simultaneous,100,100,8,1.35156,73.9886,0.0,0.0,0.0,0.0,0,0,26.0,27.5,22.45,22.5,1513.45,7939.1,1777222479.122,1777222481.175,ok
AZURE,server,simultaneous,100,100,8,1.025721,97.4924,0.0,0.0,0.0,0.0,0,0,57.75,100.0,22.5,22.6,1515.7,7939.1,1777222479.128,1777222481.192,ok
GCP,server,simultaneous,100,100,8,2.869535,34.8489,0.0,0.0,0.0,0.0,0,0,59.0,100.0,22.73,23.3,1535.47,7939.1,1777222479.127,1777222483.227,ok
AWS,server,simultaneous,100,100,9,1.319043,75.8125,0.0,0.0,0.0,0.0,0,0,64.3,100.0,22.35,22.4,1508.6,7939.1,1777222489.258,1777222491.291,ok
AZURE,server,simultaneous,100,100,9,1.216408,82.2093,0.0,0.0,0.0,0.0,0,0,15.85,31.1,22.4,22.5,1509.15,7939.1,1777222489.224,1777222491.253,ok
GCP,server,simultaneous,100,100,9,2.950649,33.8908,0.0,0.0,0.0,0.0,0,0,67.97,100.0,23.2,24.8,1573.33,7939.1,1777222489.26,1777222493.326,ok
AWS,server,simultaneous,100,100,10,1.320778,75.713,0.0,0.0,0.0,0.0,0,0,46.37,79.0,23.0,23.3,1555.17,7939.1,1777222499.959,1777222504.024,ok
AZURE,server,simultaneous,100,100,10,1.041355,96.0287,0.0,0.0,0.0,0.0,0,0,100.0,100.0,22.85,23.1,1544.0,7939.1,1777222499.98,1777222502.022,ok
GCP,server,simultaneous,100,100,10,2.941578,33.9954,0.0,0.0,0.0,0.0,0,0,33.57,77.6,23.0,23.3,1555.3,7939.1,1777222499.976,1777222504.059,ok
AWS,presigned,simultaneous,100,100,1,1.274974,78.433,1.019436,0.166238,1.019438,0.0,0,0,1.5,1.5,22.4,22.4,1510.0,7939.1,1777222521.739,1777222521.739,ok
AZURE,presigned,simultaneous,100,100,1,2.851799,35.0656,2.722533,0.048419,2.722611,0.0,0,0,1.0,1.2,22.4,22.4,1510.0,7939.1,1777222521.571,1777222523.6,ok
GCP,presigned,simultaneous,100,100,1,2.969815,33.6721,2.871859,0.143471,2.872135,0.0,0,0,2.35,3.1,22.4,22.4,1510.0,7939.1,1777222521.675,1777222523.702,ok
AWS,presigned,simultaneous,100,100,2,1.399427,71.4578,1.09091,0.159733,1.090913,0.0,0,0,1.2,1.2,22.4,22.4,1510.0,7939.1,1777222529.839,1777222529.839,ok
AZURE,presigned,simultaneous,100,100,2,2.927242,34.1619,2.802681,0.049559,2.802749,0.0,0,0,1.55,2.4,22.4,22.4,1509.95,7939.1,1777222529.71,1777222531.737,ok
GCP,presigned,simultaneous,100,100,2,2.974814,33.6155,2.856039,0.145699,2.856247,0.0,0,0,1.25,1.4,22.4,22.4,1509.95,7939.1,1777222529.816,1777222531.844,ok
AWS,presigned,simultaneous,100,100,3,1.304519,76.6566,1.020159,0.157248,1.020162,0.0,0,0,1.1,1.1,22.4,22.4,1509.8,7939.1,1777222537.958,1777222537.958,ok
AZURE,presigned,simultaneous,100,100,3,2.550699,39.2049,2.420222,0.037251,2.420299,0.0,0,0,2.15,2.9,22.4,22.4,1509.8,7939.1,1777222537.831,1777222539.856,ok
GCP,presigned,simultaneous,100,100,3,2.51623,39.742,2.437081,0.442954,2.437377,0.0,0,0,1.45,1.7,22.4,22.4,1509.8,7939.1,1777222538.24,1777222540.273,ok
AWS,presigned,simultaneous,100,100,4,1.402634,71.2944,1.086858,0.180584,1.086861,0.0,0,0,1.6,1.6,22.4,22.4,1510.3,7939.1,1777222545.989,1777222545.989,ok
AZURE,presigned,simultaneous,100,100,4,2.705834,36.9572,2.574044,0.041503,2.574147,0.0,0,0,2.55,4.2,22.35,22.4,1506.45,7939.1,1777222545.815,1777222547.843,ok
GCP,presigned,simultaneous,100,100,4,3.043442,32.8575,2.907726,0.15209,2.907945,0.0,0,0,2.35,2.5,22.35,22.4,1506.45,7939.1,1777222545.944,1777222547.972,ok
AWS,presigned,simultaneous,100,100,5,1.418997,70.4723,1.10558,0.166465,1.105582,0.0,0,0,1.5,1.5,22.3,22.3,1502.6,7939.1,1777222554.152,1777222554.152,ok
AZURE,presigned,simultaneous,100,100,5,2.734932,36.564,2.519243,0.044979,2.51931,0.0,0,0,1.85,2.2,22.3,22.3,1502.6,7939.1,1777222554.03,1777222556.061,ok
GCP,presigned,simultaneous,100,100,5,2.751062,36.3496,2.645769,0.204738,2.645969,0.0,0,0,10.3,16.7,22.3,22.3,1502.75,7939.1,1777222554.214,1777222556.244,ok
AWS,presigned,simultaneous,100,100,6,1.336124,74.8433,1.017676,0.158089,1.017679,0.0,0,0,14.3,14.3,22.2,22.2,1495.7,7939.1,1777222562.149,1777222562.149,ok
AZURE,presigned,simultaneous,100,100,6,2.965891,33.7167,2.840713,0.038219,2.840782,0.0,0,0,1.95,2.4,22.2,22.2,1495.7,7939.1,1777222561.995,1777222564.02,ok
GCP,presigned,simultaneous,100,100,6,3.03038,32.9992,2.903542,0.136985,2.903737,0.0,0,0,2.0,2.2,22.2,22.2,1495.7,7939.1,1777222562.11,1777222564.139,ok
AWS,presigned,simultaneous,100,100,7,1.408665,70.9892,1.075242,0.211502,1.075245,0.0,0,0,100.0,100.0,22.2,22.2,1495.6,7939.1,1777222570.378,1777222570.378,ok
AZURE,presigned,simultaneous,100,100,7,2.506221,39.9007,2.363737,0.042216,2.36386,0.0,0,0,2.15,2.8,22.2,22.2,1495.65,7939.1,1777222570.188,1777222572.213,ok
GCP,presigned,simultaneous,100,100,7,2.792467,35.8106,2.667217,0.192517,2.667421,0.0,0,0,2.2,2.8,22.2,22.2,1495.65,7939.1,1777222570.373,1777222572.401,ok
AWS,presigned,simultaneous,100,100,8,1.335382,74.885,1.041208,0.147935,1.041211,0.0,0,0,1.4,1.4,22.2,22.2,1495.9,7939.1,1777222578.296,1777222578.296,ok
AZURE,presigned,simultaneous,100,100,8,3.206998,31.1818,3.078201,0.035261,3.07828,0.0,0,0,1.65,2.1,22.2,22.2,1495.9,7939.1,1777222578.186,1777222580.212,ok
GCP,presigned,simultaneous,100,100,8,2.983858,33.5137,2.897586,0.444424,2.897842,0.0,0,0,1.9,2.4,22.2,22.2,1495.9,7939.1,1777222578.601,1777222580.627,ok
AWS,presigned,simultaneous,100,100,9,1.340988,74.5719,1.015645,0.17323,1.015649,0.0,0,0,28.6,28.6,22.1,22.1,1488.4,7939.1,1777222586.806,1777222586.806,ok
AZURE,presigned,simultaneous,100,100,9,2.803555,35.669,2.677977,0.057953,2.678065,0.0,0,0,1.95,2.4,22.1,22.1,1488.3,7939.1,1777222586.66,1777222588.685,ok
GCP,presigned,simultaneous,100,100,9,2.778033,35.9967,2.632049,0.158268,2.632279,0.0,0,0,12.25,22.7,22.1,22.1,1488.4,7939.1,1777222586.779,1777222588.803,ok
AWS,presigned,simultaneous,100,100,10,1.394953,71.687,1.080018,0.163758,1.08002,0.0,0,0,1.5,1.5,22.1,22.1,1488.4,7939.1,1777222594.746,1777222594.746,ok
AZURE,presigned,simultaneous,100,100,10,2.475766,40.3915,2.346113,0.050009,2.346191,0.0,0,0,1.35,1.8,22.1,22.1,1488.4,7939.1,1777222594.61,1777222596.639,ok
GCP,presigned,simultaneous,100,100,10,3.023374,33.0756,2.883186,0.148291,2.883412,0.0,0,0,2.9,4.3,22.1,22.1,1488.4,7939.1,1777222594.72,1777222596.746,ok
AWS,server,simultaneous,500,5,1,10.810173,46.2527,0.0,0.0,0.0,0.0,0,0,71.81,100.0,22.73,23.1,1527.35,7939.1,1777222783.493,1777222806.144,ok
AZURE,server,simultaneous,500,5,1,5.12185,97.621,0.0,0.0,0.0,0.0,0,0,82.13,100.0,22.62,23.0,1519.89,7939.1,1777222783.498,1777222800.118,ok
GCP,server,simultaneous,500,5,1,73.743212,6.7803,0.0,0.0,0.0,0.0,0,0,27.74,100.0,22.49,23.1,1509.83,7939.1,1777222783.504,1777222869.085,ok
AWS,server,simultaneous,500,5,2,11.657257,42.8917,0.0,0.0,0.0,0.0,0,0,96.41,100.0,22.8,23.4,1533.32,7939.1,1777222874.452,1777222895.212,ok
AZURE,server,simultaneous,500,5,2,5.528116,90.4467,0.0,0.0,0.0,0.0,0,0,80.19,100.0,22.83,23.4,1534.66,7939.1,1777222874.447,1777222893.169,ok
GCP,server,simultaneous,500,5,2,64.193467,7.789,0.0,0.0,0.0,0.0,0,0,26.13,100.0,21.98,23.4,1467.22,7939.1,1777222874.417,1777222952.122,ok
AWS,server,simultaneous,500,5,3,10.830528,46.1658,0.0,0.0,0.0,0.0,0,0,78.07,100.0,22.23,22.7,1486.03,7939.1,1777222957.918,1777222980.905,ok
AZURE,server,simultaneous,500,5,3,5.097322,98.0907,0.0,0.0,0.0,0.0,0,0,85.1,100.0,22.2,22.7,1484.85,7939.1,1777222957.911,1777222976.864,ok
GCP,server,simultaneous,500,5,3,61.951027,8.0709,0.0,0.0,0.0,0.0,0,0,28.07,100.0,21.81,22.4,1454.05,7939.1,1777222957.927,1777223031.534,ok
AWS,server,simultaneous,500,5,4,11.442062,43.6984,0.0,0.0,0.0,0.0,0,0,76.53,100.0,21.99,22.3,1468.45,7939.1,1777223038.613,1777223062.304,ok
AZURE,server,simultaneous,500,5,4,5.172818,96.6591,0.0,0.0,0.0,0.0,0,0,85.6,100.0,22.0,22.3,1468.12,7939.1,1777223038.577,1777223058.441,ok
GCP,server,simultaneous,500,5,4,69.00063,7.2463,0.0,0.0,0.0,0.0,0,0,30.63,100.0,27.39,81.2,1897.92,7939.1,1777223038.619,1777223121.367,ok
AWS,server,simultaneous,500,5,5,11.003277,45.441,0.0,0.0,0.0,0.0,0,0,80.49,100.0,22.64,25.8,1520.47,7939.1,1777223127.325,1777223154.701,ok
AZURE,server,simultaneous,500,5,5,5.463919,91.5094,0.0,0.0,0.0,0.0,0,0,71.78,100.0,22.91,25.8,1542.26,7939.1,1777223127.323,1777223150.616,ok
GCP,server,simultaneous,500,5,5,74.238895,6.735,0.0,0.0,0.0,0.0,0,0,24.92,100.0,21.62,25.8,1438.65,7939.1,1777223127.328,1777223219.547,ok
AWS,server,simultaneous,500,5,6,11.750389,42.5518,0.0,0.0,0.0,0.0,0,0,72.97,100.0,21.32,21.8,1415.64,7939.1,1777223224.901,1777223249.729,ok
AZURE,server,simultaneous,500,5,6,6.595731,75.8066,0.0,0.0,0.0,0.0,0,0,76.54,100.0,21.32,21.5,1415.83,7939.1,1777223224.894,1777223243.588,ok
GCP,server,simultaneous,500,5,6,65.970223,7.5792,0.0,0.0,0.0,0.0,0,0,29.56,100.0,20.73,21.8,1368.82,7939.1,1777223224.863,1777223304.536,ok
AWS,server,simultaneous,500,5,7,10.92135,45.7819,0.0,0.0,0.0,0.0,0,0,84.71,100.0,20.92,21.5,1383.23,7939.1,1777223309.707,1777223332.788,ok
AZURE,server,simultaneous,500,5,7,5.130802,97.4507,0.0,0.0,0.0,0.0,0,0,76.87,100.0,20.79,21.1,1373.08,7939.1,1777223309.706,1777223326.649,ok
GCP,server,simultaneous,500,5,7,63.926713,7.8215,0.0,0.0,0.0,0.0,0,0,27.27,100.0,20.18,21.5,1325.19,7939.1,1777223309.707,1777223385.492,ok
AWS,server,simultaneous,500,5,8,12.76522,39.1689,0.0,0.0,0.0,0.0,0,0,84.68,100.0,20.28,20.5,1332.72,7939.1,1777223392.291,1777223417.001,ok
AZURE,server,simultaneous,500,5,8,5.923473,84.4099,0.0,0.0,0.0,0.0,0,0,78.67,100.0,20.24,20.5,1329.35,7939.1,1777223392.294,1777223412.876,ok
GCP,server,simultaneous,500,5,8,74.604546,6.702,0.0,0.0,0.0,0.0,0,0,25.16,100.0,20.22,20.5,1327.34,7939.1,1777223392.296,1777223481.856,ok
AWS,server,simultaneous,500,5,9,11.924608,41.9301,0.0,0.0,0.0,0.0,0,0,82.06,100.0,20.67,21.4,1363.14,7939.1,1777223487.062,1777223509.881,ok
AZURE,server,simultaneous,500,5,9,6.273864,79.6957,0.0,0.0,0.0,0.0,0,0,76.31,100.0,20.63,21.3,1361.09,7939.1,1777223487.058,1777223505.695,ok
GCP,server,simultaneous,500,5,9,73.830274,6.7723,0.0,0.0,0.0,0.0,0,0,28.44,100.0,20.25,21.4,1329.43,7939.1,1777223487.047,1777223574.789,ok
AWS,server,simultaneous,500,5,10,11.110898,45.0009,0.0,0.0,0.0,0.0,0,0,83.02,100.0,20.65,21.3,1361.98,7939.1,1777223581.156,1777223606.162,ok
AZURE,server,simultaneous,500,5,10,5.150142,97.0847,0.0,0.0,0.0,0.0,0,0,76.0,100.0,20.49,21.0,1349.31,7939.1,1777223581.166,1777223599.894,ok
GCP,server,simultaneous,500,5,10,73.588282,6.7946,0.0,0.0,0.0,0.0,0,0,28.01,100.0,20.26,21.3,1332.09,7939.1,1777223581.173,1777223667.067,ok
AWS,presigned,simultaneous,500,5,1,18.443033,27.1105,0.223192,0.234987,0.178737,0.098072,0,0,1.71,2.7,16.62,16.7,1051.38,7939.1,1777223867.699,1777223885.955,ok
AZURE,presigned,simultaneous,500,5,1,24.253373,20.6157,0.221414,0.047511,0.23787,0.064714,0,0,0.92,1.7,16.64,16.7,1051.94,7939.1,1777223867.509,1777223889.824,ok
GCP,presigned,simultaneous,500,5,1,93.360088,5.3556,1.026123,0.431005,0.931922,0.151128,0,0,0.93,5.1,16.68,16.7,1053.89,7939.1,1777223867.9,1777223959.234,ok
AWS,presigned,simultaneous,500,5,2,16.253172,30.7632,0.15585,0.292321,0.156675,0.031969,0,0,2.91,8.5,16.74,16.8,1059.36,7939.1,1777223966.562,1777223980.809,ok
AZURE,presigned,simultaneous,500,5,2,22.995656,21.7432,0.210319,0.04776,0.226275,0.054572,0,0,0.97,2.5,16.73,16.8,1058.77,7939.1,1777223966.323,1777223988.664,ok
GCP,presigned,simultaneous,500,5,2,94.672856,5.2813,1.045202,0.741514,0.945209,0.142667,0,0,0.63,3.4,16.71,16.8,1056.67,7939.1,1777223967.02,1777224060.395,ok
AWS,presigned,simultaneous,500,5,3,20.53963,24.3432,0.147182,0.229433,0.199434,0.152631,0,0,4.1,36.1,16.71,16.8,1056.89,7939.1,1777224066.923,1777224087.239,ok
AZURE,presigned,simultaneous,500,5,3,24.565382,20.3538,0.249071,0.051478,0.240712,0.059938,0,0,0.82,3.5,16.72,16.8,1057.07,7939.1,1777224066.746,1777224091.124,ok
GCP,presigned,simultaneous,500,5,3,93.924794,5.3234,1.028164,0.439742,0.937786,0.148751,0,0,1.12,12.7,16.71,16.8,1057.13,7939.1,1777224067.143,1777224160.488,ok
AWS,presigned,simultaneous,500,5,4,17.651016,28.327,0.149425,0.358401,0.170789,0.1419,0,0,3.4,13.4,16.07,16.7,1005.31,7939.1,1777224166.436,1777224182.679,ok
AZURE,presigned,simultaneous,500,5,4,24.142503,20.7104,0.234491,0.070038,0.237212,0.067,0,0,5.16,51.0,15.57,16.7,964.79,7939.1,1777224166.144,1777224189.241,ok
GCP,presigned,simultaneous,500,5,4,93.768461,5.3323,1.080806,0.805773,0.936304,0.145969,0,0,7.08,38.0,20.54,75.6,1358.9,7939.1,1777224166.882,1777224260.318,ok
AWS,presigned,simultaneous,500,5,5,18.055447,27.6925,0.224982,0.255248,0.174636,0.106682,0,0,8.02,41.0,14.37,14.5,869.4,7939.1,1777224265.91,1777224282.194,ok
AZURE,presigned,simultaneous,500,5,5,24.398364,20.4932,0.249063,0.054436,0.240136,0.07191,0,0,1.05,3.4,14.35,14.5,867.44,7939.1,1777224265.71,1777224290.057,ok
GCP,presigned,simultaneous,500,5,5,92.05566,5.4315,1.069639,0.153824,0.919052,0.144857,0,0,0.86,7.1,14.25,14.5,860.49,7939.1,1777224265.82,1777224357.122,ok
AWS,presigned,simultaneous,500,5,6,20.87494,23.9522,0.149815,0.239621,0.203129,0.179652,0,0,9.63,43.8,14.0,14.0,843.64,7939.1,1777224363.118,1777224383.433,ok
AZURE,presigned,simultaneous,500,5,6,24.161902,20.6937,0.316322,0.056092,0.237858,0.060221,0,0,0.58,1.4,14.0,14.0,843.68,7939.1,1777224362.934,1777224385.32,ok
GCP,presigned,simultaneous,500,5,6,92.999413,5.3764,0.740144,0.150354,0.928298,0.154058,0,0,0.95,9.5,13.93,14.0,838.73,7939.1,1777224363.038,1777224454.335,ok
AWS,presigned,simultaneous,500,5,7,17.501,28.5698,0.199622,0.277309,0.169283,0.095161,0,0,9.21,72.7,13.94,14.0,836.78,7939.1,1777224461.317,1777224477.601,ok
AZURE,presigned,simultaneous,500,5,7,23.401063,21.3666,0.189131,0.048283,0.229103,0.068215,0,0,1.04,2.9,13.96,14.0,837.08,7939.1,1777224461.089,1777224483.422,ok
GCP,presigned,simultaneous,500,5,7,90.373316,5.5326,0.758168,0.767177,0.902094,0.145847,0,0,0.72,4.0,13.93,14.0,837.19,7939.1,1777224461.822,1777224551.075,ok
AWS,presigned,simultaneous,500,5,8,18.935574,26.4053,0.149058,0.298568,0.183462,0.086798,0,0,7.26,56.3,14.0,14.0,838.64,7939.1,1777224557.496,1777224575.801,ok
AZURE,presigned,simultaneous,500,5,8,24.619522,20.3091,0.220224,0.059269,0.241248,0.055528,0,0,0.92,2.7,14.0,14.0,838.68,7939.1,1777224557.254,1777224581.695,ok
GCP,presigned,simultaneous,500,5,8,92.098167,5.429,1.032546,0.56515,0.919222,0.155443,0,0,0.83,5.4,14.0,14.0,838.92,7939.1,1777224557.765,1777224649.143,ok
AWS,presigned,simultaneous,500,5,9,17.70368,28.2427,0.158842,0.248604,0.171166,0.048434,0,0,2.84,11.1,14.0,14.0,839.8,7939.1,1777224655.122,1777224671.358,ok
AZURE,presigned,simultaneous,500,5,9,25.771368,19.4014,0.207944,0.063989,0.25246,0.063252,0,0,0.88,2.6,14.0,14.0,839.98,7939.1,1777224654.933,1777224679.307,ok
GCP,presigned,simultaneous,500,5,9,91.747767,5.4497,0.754464,0.152205,0.915624,0.158431,0,0,0.87,8.3,14.0,14.0,840.18,7939.1,1777224655.034,1777224746.352,ok
AWS,presigned,simultaneous,500,5,10,16.14025,30.9785,0.202771,0.309231,0.155649,0.032005,0,0,10.46,74.5,14.0,14.0,842.27,7939.1,1777224752.098,1777224766.307,ok
AZURE,presigned,simultaneous,500,5,10,25.448159,19.6478,0.231971,0.043924,0.249779,0.071566,0,0,0.91,2.5,14.0,14.0,841.88,7939.1,1777224751.834,1777224776.176,ok
GCP,presigned,simultaneous,500,5,10,92.788057,5.3886,0.818384,0.732573,0.926046,0.148715,0,0,0.67,3.3,14.0,14.1,841.1,7939.1,1777224752.526,1777224843.844,ok
AWS,server,simultaneous,500,8,1,11.735309,42.6065,0.0,0.0,0.0,0.0,0,0,82.87,100.0,16.47,17.5,1030.18,7939.1,1777224986.6,1777225011.601,ok
AZURE,server,simultaneous,500,8,1,5.700263,87.7153,0.0,0.0,0.0,0.0,0,0,78.83,100.0,16.25,17.2,1013.14,7939.1,1777224986.603,1777225005.454,ok
GCP,server,simultaneous,500,8,1,48.899513,10.2251,0.0,0.0,0.0,0.0,0,0,32.79,100.0,16.51,17.5,1032.75,7939.1,1777224986.604,1777225048.091,ok
AWS,server,simultaneous,500,8,2,10.739049,46.5591,0.0,0.0,0.0,0.0,0,0,76.02,100.0,17.21,17.7,1087.62,7939.1,1777225053.981,1777225077.33,ok
AZURE,server,simultaneous,500,8,2,4.532617,110.3115,0.0,0.0,0.0,0.0,0,0,72.84,100.0,17.09,17.6,1081.32,7939.1,1777225053.978,1777225073.305,ok
GCP,server,simultaneous,500,8,2,50.708566,9.8603,0.0,0.0,0.0,0.0,0,0,33.77,100.0,16.56,17.7,1037.72,7939.1,1777225053.985,1777225117.978,ok
AWS,server,simultaneous,500,8,3,11.673724,42.8312,0.0,0.0,0.0,0.0,0,0,74.5,100.0,16.71,17.3,1047.88,7939.1,1777225123.128,1777225147.906,ok
AZURE,server,simultaneous,500,8,3,5.465707,91.4795,0.0,0.0,0.0,0.0,0,0,78.21,100.0,16.61,17.3,1041.25,7939.1,1777225123.12,1777225141.7,ok
GCP,server,simultaneous,500,8,3,45.690798,10.9431,0.0,0.0,0.0,0.0,0,0,41.81,100.0,16.3,17.3,1017.22,7939.1,1777225123.136,1777225180.382,ok
AWS,server,simultaneous,500,8,4,11.080848,45.1229,0.0,0.0,0.0,0.0,0,0,74.83,100.0,16.61,17.1,1040.55,7939.1,1777225186.991,1777225211.878,ok
AZURE,server,simultaneous,500,8,4,5.158179,96.9334,0.0,0.0,0.0,0.0,0,0,79.19,100.0,16.46,16.8,1030.34,7939.1,1777225186.991,1777225203.654,ok
GCP,server,simultaneous,500,8,4,52.087927,9.5992,0.0,0.0,0.0,0.0,0,0,36.33,100.0,16.48,17.1,1030.76,7939.1,1777225186.995,1777225252.509,ok
AWS,server,simultaneous,500,8,5,10.710159,46.6846,0.0,0.0,0.0,0.0,0,0,75.92,100.0,16.6,17.4,1041.28,7939.1,1777225258.071,1777225281.358,ok
AZURE,server,simultaneous,500,8,5,4.996551,100.069,0.0,0.0,0.0,0.0,0,0,82.6,100.0,16.41,16.8,1026.74,7939.1,1777225258.067,1777225275.289,ok
GCP,server,simultaneous,500,8,5,48.180049,10.3777,0.0,0.0,0.0,0.0,0,0,34.76,100.0,16.07,17.4,999.25,7939.1,1777225258.071,1777225317.914,ok
AWS,server,simultaneous,500,8,6,10.322576,48.4375,0.0,0.0,0.0,0.0,0,0,91.71,100.0,15.78,16.2,976.47,7939.1,1777225324.772,1777225348.985,ok
AZURE,server,simultaneous,500,8,6,5.964126,83.8346,0.0,0.0,0.0,0.0,0,0,75.2,100.0,15.81,16.0,980.36,7939.1,1777225324.768,1777225342.888,ok
GCP,server,simultaneous,500,8,6,42.454343,11.7774,0.0,0.0,0.0,0.0,0,0,27.95,100.0,15.03,16.0,914.8,7939.1,1777225324.776,1777225379.152,ok
AWS,server,simultaneous,500,8,7,10.772763,46.4133,0.0,0.0,0.0,0.0,0,0,88.23,100.0,15.59,16.8,961.38,7939.1,1777225386.155,1777225409.169,ok
AZURE,server,simultaneous,500,8,7,4.729076,105.7289,0.0,0.0,0.0,0.0,0,0,75.36,100.0,15.18,16.6,929.08,7939.1,1777225386.167,1777225403.044,ok
GCP,server,simultaneous,500,8,7,48.95059,10.2144,0.0,0.0,0.0,0.0,0,0,39.24,100.0,16.18,16.8,1006.95,7939.1,1777225386.165,1777225447.765,ok
AWS,server,simultaneous,500,8,8,11.51048,43.4387,0.0,0.0,0.0,0.0,0,0,75.15,100.0,16.98,17.8,1070.31,7939.1,1777225453.87,1777225478.633,ok
AZURE,server,simultaneous,500,8,8,4.812529,103.8955,0.0,0.0,0.0,0.0,0,0,83.6,100.0,16.82,17.8,1059.39,7939.1,1777225453.864,1777225472.578,ok
GCP,server,simultaneous,500,8,8,51.865565,9.6403,0.0,0.0,0.0,0.0,0,0,37.74,100.0,16.71,17.8,1049.64,7939.1,1777225453.872,1777225519.321,ok
AWS,server,simultaneous,500,8,9,10.706814,46.6992,0.0,0.0,0.0,0.0,0,0,81.44,100.0,16.59,17.3,1039.72,7939.1,1777225525.407,1777225548.457,ok
AZURE,server,simultaneous,500,8,9,4.729996,105.7083,0.0,0.0,0.0,0.0,0,0,80.76,100.0,16.42,16.8,1027.76,7939.1,1777225525.409,1777225542.36,ok
GCP,server,simultaneous,500,8,9,46.364553,10.7841,0.0,0.0,0.0,0.0,0,0,33.59,100.0,15.92,17.3,987.15,7939.1,1777225525.61,1777225584.956,ok
AWS,server,simultaneous,500,8,10,11.541817,43.3207,0.0,0.0,0.0,0.0,0,0,76.01,100.0,16.24,17.0,1011.55,7939.1,1777225590.077,1777225615.13,ok
AZURE,server,simultaneous,500,8,10,5.605851,89.1925,0.0,0.0,0.0,0.0,0,0,77.54,100.0,15.97,16.7,993.22,7939.1,1777225590.093,1777225607.046,ok
GCP,server,simultaneous,500,8,10,48.165939,10.3808,0.0,0.0,0.0,0.0,0,0,36.07,100.0,15.81,17.0,976.75,7939.1,1777225590.101,1777225651.657,ok
AWS,presigned,simultaneous,500,8,1,17.689103,28.266,0.18398,0.243005,0.273557,0.322277,0,0,0.89,2.8,12.7,12.7,740.09,7939.1,1777225792.654,1777225808.873,ok
AZURE,presigned,simultaneous,500,8,1,19.105754,26.1701,0.235148,0.046148,0.298489,0.080502,0,0,0.97,3.5,12.7,12.7,740.11,7939.1,1777225792.46,1777225810.73,ok
GCP,presigned,simultaneous,500,8,1,65.012269,7.6909,1.214915,0.540756,1.026441,0.14495,0,0,1.39,24.2,12.72,12.8,741.09,7939.1,1777225792.961,1777225857.934,ok
AWS,presigned,simultaneous,500,8,2,24.878241,20.0979,0.20567,0.200261,0.384284,0.562625,0,0,1.79,6.1,12.72,12.8,741.82,7939.1,1777225863.2,1777225887.619,ok
AZURE,presigned,simultaneous,500,8,2,19.751023,25.3151,0.281761,0.05078,0.30644,0.07064,0,0,0.83,1.7,12.7,12.7,741.54,7939.1,1777225863.049,1777225881.365,ok
GCP,presigned,simultaneous,500,8,2,61.977016,8.0675,1.059365,0.450176,0.980051,0.149926,0,0,0.85,2.9,12.73,12.8,741.31,7939.1,1777225863.456,1777225924.396,ok
AWS,presigned,simultaneous,500,8,3,19.619962,25.4842,0.197224,0.244406,0.299542,0.299026,0,0,1.4,2.7,12.71,12.8,741.36,7939.1,1777225930.714,1777225949.239,ok
AZURE,presigned,simultaneous,500,8,3,20.171016,24.788,0.298002,0.043524,0.308631,0.06081,0,0,1.15,3.7,12.71,12.8,741.34,7939.1,1777225930.508,1777225948.991,ok
GCP,presigned,simultaneous,500,8,3,61.634163,8.1124,1.159981,0.542149,0.974773,0.165993,0,0,0.67,1.9,12.77,12.8,742.82,7939.1,1777225931.092,1777225992.249,ok
AWS,presigned,simultaneous,500,8,4,17.728716,28.2028,0.191741,0.261959,0.273751,0.253461,0,0,8.28,61.0,12.8,12.8,746.13,7939.1,1777225997.916,1777226014.19,ok
AZURE,presigned,simultaneous,500,8,4,18.581183,26.9089,0.282865,0.051299,0.289811,0.070807,0,0,0.97,2.5,12.8,12.8,745.72,7939.1,1777225997.704,1777226015.971,ok
GCP,presigned,simultaneous,500,8,4,65.954016,7.581,1.074131,0.596987,1.043902,0.372403,0,0,0.68,3.0,12.8,12.8,746.0,7939.1,1777225998.259,1777226063.176,ok
AWS,presigned,simultaneous,500,8,5,14.820479,33.7371,0.231285,0.215512,0.227361,0.194114,0,0,8.33,36.7,12.81,12.9,747.43,7939.1,1777226069.431,1777226083.65,ok
AZURE,presigned,simultaneous,500,8,5,18.192517,27.4838,0.237291,0.049993,0.282268,0.059317,0,0,1.09,2.6,12.81,12.9,747.27,7939.1,1777226069.268,1777226085.511,ok
GCP,presigned,simultaneous,500,8,5,61.8409,8.0853,0.809206,0.147462,0.978964,0.153021,0,0,1.17,9.5,12.8,12.9,746.97,7939.1,1777226069.374,1777226130.206,ok
AWS,presigned,simultaneous,500,8,6,17.541754,28.5034,0.187333,0.247382,0.271108,0.3804,0,0,2.64,7.3,12.81,12.9,747.38,7939.1,1777226136.465,1777226152.695,ok
AZURE,presigned,simultaneous,500,8,6,18.593237,26.8915,0.366941,0.038515,0.290442,0.068983,0,0,1.03,2.7,12.81,12.9,747.29,7939.1,1777226136.257,1777226154.529,ok
GCP,presigned,simultaneous,500,8,6,64.682321,7.7301,1.190347,0.543819,1.023921,0.141762,0,0,0.82,3.5,12.8,12.8,747.19,7939.1,1777226136.766,1777226199.659,ok
AWS,presigned,simultaneous,500,8,7,13.425476,37.2426,0.206694,0.216035,0.205091,0.063215,0,0,8.0,44.1,12.8,12.8,747.1,7939.1,1777226206.673,1777226218.851,ok
AZURE,presigned,simultaneous,500,8,7,18.660747,26.7942,0.28123,0.041727,0.291634,0.067012,0,0,0.61,1.4,12.8,12.8,747.29,7939.1,1777226206.496,1777226224.748,ok
GCP,presigned,simultaneous,500,8,7,62.556025,7.9928,1.07927,0.147294,0.990455,0.144958,0,0,8.17,33.8,23.31,76.1,1580.93,7939.1,1777226206.61,1777226267.474,ok
AWS,presigned,simultaneous,500,8,8,16.420999,30.4488,0.519353,0.198618,0.252879,0.248243,0,0,7.06,22.2,13.62,14.2,811.24,7939.1,1777226274.365,1777226290.594,ok
AZURE,presigned,simultaneous,500,8,8,18.743765,26.6755,0.298739,0.043617,0.291463,0.065954,0,0,0.64,1.3,13.6,14.2,809.47,7939.1,1777226274.212,1777226292.476,ok
GCP,presigned,simultaneous,500,8,8,60.352094,8.2847,1.108202,0.153853,0.955465,0.143825,0,0,0.64,2.8,13.28,14.2,783.13,7939.1,1777226274.329,1777226333.132,ok
AWS,presigned,simultaneous,500,8,9,13.889512,35.9984,0.185841,0.205627,0.212052,0.153463,0,0,0.84,1.3,13.0,13.0,761.29,7939.1,1777226339.888,1777226352.054,ok
AZURE,presigned,simultaneous,500,8,9,19.167452,26.0859,0.307028,0.039057,0.298334,0.056337,0,0,0.62,1.5,13.0,13.0,761.29,7939.1,1777226339.722,1777226357.97,ok
GCP,presigned,simultaneous,500,8,9,60.273362,8.2955,1.099775,0.454718,0.954311,0.143685,0,0,0.89,2.4,13.0,13.0,761.16,7939.1,1777226340.156,1777226398.955,ok
AWS,presigned,simultaneous,500,8,10,16.918377,29.5537,0.203228,0.265132,0.26097,0.364105,0,0,3.71,23.8,12.9,12.9,755.37,7939.1,1777226405.694,1777226421.919,ok
AZURE,presigned,simultaneous,500,8,10,19.368375,25.8153,0.28939,0.048776,0.302925,0.08457,0,0,0.92,2.5,12.9,12.9,755.32,7939.1,1777226405.48,1777226423.74,ok
GCP,presigned,simultaneous,500,8,10,61.338064,8.1515,0.820846,0.45517,0.971063,0.15546,0,0,0.79,2.5,12.9,12.9,754.71,7939.1,1777226405.901,1777226466.77,ok
AWS,server,simultaneous,500,10,1,11.532866,43.3544,0.0,0.0,0.0,0.0,0,0,75.47,100.0,14.07,15.3,840.57,7939.1,1777226595.739,1777226618.32,ok
AZURE,server,simultaneous,500,10,1,5.774465,86.5881,0.0,0.0,0.0,0.0,0,0,86.88,100.0,13.69,14.9,810.8,7939.1,1777226595.743,1777226612.277,ok
GCP,server,simultaneous,500,10,1,43.441812,11.5096,0.0,0.0,0.0,0.0,0,0,35.34,100.0,14.31,15.3,857.97,7939.1,1777226595.738,1777226652.823,ok
AWS,server,simultaneous,500,10,2,11.414974,43.8021,0.0,0.0,0.0,0.0,0,0,78.05,100.0,14.88,15.9,903.78,7939.1,1777226659.283,1777226683.951,ok
AZURE,server,simultaneous,500,10,2,5.667737,88.2186,0.0,0.0,0.0,0.0,0,0,88.48,100.0,14.7,15.9,889.04,7939.1,1777226659.281,1777226677.966,ok
GCP,server,simultaneous,500,10,2,43.878929,11.395,0.0,0.0,0.0,0.0,0,0,37.12,100.0,14.64,16.0,884.52,7939.1,1777226659.284,1777226716.48,ok
AWS,server,simultaneous,500,10,3,11.288149,44.2942,0.0,0.0,0.0,0.0,0,0,72.32,100.0,14.82,15.8,897.11,7939.1,1777226721.677,1777226746.435,ok
AZURE,server,simultaneous,500,10,3,4.816019,103.8202,0.0,0.0,0.0,0.0,0,0,88.13,100.0,14.72,15.9,890.24,7939.1,1777226721.67,1777226740.376,ok
GCP,server,simultaneous,500,10,3,40.542852,12.3326,0.0,0.0,0.0,0.0,0,0,40.9,100.0,14.57,15.8,878.49,7939.1,1777226721.682,1777226774.772,ok
AWS,server,simultaneous,500,10,4,11.887929,42.0595,0.0,0.0,0.0,0.0,0,0,71.14,100.0,14.85,15.7,900.74,7939.1,1777226781.343,1777226806.866,ok
AZURE,server,simultaneous,500,10,4,5.219645,95.792,0.0,0.0,0.0,0.0,0,0,86.87,100.0,14.51,15.7,875.67,7939.1,1777226781.348,1777226798.81,ok
GCP,server,simultaneous,500,10,4,39.986795,12.5041,0.0,0.0,0.0,0.0,0,0,42.61,100.0,14.75,15.7,893.37,7939.1,1777226781.368,1777226833.268,ok
AWS,server,simultaneous,500,10,5,10.800285,46.2951,0.0,0.0,0.0,0.0,0,0,72.33,100.0,14.72,15.7,891.6,7939.1,1777226840.01,1777226862.865,ok
AZURE,server,simultaneous,500,10,5,5.781611,86.4811,0.0,0.0,0.0,0.0,0,0,90.18,100.0,14.54,15.7,877.96,7939.1,1777226840.012,1777226858.877,ok
GCP,server,simultaneous,500,10,5,44.251704,11.299,0.0,0.0,0.0,0.0,0,0,39.33,100.0,14.23,15.8,851.93,7939.1,1777226839.984,1777226897.431,ok
AWS,server,simultaneous,500,10,6,10.79695,46.3094,0.0,0.0,0.0,0.0,0,0,76.64,100.0,15.28,18.9,935.64,7939.1,1777226903.462,1777226926.405,ok
AZURE,server,simultaneous,500,10,6,5.247143,95.29,0.0,0.0,0.0,0.0,0,0,90.14,100.0,14.57,15.6,879.82,7939.1,1777226903.474,1777226922.354,ok
GCP,server,simultaneous,500,10,6,44.278286,11.2922,0.0,0.0,0.0,0.0,0,0,34.9,100.0,15.2,18.9,928.46,7939.1,1777226903.467,1777226960.779,ok
AWS,server,simultaneous,500,10,7,10.974996,45.5581,0.0,0.0,0.0,0.0,0,0,84.42,100.0,15.31,16.8,938.79,7939.1,1777226966.479,1777226989.374,ok
AZURE,server,simultaneous,500,10,7,5.727827,87.2931,0.0,0.0,0.0,0.0,0,0,89.79,100.0,15.09,16.4,919.5,7939.1,1777226966.491,1777226985.365,ok
GCP,server,simultaneous,500,10,7,41.722981,11.9838,0.0,0.0,0.0,0.0,0,0,37.01,100.0,15.03,16.8,916.11,7939.1,1777226966.49,1777227021.794,ok
AWS,server,simultaneous,500,10,8,11.117991,44.9722,0.0,0.0,0.0,0.0,0,0,75.89,100.0,15.78,16.8,976.09,7939.1,1777227027.295,1777227050.335,ok
AZURE,server,simultaneous,500,10,8,5.20741,96.017,0.0,0.0,0.0,0.0,0,0,90.13,100.0,15.64,16.6,964.6,7939.1,1777227027.257,1777227046.305,ok
GCP,server,simultaneous,500,10,8,41.009447,12.1923,0.0,0.0,0.0,0.0,0,0,35.72,100.0,15.55,16.8,956.48,7939.1,1777227027.296,1777227082.783,ok
AWS,server,simultaneous,500,10,9,12.024271,41.5826,0.0,0.0,0.0,0.0,0,0,76.05,100.0,15.86,16.7,981.16,7939.1,1777227088.55,1777227113.315,ok
AZURE,server,simultaneous,500,10,9,5.497608,90.9486,0.0,0.0,0.0,0.0,0,0,75.31,100.0,15.64,16.7,964.82,7939.1,1777227088.55,1777227107.11,ok
GCP,server,simultaneous,500,10,9,39.936587,12.5198,0.0,0.0,0.0,0.0,0,0,47.32,100.0,15.48,16.7,951.71,7939.1,1777227088.511,1777227139.672,ok
AWS,server,simultaneous,500,10,10,14.784033,33.8203,0.0,0.0,0.0,0.0,0,0,77.56,100.0,15.64,16.4,963.21,7939.1,1777227145.786,1777227175.508,ok
AZURE,server,simultaneous,500,10,10,5.60902,89.1421,0.0,0.0,0.0,0.0,0,0,78.64,100.0,15.4,16.4,945.66,7939.1,1777227145.79,1777227167.257,ok
GCP,server,simultaneous,500,10,10,43.086488,11.6046,0.0,0.0,0.0,0.0,0,0,47.31,100.0,15.34,16.4,940.39,7939.1,1777227145.798,1777227203.892,ok
AWS,presigned,simultaneous,500,10,1,14.750935,33.8962,0.314186,0.20995,0.283825,0.152946,0,0,2.75,6.9,14.5,14.5,880.76,7939.1,1777227325.707,1777227339.988,ok
AZURE,presigned,simultaneous,500,10,1,20.376776,24.5377,0.390853,0.051197,0.400592,0.091936,0,0,1.03,3.5,14.5,14.5,880.41,7939.1,1777227325.543,1777227343.91,ok
GCP,presigned,simultaneous,500,10,1,52.128656,9.5917,1.157636,0.444878,1.038173,0.169946,0,0,0.98,3.9,14.5,14.5,880.38,7939.1,1777227325.953,1777227376.842,ok
AWS,presigned,simultaneous,500,10,2,12.656938,39.504,0.283517,0.244463,0.24362,0.077588,0,0,1.91,4.5,14.5,14.5,882.17,7939.1,1777227383.329,1777227395.574,ok
AZURE,presigned,simultaneous,500,10,2,20.472499,24.423,0.310938,0.046178,0.403523,0.103842,0,0,0.8,2.0,14.5,14.5,882.37,7939.1,1777227383.13,1777227403.459,ok
GCP,presigned,simultaneous,500,10,2,51.689828,9.6731,1.135881,0.263133,1.030141,0.143164,0,0,4.32,50.0,14.5,14.5,882.18,7939.1,1777227383.363,1777227434.173,ok
AWS,presigned,simultaneous,500,10,3,14.109942,35.436,0.269522,0.201312,0.271922,0.152648,0,0,2.11,4.5,14.54,14.6,883.43,7939.1,1777227440.245,1777227452.429,ok
AZURE,presigned,simultaneous,500,10,3,19.642529,25.455,0.340112,0.056529,0.384624,0.078756,0,0,1.04,3.0,14.53,14.6,883.17,7939.1,1777227440.105,1777227458.426,ok
GCP,presigned,simultaneous,500,10,3,51.667958,9.6772,1.157678,0.228252,1.029923,0.144994,0,0,2.81,25.0,14.52,14.6,882.53,7939.1,1777227440.279,1777227491.02,ok
AWS,presigned,simultaneous,500,10,4,11.700375,42.7337,0.221098,0.230792,0.223636,0.057802,0,0,1.95,2.9,14.5,14.5,881.5,7939.1,1777227497.179,1777227507.336,ok
AZURE,presigned,simultaneous,500,10,4,19.733352,25.3378,0.625456,0.052493,0.388939,0.076255,0,0,1.2,2.5,14.5,14.5,881.98,7939.1,1777227497.005,1777227515.276,ok
GCP,presigned,simultaneous,500,10,4,52.594246,9.5067,1.149731,0.789763,1.048583,0.144724,0,0,0.67,2.2,14.5,14.5,882.02,7939.1,1777227497.75,1777227548.512,ok
AWS,presigned,simultaneous,500,10,5,12.842864,38.9321,0.186884,0.194228,0.247109,0.081425,0,0,6.4,35.7,14.5,14.5,882.37,7939.1,1777227555.535,1777227567.771,ok
AZURE,presigned,simultaneous,500,10,5,19.990752,25.0116,0.267582,0.049684,0.3918,0.104163,0,0,0.68,1.4,14.5,14.5,882.14,7939.1,1777227555.394,1777227573.723,ok
GCP,presigned,simultaneous,500,10,5,54.465842,9.1801,1.114752,0.438374,1.085653,0.116,0,0,0.92,2.6,14.5,14.5,880.81,7939.1,1777227555.79,1777227608.545,ok
AWS,presigned,simultaneous,500,10,6,13.04214,38.3373,0.255579,0.210203,0.251319,0.134601,0,0,1.9,3.7,14.53,14.6,884.36,7939.1,1777227615.47,1777227627.66,ok
AZURE,presigned,simultaneous,500,10,6,21.197214,23.588,0.327342,0.054798,0.415,0.09837,0,0,0.74,2.9,14.51,14.6,883.41,7939.1,1777227615.323,1777227635.66,ok
GCP,presigned,simultaneous,500,10,6,53.881537,9.2796,0.87642,0.451978,1.073218,0.133646,0,0,0.96,3.6,14.5,14.6,882.22,7939.1,1777227615.742,1777227668.597,ok
AWS,presigned,simultaneous,500,10,7,13.203242,37.8695,0.251691,0.230499,0.253869,0.103112,0,0,9.21,57.6,14.5,14.5,880.07,7939.1,1777227674.84,1777227687.01,ok
AZURE,presigned,simultaneous,500,10,7,19.661515,25.4304,0.279263,0.051474,0.386734,0.100049,0,0,0.86,2.6,14.5,14.5,880.08,7939.1,1777227674.664,1777227692.974,ok
GCP,presigned,simultaneous,500,10,7,53.641402,9.3212,0.900614,0.560368,1.069272,0.130562,0,0,0.76,2.0,14.5,14.5,879.92,7939.1,1777227675.184,1777227728.06,ok
AWS,presigned,simultaneous,500,10,8,12.161586,41.1131,0.289712,0.244434,0.233029,0.039887,0,0,4.42,12.5,14.5,14.5,880.82,7939.1,1777227734.075,1777227744.222,ok
AZURE,presigned,simultaneous,500,10,8,19.179151,26.07,0.363772,0.042428,0.375792,0.076377,0,0,1.35,4.4,14.5,14.5,880.76,7939.1,1777227733.875,1777227752.409,ok
GCP,presigned,simultaneous,500,10,8,49.312368,10.1394,1.128611,0.264167,0.982221,0.149221,0,0,1.85,16.7,14.5,14.5,880.71,7939.1,1777227734.104,1777227783.046,ok
AWS,presigned,simultaneous,500,10,9,11.636888,42.9668,0.221594,0.198003,0.223424,0.039597,0,0,2.95,14.3,14.5,14.5,880.7,7939.1,1777227788.622,1777227798.798,ok
AZURE,presigned,simultaneous,500,10,9,19.016593,26.2928,0.319719,0.049576,0.371958,0.080958,0,0,1.08,3.0,14.5,14.5,881.16,7939.1,1777227788.481,1777227806.788,ok
GCP,presigned,simultaneous,500,10,9,52.502752,9.5233,0.915768,0.149724,1.046498,0.140108,0,0,1.05,5.3,14.5,14.5,880.95,7939.1,1777227788.583,1777227839.373,ok
AWS,presigned,simultaneous,500,10,10,11.455585,43.6468,0.20888,0.246791,0.219682,0.037275,0,0,11.02,53.8,14.5,14.5,880.5,7939.1,1777227846.337,1777227856.507,ok
AZURE,presigned,simultaneous,500,10,10,19.308022,25.896,0.413333,0.041481,0.377729,0.085062,0,0,0.98,2.7,14.5,14.5,880.5,7939.1,1777227846.133,1777227864.414,ok
GCP,presigned,simultaneous,500,10,10,52.098053,9.5973,0.837332,0.54699,1.038698,0.140979,0,0,0.83,2.0,14.5,14.5,881.0,7939.1,1777227846.648,1777227897.371,ok
AWS,server,simultaneous,500,16,1,11.229143,44.527,0.0,0.0,0.0,0.0,0,0,86.82,100.0,15.74,17.4,971.84,7939.1,1777228000.994,1777228023.663,ok
AZURE,server,simultaneous,500,16,1,5.42065,92.2399,0.0,0.0,0.0,0.0,0,0,84.54,100.0,15.45,17.3,948.64,7939.1,1777228000.963,1777228019.628,ok
GCP,server,simultaneous,500,16,1,30.735576,16.2678,0.0,0.0,0.0,0.0,0,0,44.94,100.0,15.32,17.4,938.4,7939.1,1777228000.976,1777228045.937,ok
AWS,server,simultaneous,500,16,2,10.155228,49.2357,0.0,0.0,0.0,0.0,0,0,78.41,100.0,15.95,17.5,988.93,7939.1,1777228051.285,1777228073.956,ok
AZURE,server,simultaneous,500,16,2,5.379781,92.9406,0.0,0.0,0.0,0.0,0,0,76.22,100.0,15.46,17.5,950.63,7939.1,1777228051.279,1777228067.898,ok
GCP,server,simultaneous,500,16,2,29.586464,16.8996,0.0,0.0,0.0,0.0,0,0,51.69,100.0,15.65,17.5,964.54,7939.1,1777228051.283,1777228094.28,ok
AWS,server,simultaneous,500,16,3,11.437364,43.7164,0.0,0.0,0.0,0.0,0,0,78.62,100.0,16.16,17.7,1003.42,7939.1,1777228100.136,1777228123.778,ok
AZURE,server,simultaneous,500,16,3,4.975906,100.4842,0.0,0.0,0.0,0.0,0,0,83.59,100.0,15.87,17.5,982.57,7939.1,1777228100.138,1777228119.776,ok
GCP,server,simultaneous,500,16,3,28.197844,17.7319,0.0,0.0,0.0,0.0,0,0,50.91,100.0,15.75,17.7,971.37,7939.1,1777228100.136,1777228142.108,ok
AWS,server,simultaneous,500,16,4,11.480006,43.554,0.0,0.0,0.0,0.0,0,0,77.92,100.0,16.19,17.7,1008.03,7939.1,1777228148.71,1777228171.505,ok
AZURE,server,simultaneous,500,16,4,4.603149,108.6213,0.0,0.0,0.0,0.0,0,0,92.24,100.0,15.87,17.5,982.56,7939.1,1777228148.711,1777228167.399,ok
GCP,server,simultaneous,500,16,4,30.631008,16.3233,0.0,0.0,0.0,0.0,0,0,45.85,100.0,16.12,17.8,1002.09,7939.1,1777228148.707,1777228193.732,ok
AWS,server,simultaneous,500,16,5,11.695169,42.7527,0.0,0.0,0.0,0.0,0,0,82.54,100.0,16.33,17.9,1019.24,7939.1,1777228199.053,1777228221.943,ok
AZURE,server,simultaneous,500,16,5,4.820559,103.7224,0.0,0.0,0.0,0.0,0,0,75.2,100.0,16.04,17.5,996.55,7939.1,1777228199.053,1777228217.894,ok
GCP,server,simultaneous,500,16,5,28.923791,17.2868,0.0,0.0,0.0,0.0,0,0,47.5,100.0,15.93,17.9,986.66,7939.1,1777228199.059,1777228242.189,ok
AWS,server,simultaneous,500,16,6,10.743606,46.5393,0.0,0.0,0.0,0.0,0,0,68.69,100.0,16.27,17.9,1012.91,7939.1,1777228248.264,1777228273.123,ok
AZURE,server,simultaneous,500,16,6,5.540821,90.2393,0.0,0.0,0.0,0.0,0,0,83.0,100.0,15.77,17.5,975.08,7939.1,1777228248.254,1777228264.992,ok
GCP,server,simultaneous,500,16,6,31.549505,15.8481,0.0,0.0,0.0,0.0,0,0,47.36,100.0,16.09,17.9,999.04,7939.1,1777228248.222,1777228293.317,ok
AWS,server,simultaneous,500,16,7,10.403356,48.0614,0.0,0.0,0.0,0.0,0,0,77.43,100.0,16.28,17.9,1014.13,7939.1,1777228299.856,1777228322.526,ok
AZURE,server,simultaneous,500,16,7,4.979525,100.4112,0.0,0.0,0.0,0.0,0,0,87.3,100.0,15.76,17.5,973.83,7939.1,1777228299.865,1777228316.471,ok
GCP,server,simultaneous,500,16,7,31.211794,16.0196,0.0,0.0,0.0,0.0,0,0,48.29,100.0,15.95,17.9,988.24,7939.1,1777228299.857,1777228342.786,ok
AWS,server,simultaneous,500,16,8,10.554179,47.3746,0.0,0.0,0.0,0.0,0,0,75.28,100.0,16.21,17.9,1008.83,7939.1,1777228349.238,1777228372.139,ok
AZURE,server,simultaneous,500,16,8,5.018386,99.6336,0.0,0.0,0.0,0.0,0,0,75.28,100.0,15.67,17.5,967.42,7939.1,1777228349.241,1777228366.038,ok
GCP,server,simultaneous,500,16,8,30.770112,16.2495,0.0,0.0,0.0,0.0,0,0,53.83,100.0,15.85,17.9,980.26,7939.1,1777228349.24,1777228392.454,ok
AWS,server,simultaneous,500,16,9,10.420597,47.9819,0.0,0.0,0.0,0.0,0,0,73.58,100.0,16.03,17.3,996.26,7939.1,1777228398.733,1777228421.435,ok
AZURE,server,simultaneous,500,16,9,5.161217,96.8764,0.0,0.0,0.0,0.0,0,0,78.18,100.0,15.62,17.2,964.83,7939.1,1777228398.746,1777228415.45,ok
GCP,server,simultaneous,500,16,9,30.587052,16.3468,0.0,0.0,0.0,0.0,0,0,52.41,100.0,15.53,17.3,956.08,7939.1,1777228398.743,1777228441.767,ok
AWS,server,simultaneous,500,16,10,10.334151,48.3833,0.0,0.0,0.0,0.0,0,0,83.44,100.0,15.97,17.7,989.67,7939.1,1777228447.674,1777228470.46,ok
AZURE,server,simultaneous,500,16,10,5.580892,89.5914,0.0,0.0,0.0,0.0,0,0,85.53,100.0,15.62,17.3,962.69,7939.1,1777228447.681,1777228466.278,ok
GCP,server,simultaneous,500,16,10,29.742083,16.8112,0.0,0.0,0.0,0.0,0,0,50.73,100.0,15.95,17.5,989.56,7939.1,1777228447.678,1777228490.766,ok
AWS,presigned,simultaneous,500,16,1,15.108732,33.0934,0.28645,0.196782,0.45909,0.714357,0,0,1.66,5.7,14.24,14.3,862.33,7939.1,1777228577.602,1777228591.821,ok
AZURE,presigned,simultaneous,500,16,1,15.852974,31.5398,0.511344,0.045565,0.487097,0.115874,0,0,0.61,1.1,14.24,14.3,862.33,7939.1,1777228577.443,1777228591.647,ok
GCP,presigned,simultaneous,500,16,1,37.377101,13.3772,1.270053,0.188154,1.162802,0.135701,0,0,7.44,50.0,14.22,14.3,860.94,7939.1,1777228577.616,1777228614.147,ok
AWS,presigned,simultaneous,500,16,2,8.74859,57.1521,0.287518,0.241508,0.260242,0.035374,0,0,8.24,38.7,14.2,14.2,860.0,7939.1,1777228620.22,1777228628.328,ok
AZURE,presigned,simultaneous,500,16,2,15.191366,32.9134,0.39094,0.070694,0.466941,0.085177,0,0,1.01,2.5,14.2,14.2,860.0,7939.1,1777228620.059,1777228634.259,ok
GCP,presigned,simultaneous,500,16,2,34.972406,14.297,1.006419,0.164718,1.087822,0.168775,0,0,0.89,2.8,14.21,14.3,860.25,7939.1,1777228620.152,1777228654.641,ok
AWS,presigned,simultaneous,500,16,3,9.544466,52.3864,0.246496,0.199551,0.285455,0.114059,0,0,1.42,3.0,14.2,14.2,854.1,7939.1,1777228660.325,1777228668.434,ok
AZURE,presigned,simultaneous,500,16,3,15.271864,32.7399,0.539024,0.054033,0.469867,0.132217,0,0,1.05,3.4,14.2,14.2,854.14,7939.1,1777228660.182,1777228674.387,ok
GCP,presigned,simultaneous,500,16,3,36.852259,13.5677,1.402823,0.429464,1.14645,0.163626,0,0,1.13,2.7,14.2,14.2,854.53,7939.1,1777228660.565,1777228697.071,ok
AWS,presigned,simultaneous,500,16,4,9.283742,53.8576,0.298676,0.213863,0.277028,0.098812,0,0,14.02,64.7,14.2,14.2,855.36,7939.1,1777228702.636,1777228710.748,ok
AZURE,presigned,simultaneous,500,16,4,15.614593,32.0213,0.464296,0.039145,0.477328,0.116609,0,0,0.97,3.0,14.2,14.2,855.49,7939.1,1777228702.463,1777228716.666,ok
GCP,presigned,simultaneous,500,16,4,37.320542,13.3974,1.239783,0.424354,1.156268,0.116204,0,0,1.07,3.3,14.2,14.2,856.22,7939.1,1777228702.851,1777228739.391,ok
AWS,presigned,simultaneous,500,16,5,9.746797,51.2989,0.242878,0.203788,0.284212,0.119613,0,0,12.22,38.2,14.2,14.2,856.28,7939.1,1777228745.413,1777228753.542,ok
AZURE,presigned,simultaneous,500,16,5,15.098759,33.1153,0.463834,0.044219,0.463446,0.117108,0,0,1.23,2.7,14.2,14.2,856.52,7939.1,1777228745.248,1777228759.453,ok
GCP,presigned,simultaneous,500,16,5,35.95512,13.9062,1.013026,0.147215,1.118894,0.1357,0,0,1.68,9.1,14.2,14.2,855.97,7939.1,1777228745.367,1777228779.867,ok
AWS,presigned,simultaneous,500,16,6,12.79238,39.0858,1.999685,0.191167,0.386408,0.433087,0,0,6.59,36.7,14.2,14.2,856.03,7939.1,1777228786.515,1777228798.721,ok
AZURE,presigned,simultaneous,500,16,6,17.157658,29.1415,0.583705,0.042738,0.524934,0.153815,0,0,0.88,1.8,14.2,14.2,855.87,7939.1,1777228786.356,1777228802.584,ok
GCP,presigned,simultaneous,500,16,6,34.806087,14.3653,1.225779,0.204683,1.082503,0.145035,0,0,3.24,33.3,14.2,14.2,855.64,7939.1,1777228786.532,1777228821.066,ok
AWS,presigned,simultaneous,500,16,7,11.861688,42.1525,0.351837,0.180843,0.357534,0.315512,0,0,0.98,2.1,14.2,14.2,856.9,7939.1,1777228826.527,1777228836.671,ok
AZURE,presigned,simultaneous,500,16,7,15.844844,31.556,0.448297,0.046962,0.486762,0.108232,0,0,1.36,3.0,14.2,14.2,856.8,7939.1,1777228826.39,1777228840.609,ok
GCP,presigned,simultaneous,500,16,7,37.893149,13.195,0.987245,0.212754,1.179119,0.142998,0,0,2.06,16.7,14.2,14.2,856.85,7939.1,1777228826.564,1777228863.183,ok
AWS,presigned,simultaneous,500,16,8,9.411868,53.1244,0.272859,0.212941,0.279373,0.067997,0,0,6.88,25.0,14.2,14.2,857.78,7939.1,1777228869.679,1777228877.812,ok
AZURE,presigned,simultaneous,500,16,8,15.861768,31.5223,0.625343,0.046062,0.484663,0.110334,0,0,0.69,1.7,14.2,14.2,856.96,7939.1,1777228869.505,1777228883.714,ok
GCP,presigned,simultaneous,500,16,8,37.494156,13.3354,1.262232,0.193278,1.166794,0.147192,0,0,1.57,6.3,14.21,14.3,856.45,7939.1,1777228869.658,1777228906.189,ok
AWS,presigned,simultaneous,500,16,9,10.008123,49.9594,0.360173,0.191889,0.299046,0.091183,0,0,7.46,15.4,14.2,14.2,855.12,7939.1,1777228912.371,1777228920.507,ok
AZURE,presigned,simultaneous,500,16,9,16.334894,30.6093,0.434536,0.045479,0.50278,0.119233,0,0,0.59,1.4,14.2,14.2,855.11,7939.1,1777228912.204,1777228928.441,ok
GCP,presigned,simultaneous,500,16,9,36.419341,13.729,0.913796,0.144064,1.133393,0.145984,0,0,1.32,7.4,14.2,14.2,855.72,7939.1,1777228912.311,1777228946.848,ok
AWS,presigned,simultaneous,500,16,10,10.106408,49.4736,0.25687,0.201737,0.302662,0.128657,0,0,2.68,9.1,14.2,14.2,856.74,7939.1,1777228953.953,1777228962.083,ok
AZURE,presigned,simultaneous,500,16,10,15.463453,32.3343,0.510691,0.05206,0.475799,0.098888,0,0,1.12,2.4,14.2,14.2,856.67,7939.1,1777228953.793,1777228967.987,ok
GCP,presigned,simultaneous,500,16,10,35.250785,14.1841,0.922329,0.150922,1.096514,0.151904,0,0,0.94,4.5,14.2,14.2,855.38,7939.1,1777228953.898,1777228989.46,ok
AWS,server,simultaneous,500,25,1,11.529946,43.3653,0.0,0.0,0.0,0.0,0,0,80.45,100.0,19.93,22.3,1304.62,7939.1,1777229081.516,1777229106.615,ok
AZURE,server,simultaneous,500,25,1,5.315519,94.0642,0.0,0.0,0.0,0.0,0,0,76.83,100.0,18.89,21.9,1222.99,7939.1,1777229081.516,1777229098.453,ok
GCP,server,simultaneous,500,25,1,23.381052,21.3848,0.0,0.0,0.0,0.0,0,0,58.58,100.0,19.82,22.4,1295.44,7939.1,1777229081.52,1777229118.82,ok
AWS,server,simultaneous,500,25,2,10.714436,46.666,0.0,0.0,0.0,0.0,0,0,86.53,100.0,20.38,23.0,1339.21,7939.1,1777229124.264,1777229147.051,ok
AZURE,server,simultaneous,500,25,2,4.796608,104.2403,0.0,0.0,0.0,0.0,0,0,93.13,100.0,19.9,22.6,1302.53,7939.1,1777229124.246,1777229143.018,ok
GCP,server,simultaneous,500,25,2,22.703007,22.0235,0.0,0.0,0.0,0.0,0,0,57.33,100.0,19.97,23.0,1307.68,7939.1,1777229124.273,1777229159.182,ok
AWS,server,simultaneous,500,25,3,10.342832,48.3427,0.0,0.0,0.0,0.0,0,0,68.18,100.0,17.88,19.0,1138.97,7939.1,1777229165.454,1777229189.066,ok
AZURE,server,simultaneous,500,25,3,4.924681,101.5294,0.0,0.0,0.0,0.0,0,0,69.6,100.0,17.45,18.8,1108.08,7939.1,1777229165.448,1777229182.947,ok
GCP,server,simultaneous,500,25,3,22.695934,22.0304,0.0,0.0,0.0,0.0,0,0,48.27,100.0,16.77,19.0,1051.67,7939.1,1777229165.455,1777229201.261,ok
AWS,server,simultaneous,500,25,4,10.314973,48.4732,0.0,0.0,0.0,0.0,0,0,77.8,100.0,16.93,19.7,1065.08,7939.1,1777229207.152,1777229230.046,ok
AZURE,server,simultaneous,500,25,4,5.087877,98.2728,0.0,0.0,0.0,0.0,0,0,85.98,100.0,16.09,19.1,999.4,7939.1,1777229207.193,1777229224.042,ok
GCP,server,simultaneous,500,25,4,22.278251,22.4434,0.0,0.0,0.0,0.0,0,0,61.3,100.0,16.96,19.7,1067.47,7939.1,1777229207.207,1777229242.319,ok
AWS,server,simultaneous,500,25,5,11.056727,45.2213,0.0,0.0,0.0,0.0,0,0,85.97,100.0,17.48,20.0,1108.69,7939.1,1777229248.607,1777229271.7,ok
AZURE,server,simultaneous,500,25,5,5.799094,86.2204,0.0,0.0,0.0,0.0,0,0,88.06,100.0,16.89,20.0,1062.43,7939.1,1777229248.612,1777229265.601,ok
GCP,server,simultaneous,500,25,5,23.696063,21.1006,0.0,0.0,0.0,0.0,0,0,54.02,100.0,17.06,20.0,1076.14,7939.1,1777229248.614,1777229285.853,ok
AWS,server,simultaneous,500,25,6,10.729279,46.6015,0.0,0.0,0.0,0.0,0,0,76.83,100.0,17.76,20.5,1131.56,7939.1,1777229292.957,1777229315.96,ok
AZURE,server,simultaneous,500,25,6,4.636308,107.8444,0.0,0.0,0.0,0.0,0,0,75.76,100.0,17.35,20.6,1098.94,7939.1,1777229292.949,1777229311.857,ok
GCP,server,simultaneous,500,25,6,21.46966,23.2887,0.0,0.0,0.0,0.0,0,0,68.03,100.0,17.79,20.5,1134.28,7939.1,1777229292.921,1777229326.13,ok
AWS,server,simultaneous,500,25,7,11.076565,45.1403,0.0,0.0,0.0,0.0,0,0,84.83,100.0,18.99,21.4,1230.03,7939.1,1777229332.818,1777229355.606,ok
AZURE,server,simultaneous,500,25,7,5.160353,96.8926,0.0,0.0,0.0,0.0,0,0,75.51,100.0,18.64,21.1,1201.8,7939.1,1777229332.823,1777229351.496,ok
GCP,server,simultaneous,500,25,7,21.847266,22.8862,0.0,0.0,0.0,0.0,0,0,61.11,100.0,18.78,21.4,1213.37,7939.1,1777229332.833,1777229365.782,ok
AWS,server,simultaneous,500,25,8,11.696027,42.7496,0.0,0.0,0.0,0.0,0,0,76.03,100.0,19.67,21.9,1283.58,7939.1,1777229371.767,1777229396.87,ok
AZURE,server,simultaneous,500,25,8,5.772632,86.6156,0.0,0.0,0.0,0.0,0,0,78.73,100.0,19.08,21.9,1237.15,7939.1,1777229371.78,1777229390.676,ok
GCP,server,simultaneous,500,25,8,22.736303,21.9913,0.0,0.0,0.0,0.0,0,0,65.42,100.0,19.93,21.9,1304.0,7939.1,1777229371.786,1777229407.04,ok
AWS,server,simultaneous,500,25,9,11.408171,43.8282,0.0,0.0,0.0,0.0,0,0,91.75,100.0,21.94,24.1,1462.18,7939.1,1777229412.792,1777229437.72,ok
AZURE,server,simultaneous,500,25,9,5.019867,99.6042,0.0,0.0,0.0,0.0,0,0,76.86,100.0,21.28,23.6,1411.39,7939.1,1777229412.789,1777229431.567,ok
GCP,server,simultaneous,500,25,9,23.857434,20.9578,0.0,0.0,0.0,0.0,0,0,54.95,100.0,22.36,24.1,1496.67,7939.1,1777229412.797,1777229449.884,ok
AWS,server,simultaneous,500,25,10,10.905202,45.8497,0.0,0.0,0.0,0.0,0,0,76.29,100.0,24.65,27.3,1677.82,7939.1,1777229455.911,1777229478.552,ok
AZURE,server,simultaneous,500,25,10,5.049811,99.0136,0.0,0.0,0.0,0.0,0,0,78.28,100.0,24.14,26.9,1639.13,7939.1,1777229455.923,1777229474.576,ok
GCP,server,simultaneous,500,25,10,21.763767,22.974,0.0,0.0,0.0,0.0,0,0,62.35,100.0,24.51,27.3,1666.24,7939.1,1777229455.921,1777229488.763,ok
AWS,presigned,simultaneous,500,25,1,12.004885,41.6497,0.372754,0.184182,0.577734,0.840148,0,0,4.88,25.0,23.57,23.7,1601.47,7939.1,1777229550.873,1777229561.024,ok
AZURE,presigned,simultaneous,500,25,1,13.587363,36.7989,0.691,0.047933,0.668421,0.116107,0,0,1.5,3.3,23.56,23.7,1600.71,7939.1,1777229550.721,1777229562.896,ok
GCP,presigned,simultaneous,500,25,1,27.272164,18.3337,1.503103,0.163503,1.355908,0.126086,0,0,0.88,3.0,23.53,23.7,1598.69,7939.1,1777229550.856,1777229577.242,ok
AWS,presigned,simultaneous,500,25,2,8.211783,60.8881,0.381555,0.221474,0.391795,0.217821,0,0,5.42,18.9,23.38,23.5,1587.58,7939.1,1777229583.341,1777229591.462,ok
AZURE,presigned,simultaneous,500,25,2,14.22296,35.1544,0.687541,0.046511,0.695553,0.161054,0,0,1.5,2.7,23.35,23.5,1585.29,7939.1,1777229583.166,1777229597.35,ok
GCP,presigned,simultaneous,500,25,2,26.577117,18.8132,1.469131,0.687558,1.321367,0.128701,0,0,2.39,23.6,23.33,23.5,1583.67,7939.1,1777229583.819,1777229610.179,ok
AWS,presigned,simultaneous,500,25,3,11.146476,44.8572,0.320292,0.176191,0.536631,0.672822,0,0,1.68,3.6,23.27,23.3,1578.17,7939.1,1777229615.592,1777229625.724,ok
AZURE,presigned,simultaneous,500,25,3,13.927302,35.9007,0.815654,0.03696,0.685344,0.124343,0,0,1.07,2.8,23.27,23.3,1577.61,7939.1,1777229615.446,1777229627.61,ok
GCP,presigned,simultaneous,500,25,3,27.019242,18.5053,1.210691,0.423107,1.342897,0.161999,0,0,1.26,4.3,23.29,23.3,1576.29,7939.1,1777229615.832,1777229642.189,ok
AWS,presigned,simultaneous,500,25,4,8.108825,61.6612,0.330388,0.168605,0.38504,0.123884,0,0,9.65,30.8,23.25,23.3,1575.27,7939.1,1777229648.034,1777229654.13,ok
AZURE,presigned,simultaneous,500,25,4,14.49834,34.4867,0.631313,0.03403,0.713556,0.119315,0,0,1.02,2.8,23.24,23.3,1575.21,7939.1,1777229647.902,1777229662.085,ok
GCP,presigned,simultaneous,500,25,4,26.778021,18.672,1.331772,0.438428,1.331816,0.1247,0,0,0.97,1.9,23.27,23.3,1575.26,7939.1,1777229648.307,1777229674.688,ok
AWS,presigned,simultaneous,500,25,5,8.230721,60.748,0.586231,0.17217,0.384676,0.088719,0,0,11.83,32.1,23.3,23.3,1575.2,7939.1,1777229680.279,1777229686.461,ok
AZURE,presigned,simultaneous,500,25,5,15.218689,32.8543,0.645589,0.044575,0.729357,0.174522,0,0,0.68,1.1,23.3,23.3,1575.28,7939.1,1777229680.138,1777229694.425,ok
GCP,presigned,simultaneous,500,25,5,25.290391,19.7704,1.406751,0.137156,1.241564,0.173135,0,0,1.69,9.5,23.3,23.3,1575.33,7939.1,1777229680.254,1777229703.775,ok
AWS,presigned,simultaneous,500,25,6,7.531679,66.3863,0.377759,0.18044,0.350275,0.042136,0,0,0.45,0.7,23.3,23.3,1575.4,7939.1,1777229710.786,1777229716.876,ok
AZURE,presigned,simultaneous,500,25,6,14.381604,34.7666,0.973671,0.053061,0.704366,0.144333,0,0,1.19,2.5,23.3,23.3,1576.05,7939.1,1777229710.66,1777229724.881,ok
GCP,presigned,simultaneous,500,25,6,26.805997,18.6525,1.487743,0.435675,1.331944,0.142039,0,0,1.13,3.6,23.28,23.3,1575.55,7939.1,1777229711.056,1777229737.458,ok
AWS,presigned,simultaneous,500,25,7,9.703128,51.5298,0.383284,0.185489,0.465967,0.332676,0,0,0.86,1.2,23.3,23.3,1574.6,7939.1,1777229743.056,1777229751.172,ok
AZURE,presigned,simultaneous,500,25,7,14.395977,34.7319,0.653032,0.047718,0.704004,0.133735,0,0,1.05,2.8,23.3,23.3,1575.21,7939.1,1777229742.919,1777229757.113,ok
GCP,presigned,simultaneous,500,25,7,27.213196,18.3734,1.334444,0.420435,1.350148,0.152332,0,0,1.64,4.1,23.26,23.3,1575.09,7939.1,1777229743.296,1777229769.67,ok
AWS,presigned,simultaneous,500,25,8,8.203103,60.9525,0.344697,0.212734,0.388239,0.126862,0,0,1.08,1.9,23.24,23.3,1574.5,7939.1,1777229775.735,1777229783.846,ok
AZURE,presigned,simultaneous,500,25,8,13.909449,35.9468,0.814444,0.049663,0.685004,0.120403,0,0,1.03,3.3,23.26,23.3,1574.61,7939.1,1777229775.573,1777229787.753,ok
GCP,presigned,simultaneous,500,25,8,27.866614,17.9426,1.397526,0.460728,1.385793,0.083172,0,0,1.15,2.5,23.28,23.3,1575.94,7939.1,1777229775.987,1777229802.349,ok
AWS,presigned,simultaneous,500,25,9,7.74225,64.5807,0.340498,0.178473,0.367991,0.120964,0,0,1.22,2.8,23.3,23.3,1577.2,7939.1,1777229809.045,1777229815.131,ok
AZURE,presigned,simultaneous,500,25,9,13.789369,36.2598,0.652484,0.044933,0.67252,0.131858,0,0,1.14,3.0,23.3,23.3,1577.16,7939.1,1777229808.909,1777229821.075,ok
GCP,presigned,simultaneous,500,25,9,24.494673,20.4126,1.464003,0.440418,1.218386,0.178614,0,0,1.15,1.9,23.29,23.3,1576.55,7939.1,1777229809.309,1777229833.673,ok
AWS,presigned,simultaneous,500,25,10,10.549177,47.3971,1.64071,0.190197,0.508418,0.326509,0,0,10.17,25.0,23.3,23.3,1574.8,7939.1,1777229839.015,1777229849.168,ok
AZURE,presigned,simultaneous,500,25,10,14.854029,33.6609,0.794335,0.043636,0.724381,0.094548,0,0,1.36,3.5,23.3,23.3,1575.11,7939.1,1777229838.868,1777229853.057,ok
GCP,presigned,simultaneous,500,25,10,24.477691,20.4268,1.521268,0.155761,1.216524,0.193764,0,0,1.48,3.3,23.3,23.3,1575.62,7939.1,1777229838.991,1777229863.363,ok
AWS,server,simultaneous,500,50,1,11.529964,43.3653,0.0,0.0,0.0,0.0,0,0,83.81,100.0,26.99,31.5,1866.2,7939.1,1777229950.431,1777229976.729,ok
AZURE,server,simultaneous,500,50,1,4.749091,105.2833,0.0,0.0,0.0,0.0,0,0,71.49,100.0,26.25,31.3,1806.63,7939.1,1777229950.471,1777229972.572,ok
GCP,server,simultaneous,500,50,1,16.225489,30.8157,0.0,0.0,0.0,0.0,0,0,62.33,100.0,26.83,31.4,1852.95,7939.1,1777229950.464,1777229982.785,ok
AWS,server,simultaneous,500,50,2,11.689277,42.7742,0.0,0.0,0.0,0.0,0,0,88.04,100.0,26.65,31.3,1837.98,7939.1,1777229988.365,1777230013.825,ok
AZURE,server,simultaneous,500,50,2,5.821121,85.8941,0.0,0.0,0.0,0.0,0,0,85.35,100.0,26.42,31.4,1818.72,7939.1,1777229988.36,1777230009.802,ok
GCP,server,simultaneous,500,50,2,16.722577,29.8997,0.0,0.0,0.0,0.0,0,0,70.54,100.0,26.34,31.4,1812.86,7939.1,1777229988.365,1777230019.992,ok
AWS,server,simultaneous,500,50,3,11.931162,41.9071,0.0,0.0,0.0,0.0,0,0,72.68,100.0,26.25,29.1,1806.3,7939.1,1777230027.097,1777230052.489,ok
AZURE,server,simultaneous,500,50,3,5.527958,90.4493,0.0,0.0,0.0,0.0,0,0,72.56,100.0,25.23,29.1,1727.25,7939.1,1777230027.092,1777230046.387,ok
GCP,server,simultaneous,500,50,3,17.165464,29.1283,0.0,0.0,0.0,0.0,0,0,78.85,100.0,25.82,29.1,1773.22,7939.1,1777230027.093,1777230056.807,ok
AWS,server,simultaneous,500,50,4,11.262078,44.3968,0.0,0.0,0.0,0.0,0,0,80.99,100.0,23.8,26.9,1610.99,7939.1,1777230062.227,1777230087.142,ok
AZURE,server,simultaneous,500,50,4,5.241451,95.3934,0.0,0.0,0.0,0.0,0,0,90.24,100.0,22.98,26.5,1548.06,7939.1,1777230062.246,1777230081.116,ok
GCP,server,simultaneous,500,50,4,16.925132,29.5419,0.0,0.0,0.0,0.0,0,0,74.31,100.0,23.77,26.8,1608.96,7939.1,1777230062.246,1777230091.251,ok
AWS,server,simultaneous,500,50,5,10.434015,47.9202,0.0,0.0,0.0,0.0,0,0,77.83,100.0,24.53,29.6,1668.38,7939.1,1777230097.233,1777230122.447,ok
AZURE,server,simultaneous,500,50,5,5.971281,83.7341,0.0,0.0,0.0,0.0,0,0,81.5,100.0,23.69,29.4,1603.36,7939.1,1777230097.227,1777230116.355,ok
GCP,server,simultaneous,500,50,5,16.485115,30.3304,0.0,0.0,0.0,0.0,0,0,78.79,100.0,24.28,29.6,1648.99,7939.1,1777230097.237,1777230126.417,ok
AWS,server,simultaneous,500,50,6,10.466835,47.7699,0.0,0.0,0.0,0.0,0,0,77.71,100.0,25.09,30.4,1713.42,7939.1,1777230133.333,1777230156.094,ok
AZURE,server,simultaneous,500,50,6,6.466981,77.3158,0.0,0.0,0.0,0.0,0,0,76.95,100.0,24.09,29.9,1634.91,7939.1,1777230133.327,1777230151.939,ok
GCP,server,simultaneous,500,50,6,16.841081,29.6893,0.0,0.0,0.0,0.0,0,0,76.38,100.0,24.78,30.4,1688.77,7939.1,1777230133.334,1777230162.155,ok
AWS,server,simultaneous,500,50,7,11.224282,44.5463,0.0,0.0,0.0,0.0,0,0,85.98,100.0,25.65,30.1,1758.19,7939.1,1777230167.33,1777230191.992,ok
AZURE,server,simultaneous,500,50,7,5.71745,87.4516,0.0,0.0,0.0,0.0,0,0,78.48,100.0,24.6,30.1,1674.21,7939.1,1777230167.319,1777230185.874,ok
GCP,server,simultaneous,500,50,7,16.713922,29.9152,0.0,0.0,0.0,0.0,0,0,71.17,100.0,25.35,30.1,1735.43,7939.1,1777230167.321,1777230196.013,ok
AWS,server,simultaneous,500,50,8,10.910642,45.8268,0.0,0.0,0.0,0.0,0,0,78.68,100.0,25.34,29.9,1733.41,7939.1,1777230201.737,1777230224.394,ok
AZURE,server,simultaneous,500,50,8,6.021168,83.0404,0.0,0.0,0.0,0.0,0,0,96.67,100.0,25.02,29.9,1708.5,7939.1,1777230201.741,1777230222.442,ok
GCP,server,simultaneous,500,50,8,16.094858,31.0658,0.0,0.0,0.0,0.0,0,0,73.42,100.0,24.99,29.9,1705.17,7939.1,1777230201.743,1777230232.571,ok
AWS,server,simultaneous,500,50,9,10.749232,46.515,0.0,0.0,0.0,0.0,0,0,83.33,100.0,25.68,30.3,1759.72,7939.1,1777230237.978,1777230260.697,ok
AZURE,server,simultaneous,500,50,9,5.802828,86.1649,0.0,0.0,0.0,0.0,0,0,82.76,100.0,24.79,30.0,1690.34,7939.1,1777230237.955,1777230256.615,ok
GCP,server,simultaneous,500,50,9,16.504828,30.2942,0.0,0.0,0.0,0.0,0,0,68.75,100.0,25.47,30.3,1744.37,7939.1,1777230237.987,1777230266.729,ok
AWS,server,simultaneous,500,50,10,10.466308,47.7723,0.0,0.0,0.0,0.0,0,0,86.61,100.0,25.68,31.1,1759.77,7939.1,1777230272.31,1777230295.039,ok
AZURE,server,simultaneous,500,50,10,5.485335,91.1521,0.0,0.0,0.0,0.0,0,0,94.46,100.0,24.68,30.1,1680.15,7939.1,1777230272.307,1777230291.003,ok
GCP,server,simultaneous,500,50,10,16.064106,31.1253,0.0,0.0,0.0,0.0,0,0,75.02,100.0,25.41,31.1,1738.79,7939.1,1777230272.306,1777230301.085,ok
AWS,presigned,simultaneous,500,50,1,7.31713,68.3328,0.564428,0.172714,0.665278,0.306026,0,0,6.47,24.0,21.8,21.8,1461.42,7939.1,1777230348.9,1777230354.984,ok
AZURE,presigned,simultaneous,500,50,1,15.148513,33.0065,1.762874,0.04769,1.44619,0.245241,0,0,0.89,1.4,21.77,21.8,1459.67,7939.1,1777230348.768,1777230362.982,ok
GCP,presigned,simultaneous,500,50,1,17.611186,28.391,1.756079,0.455191,1.721096,0.19909,0,0,1.72,3.8,21.76,21.8,1458.18,7939.1,1777230349.174,1777230365.418,ok
AWS,presigned,simultaneous,500,50,2,6.903065,72.4316,0.572261,0.178777,0.619607,0.161318,0,0,3.03,7.4,21.7,21.7,1454.2,7939.1,1777230372.007,1777230378.101,ok
AZURE,presigned,simultaneous,500,50,2,14.879496,33.6033,1.343988,0.049144,1.43374,0.285934,0,0,0.84,2.7,21.7,21.7,1454.2,7939.1,1777230371.852,1777230386.076,ok
GCP,presigned,simultaneous,500,50,2,18.159234,27.5342,1.81535,0.150745,1.773978,0.094167,0,0,1.58,5.3,21.7,21.7,1454.2,7939.1,1777230371.967,1777230388.204,ok
AWS,presigned,simultaneous,500,50,3,7.756577,64.4614,0.56072,0.16927,0.710667,0.437396,0,0,14.9,25.0,21.6,21.6,1441.8,7939.1,1777230395.319,1777230401.415,ok
AZURE,presigned,simultaneous,500,50,3,14.590559,34.2687,1.364649,0.042805,1.404447,0.223838,0,0,0.86,1.4,21.6,21.6,1441.8,7939.1,1777230395.171,1777230409.368,ok
GCP,presigned,simultaneous,500,50,3,16.85118,29.6715,1.458922,0.136434,1.643574,0.151232,0,0,1.34,4.8,21.6,21.6,1441.8,7939.1,1777230395.283,1777230411.534,ok
AWS,presigned,simultaneous,500,50,4,7.351359,68.0146,0.576697,0.191049,0.666248,0.272036,0,0,1.65,3.1,21.6,21.6,1441.75,7939.1,1777230417.356,1777230423.445,ok
AZURE,presigned,simultaneous,500,50,4,15.359549,32.553,1.576922,0.043259,1.48537,0.269447,0,0,0.64,1.5,21.6,21.6,1441.72,7939.1,1777230417.179,1777230431.377,ok
GCP,presigned,simultaneous,500,50,4,17.849192,28.0125,1.682779,0.149766,1.744585,0.15812,0,0,2.1,4.8,21.6,21.6,1441.72,7939.1,1777230417.295,1777230433.515,ok
AWS,presigned,simultaneous,500,50,5,6.427899,77.7859,0.595332,0.170592,0.575125,0.026721,0,0,1.4,2.8,21.6,21.6,1442.5,7939.1,1777230440.344,1777230446.436,ok
AZURE,presigned,simultaneous,500,50,5,14.819474,33.7394,1.201628,0.044474,1.430492,0.216119,0,0,0.93,2.4,21.59,21.6,1441.26,7939.1,1777230440.194,1777230454.388,ok
GCP,presigned,simultaneous,500,50,5,17.245227,28.9935,1.586963,0.153098,1.680539,0.159164,0,0,7.13,50.0,21.6,21.6,1441.22,7939.1,1777230440.322,1777230456.575,ok
AWS,presigned,simultaneous,500,50,6,6.65408,75.1419,0.585135,0.210533,0.595097,0.083928,0,0,1.4,2.3,21.6,21.6,1440.6,7939.1,1777230462.788,1777230468.869,ok
AZURE,presigned,simultaneous,500,50,6,14.365792,34.8049,1.312697,0.045929,1.383209,0.267564,0,0,1.85,6.7,21.6,21.6,1440.97,7939.1,1777230462.616,1777230476.818,ok
GCP,presigned,simultaneous,500,50,6,17.685811,28.2713,1.475155,0.76538,1.729588,0.12677,0,0,2.46,7.5,21.6,21.6,1440.96,7939.1,1777230463.337,1777230479.562,ok
AWS,presigned,simultaneous,500,50,7,6.436124,77.6865,0.582152,0.163287,0.577738,0.044746,0,0,0.62,1.0,21.6,21.6,1441.1,7939.1,1777230486.212,1777230492.299,ok
AZURE,presigned,simultaneous,500,50,7,13.96616,35.8008,1.339939,0.038141,1.34527,0.100725,0,0,1.43,3.5,21.6,21.6,1441.54,7939.1,1777230486.075,1777230498.238,ok
GCP,presigned,simultaneous,500,50,7,17.495331,28.5791,1.555244,0.199421,1.71025,0.150254,0,0,4.53,16.7,21.6,21.6,1440.87,7939.1,1777230486.249,1777230502.468,ok
AWS,presigned,simultaneous,500,50,8,6.771316,73.8409,0.568887,0.322746,0.580939,0.041957,0,0,26.7,39.0,54.52,68.6,4058.62,7939.1,1777230509.074,1777230515.265,ok
AZURE,presigned,simultaneous,500,50,8,14.809074,33.7631,1.316445,0.055534,1.372003,0.284436,0,0,15.01,33.3,42.77,67.7,3123.68,7939.1,1777230508.808,1777230523.166,ok
GCP,presigned,simultaneous,500,50,8,18.509061,27.0138,1.765518,0.441091,1.775764,0.102587,0,0,13.44,36.0,38.04,69.2,2748.66,7939.1,1777230509.2,1777230525.72,ok
AWS,presigned,simultaneous,500,50,9,6.410564,77.9963,0.557138,0.181727,0.556501,0.0118,0,0,7.53,27.6,23.45,23.9,1590.75,7939.1,1777230532.911,1777230538.993,ok
AZURE,presigned,simultaneous,500,50,9,16.015452,31.2198,1.674829,0.040479,1.543813,0.322011,0,0,0.71,1.2,22.98,23.9,1552.45,7939.1,1777230532.76,1777230546.965,ok
GCP,presigned,simultaneous,500,50,9,18.614418,26.8609,1.808953,0.448853,1.80586,0.103387,0,0,2.34,14.0,22.75,23.9,1534.76,7939.1,1777230533.172,1777230551.449,ok
AWS,presigned,simultaneous,500,50,10,8.32077,60.0906,0.555128,0.164279,0.755974,0.612383,0,0,5.42,18.8,21.9,21.9,1465.28,7939.1,1777230556.968,1777230565.07,ok
AZURE,presigned,simultaneous,500,50,10,14.179107,35.2632,1.136111,0.043118,1.362216,0.288092,0,0,1.06,2.5,21.89,21.9,1464.04,7939.1,1777230556.84,1777230569.043,ok
GCP,presigned,simultaneous,500,50,10,18.203086,27.4679,1.454433,0.449454,1.769261,0.133946,0,0,1.54,2.7,21.86,21.9,1460.98,7939.1,1777230557.25,1777230573.484,ok
AWS,server,simultaneous,500,100,1,8.890812,56.2378,0.0,0.0,0.0,0.0,0,0,91.72,100.0,24.94,30.6,1700.75,7939.1,1777230649.675,1777230671.433,ok
AZURE,server,simultaneous,500,100,1,5.046661,99.0754,0.0,0.0,0.0,0.0,0,0,81.82,100.0,24.4,30.6,1659.98,7939.1,1777230649.677,1777230669.324,ok
GCP,server,simultaneous,500,100,1,13.4614,37.1432,0.0,0.0,0.0,0.0,0,0,74.58,100.0,24.9,30.6,1698.61,7939.1,1777230649.686,1777230677.471,ok
AWS,server,simultaneous,500,100,2,10.497018,47.6326,0.0,0.0,0.0,0.0,0,0,79.35,100.0,25.29,30.6,1729.66,7939.1,1777230682.772,1777230705.741,ok
AZURE,server,simultaneous,500,100,2,5.467435,91.4506,0.0,0.0,0.0,0.0,0,0,92.47,100.0,24.37,30.6,1655.91,7939.1,1777230682.768,1777230701.708,ok
GCP,server,simultaneous,500,100,2,13.580262,36.8181,0.0,0.0,0.0,0.0,0,0,75.91,100.0,25.14,30.6,1718.37,7939.1,1777230682.801,1777230709.731,ok
AWS,server,simultaneous,500,100,3,11.253301,44.4314,0.0,0.0,0.0,0.0,0,0,77.9,100.0,23.9,27.9,1618.36,7939.1,1777230716.828,1777230745.123,ok
AZURE,server,simultaneous,500,100,3,5.362365,93.2424,0.0,0.0,0.0,0.0,0,0,84.05,100.0,23.01,27.9,1548.46,7939.1,1777230716.831,1777230738.935,ok
GCP,server,simultaneous,500,100,3,13.188831,37.9109,0.0,0.0,0.0,0.0,0,0,89.56,100.0,23.82,27.9,1612.04,7939.1,1777230716.824,1777230745.16,ok
AWS,server,simultaneous,500,100,4,10.620177,47.0802,0.0,0.0,0.0,0.0,0,0,84.98,100.0,22.34,28.2,1495.15,7939.1,1777230752.015,1777230776.434,ok
AZURE,server,simultaneous,500,100,4,5.658161,88.3679,0.0,0.0,0.0,0.0,0,0,80.6,100.0,21.23,27.1,1407.13,7939.1,1777230751.994,1777230772.346,ok
GCP,server,simultaneous,500,100,4,13.794191,36.2471,0.0,0.0,0.0,0.0,0,0,75.86,100.0,22.64,28.2,1519.46,7939.1,1777230752.012,1777230780.635,ok
AWS,server,simultaneous,500,100,5,9.170937,54.5201,0.0,0.0,0.0,0.0,0,0,88.81,100.0,22.66,28.3,1520.37,7939.1,1777230787.639,1777230812.142,ok
AZURE,server,simultaneous,500,100,5,4.869104,102.6883,0.0,0.0,0.0,0.0,0,0,81.74,100.0,21.32,28.2,1415.44,7939.1,1777230787.662,1777230805.885,ok
GCP,server,simultaneous,500,100,5,13.289973,37.6223,0.0,0.0,0.0,0.0,0,0,80.87,100.0,22.68,28.3,1522.63,7939.1,1777230787.677,1777230812.277,ok
AWS,server,simultaneous,500,100,6,10.019045,49.905,0.0,0.0,0.0,0.0,0,0,94.55,100.0,22.45,28.0,1504.78,7939.1,1777230819.389,1777230840.87,ok
AZURE,server,simultaneous,500,100,6,5.058947,98.8348,0.0,0.0,0.0,0.0,0,0,86.66,100.0,21.84,27.9,1456.36,7939.1,1777230819.406,1777230838.715,ok
GCP,server,simultaneous,500,100,6,12.720346,39.3071,0.0,0.0,0.0,0.0,0,0,72.29,100.0,22.29,27.9,1492.16,7939.1,1777230819.399,1777230846.974,ok
AWS,server,simultaneous,500,100,7,9.543377,52.3924,0.0,0.0,0.0,0.0,0,0,81.03,100.0,22.42,28.3,1501.05,7939.1,1777230852.958,1777230874.988,ok
AZURE,server,simultaneous,500,100,7,5.266178,94.9455,0.0,0.0,0.0,0.0,0,0,85.01,100.0,21.13,27.1,1400.57,7939.1,1777230852.929,1777230870.934,ok
GCP,server,simultaneous,500,100,7,12.825823,38.9839,0.0,0.0,0.0,0.0,0,0,69.89,100.0,22.51,28.3,1509.47,7939.1,1777230852.97,1777230881.028,ok
AWS,server,simultaneous,500,100,8,10.138732,49.3158,0.0,0.0,0.0,0.0,0,0,89.25,100.0,22.99,28.5,1546.7,7939.1,1777230887.305,1777230910.837,ok
AZURE,server,simultaneous,500,100,8,5.294553,94.4367,0.0,0.0,0.0,0.0,0,0,76.7,100.0,21.98,28.3,1465.96,7939.1,1777230887.414,1777230906.734,ok
GCP,server,simultaneous,500,100,8,13.524471,36.97,0.0,0.0,0.0,0.0,0,0,69.79,100.0,23.01,28.4,1548.09,7939.1,1777230887.431,1777230914.734,ok
AWS,server,simultaneous,500,100,9,9.447192,52.9258,0.0,0.0,0.0,0.0,0,0,76.97,100.0,23.4,29.0,1578.16,7939.1,1777230921.174,1777230945.709,ok
AZURE,server,simultaneous,500,100,9,5.46372,91.5127,0.0,0.0,0.0,0.0,0,0,82.6,100.0,21.67,28.0,1442.21,7939.1,1777230921.202,1777230939.498,ok
GCP,server,simultaneous,500,100,9,13.486688,37.0736,0.0,0.0,0.0,0.0,0,0,76.36,100.0,23.29,29.0,1570.97,7939.1,1777230921.225,1777230949.816,ok
AWS,server,simultaneous,500,100,10,9.542914,52.3949,0.0,0.0,0.0,0.0,0,0,85.5,100.0,22.89,28.3,1538.57,7939.1,1777230955.221,1777230976.337,ok
AZURE,server,simultaneous,500,100,10,4.981639,100.3686,0.0,0.0,0.0,0.0,0,0,86.39,100.0,22.32,28.3,1493.69,7939.1,1777230955.226,1777230974.256,ok
GCP,server,simultaneous,500,100,10,13.470285,37.1187,0.0,0.0,0.0,0.0,0,0,72.34,100.0,22.71,28.3,1525.05,7939.1,1777230955.233,1777230982.353,ok
AWS,presigned,simultaneous,500,100,1,6.844563,73.0507,1.162247,0.172018,1.149126,0.092938,0,0,2.27,4.2,19.58,19.6,1285.4,7939.1,1777231022.281,1777231028.45,ok
AZURE,presigned,simultaneous,500,100,1,13.11075,38.1366,2.385602,0.050956,2.46538,0.233339,0,0,0.93,2.0,19.54,19.6,1283.06,7939.1,1777231022.145,1777231034.445,ok
GCP,presigned,simultaneous,500,100,1,13.298002,37.5996,2.506789,0.436125,2.533017,0.035947,0,0,1.81,3.4,19.53,19.6,1282.03,7939.1,1777231022.557,1777231034.844,ok
AWS,presigned,simultaneous,500,100,2,5.95763,83.926,1.066511,0.161182,1.066578,0.022928,0,0,2.3,5.0,19.37,19.4,1263.97,7939.1,1777231040.975,1777231045.038,ok
AZURE,presigned,simultaneous,500,100,2,13.492289,37.0582,2.719872,0.045787,2.586957,0.184586,0,0,1.13,1.6,19.3,19.4,1261.59,7939.1,1777231040.86,1777231053.05,ok
GCP,presigned,simultaneous,500,100,2,13.364759,37.4118,2.323043,0.432548,2.584868,0.16528,0,0,1.81,3.8,19.3,19.4,1261.61,7939.1,1777231041.247,1777231053.459,ok
AWS,presigned,simultaneous,500,100,3,5.820742,85.8997,1.021015,0.168924,1.028803,0.035836,0,0,1.23,1.9,19.2,19.2,1256.07,7939.1,1777231059.826,1777231063.887,ok
AZURE,presigned,simultaneous,500,100,3,13.539064,36.9302,2.728127,0.04027,2.592642,0.288661,0,0,0.89,1.7,19.24,19.3,1256.1,7939.1,1777231059.675,1777231071.856,ok
GCP,presigned,simultaneous,500,100,3,13.167018,37.9737,2.6101,0.205805,2.544059,0.191457,0,0,1.21,2.7,19.26,19.3,1256.43,7939.1,1777231059.877,1777231072.039,ok
AWS,presigned,simultaneous,500,100,4,6.002382,83.3003,1.122906,0.176644,1.065873,0.042592,0,0,11.8,32.0,19.27,19.3,1257.07,7939.1,1777231078.4,1777231082.467,ok
AZURE,presigned,simultaneous,500,100,4,12.445963,40.1737,2.722047,0.045985,2.376519,0.402624,0,0,1.07,1.7,19.26,19.3,1256.8,7939.1,1777231078.27,1777231090.445,ok
GCP,presigned,simultaneous,500,100,4,13.786997,36.2661,2.514492,0.4468,2.668258,0.254527,0,0,1.61,3.4,19.26,19.3,1256.86,7939.1,1777231078.711,1777231090.89,ok
AWS,presigned,simultaneous,500,100,5,5.790523,86.348,1.018521,0.164404,1.015451,0.007887,0,0,3.63,7.4,19.3,19.3,1256.97,7939.1,1777231097.676,1777231101.739,ok
AZURE,presigned,simultaneous,500,100,5,12.560985,39.8058,2.219672,0.046295,2.406719,0.309367,0,0,1.01,1.7,19.3,19.3,1256.96,7939.1,1777231097.538,1777231109.71,ok
GCP,presigned,simultaneous,500,100,5,13.122596,38.1022,2.517738,0.143696,2.532802,0.016268,0,0,1.14,1.8,19.3,19.3,1257.0,7939.1,1777231097.658,1777231109.844,ok
AWS,presigned,simultaneous,500,100,6,5.886568,84.9391,1.065235,0.342079,1.036603,0.024508,0,0,15.33,21.9,36.77,51.0,2646.97,7939.1,1777231116.128,1777231120.198,ok
AZURE,presigned,simultaneous,500,100,6,13.011506,38.4275,2.464802,0.059287,2.426101,0.210729,0,0,20.99,34.9,45.2,66.2,3316.53,7939.1,1777231115.852,1777231128.241,ok
GCP,presigned,simultaneous,500,100,6,14.009607,35.6898,2.589012,0.191098,2.651997,0.108257,0,0,17.79,33.2,43.64,66.8,3193.7,7939.1,1777231115.988,1777231128.466,ok
AWS,presigned,simultaneous,500,100,7,5.954597,83.9687,1.019196,0.183407,1.033665,0.012347,0,0,8.0,20.7,22.97,23.5,1552.37,7939.1,1777231135.227,1777231139.291,ok
AZURE,presigned,simultaneous,500,100,7,13.987025,35.7474,2.703262,0.050872,2.612074,0.13024,0,0,2.06,6.0,22.2,23.5,1490.84,7939.1,1777231135.074,1777231147.26,ok
GCP,presigned,simultaneous,500,100,7,13.333354,37.4999,2.253426,0.459979,2.447685,0.200984,0,0,2.8,8.7,22.07,23.3,1480.14,7939.1,1777231135.51,1777231147.708,ok
AWS,presigned,simultaneous,500,100,8,5.843408,85.5665,1.007741,0.164972,1.021676,0.03633,0,0,2.53,4.5,19.9,20.2,1309.3,7939.1,1777231154.248,1777231158.302,ok
AZURE,presigned,simultaneous,500,100,8,12.636563,39.5677,2.272926,0.04877,2.411382,0.353917,0,0,1.47,2.1,19.73,20.2,1293.84,7939.1,1777231154.121,1777231166.306,ok
GCP,presigned,simultaneous,500,100,8,13.569546,36.8472,2.524922,0.441668,2.606787,0.125033,0,0,2.1,3.7,19.7,20.1,1290.71,7939.1,1777231154.523,1777231166.721,ok
AWS,presigned,simultaneous,500,100,9,5.744881,87.034,1.036204,0.162789,1.015166,0.01647,0,0,1.2,1.5,19.5,19.5,1272.47,7939.1,1777231173.265,1777231177.332,ok
AZURE,presigned,simultaneous,500,100,9,12.016077,41.6109,2.152395,0.041793,2.299266,0.1268,0,0,1.48,2.4,19.48,19.5,1272.32,7939.1,1777231173.147,1777231183.293,ok
GCP,presigned,simultaneous,500,100,9,13.959608,35.8176,2.875945,0.435068,2.714363,0.137505,0,0,2.04,5.3,19.47,19.5,1272.23,7939.1,1777231173.543,1777231185.74,ok
AWS,presigned,simultaneous,500,100,10,5.967817,83.7827,1.014877,0.166308,1.06084,0.081887,0,0,1.03,1.7,19.33,19.4,1264.23,7939.1,1777231192.703,1777231196.772,ok
AZURE,presigned,simultaneous,500,100,10,13.169252,37.9672,2.642312,0.048166,2.525335,0.114384,0,0,1.24,2.9,19.31,19.4,1262.83,7939.1,1777231192.575,1777231204.753,ok
GCP,presigned,simultaneous,500,100,10,13.444447,37.1901,2.618495,0.136599,2.592216,0.172642,0,0,3.54,13.6,19.31,19.4,1262.16,7939.1,1777231192.674,1777231204.872,ok
AWS,server,simultaneous,1024,5,1,21.217249,48.2626,0.0,0.0,0.0,0.0,0,0,81.22,100.0,20.33,20.9,1321.84,7939.1,1777231564.412,1777231612.379,ok
AZURE,server,simultaneous,1024,5,1,10.492241,97.5959,0.0,0.0,0.0,0.0,0,0,85.95,100.0,20.21,20.9,1313.11,7939.1,1777231564.416,1777231600.188,ok
GCP,server,simultaneous,1024,5,1,143.196231,7.151,0.0,0.0,0.0,0.0,0,0,26.22,100.0,21.6,67.6,1425.87,7939.1,1777231564.423,1777231736.033,ok
AWS,server,simultaneous,1024,5,2,22.961497,44.5964,0.0,0.0,0.0,0.0,0,0,78.73,100.0,20.88,24.3,1366.78,7939.1,1777231741.813,1777231800.473,ok
AZURE,server,simultaneous,1024,5,2,9.528769,107.464,0.0,0.0,0.0,0.0,0,0,80.11,100.0,20.89,24.3,1370.09,7939.1,1777231741.814,1777231788.247,ok
GCP,server,simultaneous,1024,5,2,147.006706,6.9657,0.0,0.0,0.0,0.0,0,0,29.76,100.0,20.22,24.3,1315.62,7939.1,1777231741.822,1777231924.238,ok
AWS,server,simultaneous,1024,5,3,21.307921,48.0572,0.0,0.0,0.0,0.0,0,0,81.03,100.0,20.51,21.0,1335.86,7939.1,1777231930.512,1777231978.448,ok
AZURE,server,simultaneous,1024,5,3,10.164352,100.7442,0.0,0.0,0.0,0.0,0,0,89.93,100.0,20.39,20.9,1328.61,7939.1,1777231930.543,1777231968.327,ok
GCP,server,simultaneous,1024,5,3,129.535564,7.9052,0.0,0.0,0.0,0.0,0,0,27.26,100.0,20.11,21.0,1305.89,7939.1,1777231930.541,1777232088.065,ok
AWS,server,simultaneous,1024,5,4,21.497225,47.6341,0.0,0.0,0.0,0.0,0,0,89.0,100.0,20.52,21.1,1336.76,7939.1,1777232093.68,1777232144.78,ok
AZURE,server,simultaneous,1024,5,4,10.631475,96.3178,0.0,0.0,0.0,0.0,0,0,83.04,100.0,20.4,21.1,1329.21,7939.1,1777232093.678,1777232134.545,ok
GCP,server,simultaneous,1024,5,4,143.814149,7.1203,0.0,0.0,0.0,0.0,0,0,25.82,100.0,20.17,21.1,1311.43,7939.1,1777232093.701,1777232266.427,ok
AWS,server,simultaneous,1024,5,5,22.069217,46.3995,0.0,0.0,0.0,0.0,0,0,95.82,100.0,20.64,21.2,1346.08,7939.1,1777232272.009,1777232319.897,ok
AZURE,server,simultaneous,1024,5,5,10.92287,93.7483,0.0,0.0,0.0,0.0,0,0,83.33,100.0,20.54,21.2,1339.15,7939.1,1777232272.004,1777232311.641,ok
GCP,server,simultaneous,1024,5,5,141.989495,7.2118,0.0,0.0,0.0,0.0,0,0,28.37,100.0,23.3,78.3,1559.18,7939.1,1777232272.012,1777232441.65,ok
AWS,server,simultaneous,1024,5,6,21.762007,47.0545,0.0,0.0,0.0,0.0,0,0,75.91,100.0,20.51,21.1,1337.72,7939.1,1777232448.472,1777232505.138,ok
AZURE,server,simultaneous,1024,5,6,11.00799,93.0233,0.0,0.0,0.0,0.0,0,0,79.76,100.0,20.4,21.0,1330.99,7939.1,1777232448.463,1777232492.948,ok
GCP,server,simultaneous,1024,5,6,128.316231,7.9803,0.0,0.0,0.0,0.0,0,0,28.91,100.0,20.38,21.1,1326.77,7939.1,1777232448.47,1777232614.61,ok
AWS,server,simultaneous,1024,5,7,22.372059,45.7714,0.0,0.0,0.0,0.0,0,0,85.18,100.0,20.92,21.5,1367.27,7939.1,1777232619.922,1777232667.72,ok
AZURE,server,simultaneous,1024,5,7,10.739828,95.346,0.0,0.0,0.0,0.0,0,0,86.29,100.0,20.82,21.5,1362.37,7939.1,1777232619.927,1777232655.539,ok
GCP,server,simultaneous,1024,5,7,130.249282,7.8618,0.0,0.0,0.0,0.0,0,0,26.35,100.0,20.43,21.5,1330.14,7939.1,1777232619.925,1777232779.196,ok
AWS,server,simultaneous,1024,5,8,21.761234,47.0562,0.0,0.0,0.0,0.0,0,0,85.32,100.0,20.53,20.8,1336.96,7939.1,1777232785.15,1777232836.136,ok
AZURE,server,simultaneous,1024,5,8,10.656438,96.0921,0.0,0.0,0.0,0.0,0,0,85.94,100.0,20.55,20.8,1340.73,7939.1,1777232785.178,1777232823.946,ok
GCP,server,simultaneous,1024,5,8,145.507057,7.0375,0.0,0.0,0.0,0.0,0,0,25.96,100.0,20.79,54.5,1360.26,7939.1,1777232785.17,1777232957.734,ok
AWS,server,simultaneous,1024,5,9,21.90834,46.7402,0.0,0.0,0.0,0.0,0,0,83.72,100.0,20.71,24.6,1352.6,7939.1,1777232964.432,1777233022.148,ok
AZURE,server,simultaneous,1024,5,9,11.15019,91.837,0.0,0.0,0.0,0.0,0,0,83.1,100.0,20.73,24.6,1357.13,7939.1,1777232964.433,1777233009.919,ok
GCP,server,simultaneous,1024,5,9,132.373303,7.7357,0.0,0.0,0.0,0.0,0,0,31.29,100.0,19.99,24.6,1296.41,7939.1,1777232964.438,1777233133.719,ok
AWS,server,simultaneous,1024,5,10,21.543305,47.5322,0.0,0.0,0.0,0.0,0,0,84.64,100.0,20.19,20.7,1310.54,7939.1,1777233138.981,1777233189.034,ok
AZURE,server,simultaneous,1024,5,10,10.564422,96.9291,0.0,0.0,0.0,0.0,0,0,84.2,100.0,20.12,20.8,1306.85,7939.1,1777233138.98,1777233178.737,ok
GCP,server,simultaneous,1024,5,10,126.494352,8.0952,0.0,0.0,0.0,0.0,0,0,28.93,100.0,19.89,20.8,1289.25,7939.1,1777233138.978,1777233292.602,ok
AWS,presigned,simultaneous,1024,5,1,36.328855,28.187,0.20477,0.341386,0.172691,0.132027,0,0,1.37,3.5,14.33,14.4,867.34,7939.1,1777233711.316,1777233745.789,ok
AZURE,presigned,simultaneous,1024,5,1,54.558268,18.7689,0.215527,0.060383,0.261987,0.075229,0,0,0.6,1.5,14.32,14.4,866.46,7939.1,1777233711.03,1777233763.768,ok
GCP,presigned,simultaneous,1024,5,1,206.461761,4.9598,1.077881,0.543542,1.00527,0.107816,0,0,1.21,50.3,12.4,14.4,712.44,7939.1,1777233711.531,1777233917.195,ok
AWS,presigned,simultaneous,1024,5,2,34.076159,30.0503,0.148734,0.37462,0.161683,0.109638,0,0,5.3,76.1,11.5,11.5,637.7,7939.1,1777233923.376,1777233955.829,ok
AZURE,presigned,simultaneous,1024,5,2,52.167954,19.6289,0.329842,0.047873,0.250847,0.066988,0,0,0.83,3.9,11.5,11.5,637.67,7939.1,1777233923.044,1777233973.756,ok
GCP,presigned,simultaneous,1024,5,2,192.299268,5.325,0.987557,0.467529,0.936188,0.143842,0,0,0.66,4.8,11.5,11.5,637.64,7939.1,1777233923.469,1777234114.175,ok
AWS,presigned,simultaneous,1024,5,3,34.381396,29.7835,0.209695,0.308662,0.163167,0.111424,0,0,2.22,6.1,11.5,11.5,637.96,7939.1,1777234121.083,1777234153.541,ok
AZURE,presigned,simultaneous,1024,5,3,49.083459,20.8624,0.337545,0.044154,0.235649,0.065676,0,0,0.68,2.3,11.5,11.5,638.04,7939.1,1777234120.816,1777234169.506,ok
GCP,presigned,simultaneous,1024,5,3,197.231621,5.1919,0.744046,0.147677,0.960128,0.136778,0,0,0.66,5.9,11.46,11.5,636.99,7939.1,1777234120.93,1777234318.007,ok
AWS,presigned,simultaneous,1024,5,4,40.122036,25.5221,0.14716,0.560738,0.190677,0.136115,0,0,1.3,5.1,11.5,11.5,637.92,7939.1,1777234323.746,1777234362.426,ok
AZURE,presigned,simultaneous,1024,5,4,52.648779,19.4496,0.272205,0.047992,0.252504,0.068311,0,0,3.58,51.4,11.46,11.5,635.47,7939.1,1777234323.218,1777234375.21,ok
GCP,presigned,simultaneous,1024,5,4,184.092581,5.5624,1.011458,0.621272,0.895671,0.155096,0,0,1.5,35.5,10.74,11.5,579.31,7939.1,1777234323.815,1777234506.694,ok
AWS,presigned,simultaneous,1024,5,5,38.295372,26.7395,0.158669,0.378408,0.18188,0.132592,0,0,1.51,10.9,10.43,10.5,557.17,7939.1,1777234513.286,1777234549.855,ok
AZURE,presigned,simultaneous,1024,5,5,49.942443,20.5036,0.243771,0.050813,0.23959,0.051837,0,0,0.93,3.0,10.44,10.5,557.22,7939.1,1777234512.954,1777234561.709,ok
GCP,presigned,simultaneous,1024,5,5,197.045487,5.1968,0.809442,0.75547,0.95925,0.134248,0,0,0.57,4.2,10.49,10.5,558.92,7939.1,1777234513.668,1777234710.512,ok
AWS,presigned,simultaneous,1024,5,6,41.270919,24.8117,0.176523,0.313598,0.196819,0.214554,0,0,1.01,2.1,10.5,10.5,558.02,7939.1,1777234716.033,1777234756.633,ok
AZURE,presigned,simultaneous,1024,5,6,49.751003,20.5825,0.232983,0.054242,0.238799,0.070732,0,0,0.61,1.6,10.5,10.5,558.15,7939.1,1777234715.767,1777234764.46,ok
GCP,presigned,simultaneous,1024,5,6,192.560039,5.3178,1.021129,0.452012,0.937415,0.139969,0,0,0.83,8.3,10.5,10.5,559.25,7939.1,1777234716.172,1777234906.785,ok
AWS,presigned,simultaneous,1024,5,7,37.543342,27.2751,0.149887,0.367053,0.178355,0.154999,0,0,5.02,76.2,10.5,10.5,561.85,7939.1,1777234914.108,1777234950.628,ok
AZURE,presigned,simultaneous,1024,5,7,47.853073,21.3988,0.483944,0.056034,0.229627,0.061746,0,0,0.84,1.6,10.5,10.5,562.27,7939.1,1777234913.793,1777234960.463,ok
GCP,presigned,simultaneous,1024,5,7,182.520364,5.6103,0.849032,0.470989,0.888557,0.147977,0,0,0.61,9.5,10.5,10.5,562.73,7939.1,1777234914.217,1777235095.789,ok
AWS,presigned,simultaneous,1024,5,8,36.517612,28.0413,0.226831,0.362853,0.172881,0.096173,0,0,0.8,1.6,10.5,10.5,562.03,7939.1,1777235102.112,1777235136.636,ok
AZURE,presigned,simultaneous,1024,5,8,48.681937,21.0345,0.276769,0.049739,0.233146,0.064809,0,0,0.62,1.7,10.5,10.5,562.17,7939.1,1777235101.798,1777235148.483,ok
GCP,presigned,simultaneous,1024,5,8,191.12505,5.3577,1.059616,0.560958,0.929907,0.140777,0,0,1.05,38.0,10.5,10.5,561.6,7939.1,1777235102.311,1777235293.041,ok
AWS,presigned,simultaneous,1024,5,9,36.631998,27.9537,0.144861,0.340856,0.174046,0.124552,0,0,4.34,58.6,10.5,10.5,560.15,7939.1,1777235298.785,1777235335.326,ok
AZURE,presigned,simultaneous,1024,5,9,48.888891,20.9455,0.179385,0.053599,0.234572,0.058328,0,0,0.62,1.6,10.5,10.5,560.26,7939.1,1777235298.502,1777235347.194,ok
GCP,presigned,simultaneous,1024,5,9,193.8605,5.2821,0.692349,0.552256,0.943848,0.135813,0,0,0.6,4.3,10.5,10.5,560.26,7939.1,1777235299.004,1777235491.784,ok
AWS,presigned,simultaneous,1024,5,10,37.781478,27.1032,0.143533,0.284851,0.179507,0.130217,0,0,2.59,9.1,10.5,10.5,560.24,7939.1,1777235498.164,1777235534.777,ok
AZURE,presigned,simultaneous,1024,5,10,51.904549,19.7285,0.184819,0.057598,0.24929,0.058981,0,0,0.8,3.4,10.5,10.6,560.59,7939.1,1777235497.932,1777235548.714,ok
GCP,presigned,simultaneous,1024,5,10,200.645957,5.1035,1.043202,0.216492,0.976853,0.128474,0,0,0.66,6.7,10.55,10.6,563.25,7939.1,1777235498.103,1777235697.019,ok
AWS,server,simultaneous,1024,8,1,22.451462,45.6095,0.0,0.0,0.0,0.0,0,0,80.81,100.0,12.29,13.4,682.93,7939.1,1777236032.191,1777236081.034,ok
AZURE,server,simultaneous,1024,8,1,9.935812,103.0615,0.0,0.0,0.0,0.0,0,0,85.8,100.0,12.04,13.4,664.74,7939.1,1777236032.204,1777236070.844,ok
GCP,server,simultaneous,1024,8,1,91.358051,11.2086,0.0,0.0,0.0,0.0,0,0,37.49,100.0,12.71,13.4,719.68,7939.1,1777236032.249,1777236154.111,ok
AWS,server,simultaneous,1024,8,2,22.961529,44.5963,0.0,0.0,0.0,0.0,0,0,80.6,100.0,14.04,15.1,821.24,7939.1,1777236159.632,1777236208.267,ok
AZURE,server,simultaneous,1024,8,2,10.825346,94.5928,0.0,0.0,0.0,0.0,0,0,83.32,100.0,13.87,15.1,808.88,7939.1,1777236159.648,1777236199.96,ok
GCP,server,simultaneous,1024,8,2,100.456474,10.1935,0.0,0.0,0.0,0.0,0,0,35.81,100.0,13.79,15.1,805.91,7939.1,1777236159.658,1777236287.409,ok
AWS,server,simultaneous,1024,8,3,22.11351,46.3065,0.0,0.0,0.0,0.0,0,0,83.99,100.0,14.31,15.5,844.36,7939.1,1777236293.119,1777236338.878,ok
AZURE,server,simultaneous,1024,8,3,11.193185,91.4842,0.0,0.0,0.0,0.0,0,0,84.07,100.0,14.23,15.4,838.83,7939.1,1777236293.126,1777236330.64,ok
GCP,server,simultaneous,1024,8,3,88.262441,11.6018,0.0,0.0,0.0,0.0,0,0,40.2,100.0,19.05,77.1,1222.51,7939.1,1777236293.131,1777236409.823,ok
AWS,server,simultaneous,1024,8,4,23.117279,44.2959,0.0,0.0,0.0,0.0,0,0,83.0,100.0,14.88,17.1,889.24,7939.1,1777236415.846,1777236472.178,ok
AZURE,server,simultaneous,1024,8,4,10.869582,94.2079,0.0,0.0,0.0,0.0,0,0,83.64,100.0,14.71,17.1,878.71,7939.1,1777236415.849,1777236458.003,ok
GCP,server,simultaneous,1024,8,4,89.97214,11.3813,0.0,0.0,0.0,0.0,0,0,38.63,100.0,14.67,17.1,873.42,7939.1,1777236415.853,1777236541.089,ok
AWS,server,simultaneous,1024,8,5,20.631684,49.6324,0.0,0.0,0.0,0.0,0,0,79.74,100.0,15.27,16.4,919.72,7939.1,1777236547.29,1777236594.835,ok
AZURE,server,simultaneous,1024,8,5,10.689136,95.7982,0.0,0.0,0.0,0.0,0,0,87.52,100.0,15.06,16.4,905.32,7939.1,1777236547.288,1777236582.805,ok
GCP,server,simultaneous,1024,8,5,87.988093,11.6379,0.0,0.0,0.0,0.0,0,0,36.2,100.0,15.03,16.4,904.66,7939.1,1777236547.324,1777236659.837,ok
AWS,server,simultaneous,1024,8,6,20.96573,48.8416,0.0,0.0,0.0,0.0,0,0,82.94,100.0,15.52,16.5,939.86,7939.1,1777236666.44,1777236714.158,ok
AZURE,server,simultaneous,1024,8,6,9.995267,102.4485,0.0,0.0,0.0,0.0,0,0,83.01,100.0,15.52,16.5,941.47,7939.1,1777236666.456,1777236701.913,ok
GCP,server,simultaneous,1024,8,6,88.341511,11.5914,0.0,0.0,0.0,0.0,0,0,36.86,100.0,15.02,16.5,903.95,7939.1,1777236666.458,1777236781.054,ok
AWS,server,simultaneous,1024,8,7,20.74027,49.3725,0.0,0.0,0.0,0.0,0,0,81.5,100.0,15.22,16.0,916.05,7939.1,1777236786.285,1777236834.95,ok
AZURE,server,simultaneous,1024,8,7,9.948707,102.9279,0.0,0.0,0.0,0.0,0,0,83.39,100.0,15.0,15.7,900.58,7939.1,1777236786.281,1777236822.69,ok
GCP,server,simultaneous,1024,8,7,85.923107,11.9176,0.0,0.0,0.0,0.0,0,0,40.79,100.0,14.92,16.0,896.13,7939.1,1777236786.285,1777236895.847,ok
AWS,server,simultaneous,1024,8,8,23.820156,42.9888,0.0,0.0,0.0,0.0,0,0,80.73,100.0,15.24,16.1,917.56,7939.1,1777236902.149,1777236953.763,ok
AZURE,server,simultaneous,1024,8,8,11.28086,90.7732,0.0,0.0,0.0,0.0,0,0,92.07,100.0,15.11,16.1,909.19,7939.1,1777236902.15,1777236939.615,ok
GCP,server,simultaneous,1024,8,8,100.774528,10.1613,0.0,0.0,0.0,0.0,0,0,37.16,100.0,18.82,72.0,1203.78,7939.1,1777236902.147,1777237032.802,ok
AWS,server,simultaneous,1024,8,9,23.635169,43.3253,0.0,0.0,0.0,0.0,0,0,82.48,100.0,15.68,16.8,953.91,7939.1,1777237038.408,1777237093.786,ok
AZURE,server,simultaneous,1024,8,9,11.63632,88.0003,0.0,0.0,0.0,0.0,0,0,81.06,100.0,15.51,16.7,941.08,7939.1,1777237038.408,1777237081.453,ok
GCP,server,simultaneous,1024,8,9,90.967075,11.2568,0.0,0.0,0.0,0.0,0,0,38.78,100.0,15.47,16.8,937.59,7939.1,1777237038.421,1777237162.834,ok
AWS,server,simultaneous,1024,8,10,21.698236,47.1928,0.0,0.0,0.0,0.0,0,0,84.6,100.0,15.79,16.6,961.34,7939.1,1777237168.392,1777237214.119,ok
AZURE,server,simultaneous,1024,8,10,10.848177,94.3937,0.0,0.0,0.0,0.0,0,0,98.28,100.0,15.66,16.6,951.92,7939.1,1777237168.397,1777237206.035,ok
GCP,server,simultaneous,1024,8,10,101.858524,10.0532,0.0,0.0,0.0,0.0,0,0,30.78,100.0,15.87,16.6,968.74,7939.1,1777237168.397,1777237299.248,ok
AWS,presigned,simultaneous,1024,8,1,25.328086,40.4294,0.178946,0.306388,0.191634,0.041421,0,0,1.3,7.3,15.3,15.3,942.81,7939.1,1777237577.778,1777237602.13,ok
AZURE,presigned,simultaneous,1024,8,1,39.405322,25.9863,0.344007,0.052124,0.303385,0.088862,0,0,0.77,2.2,15.3,15.3,942.88,7939.1,1777237577.528,1777237616.064,ok
GCP,presigned,simultaneous,1024,8,1,123.583413,8.2859,1.067816,0.581633,0.962849,0.143434,0,0,2.88,26.1,20.09,73.5,1323.44,7939.1,1777237578.061,1777237699.792,ok
AWS,presigned,simultaneous,1024,8,2,28.642307,35.7513,0.791376,0.31162,0.217628,0.156928,0,0,8.01,40.0,15.8,15.8,981.84,7939.1,1777237706.972,1777237735.376,ok
AZURE,presigned,simultaneous,1024,8,2,39.345817,26.0256,0.281858,0.057536,0.302351,0.082805,0,0,0.76,2.7,15.8,15.8,981.79,7939.1,1777237706.715,1777237745.28,ok
GCP,presigned,simultaneous,1024,8,2,122.308058,8.3723,0.777914,0.282839,0.9526,0.149082,0,0,0.54,2.4,15.72,15.8,974.42,7939.1,1777237706.945,1777237828.735,ok
AWS,presigned,simultaneous,1024,8,3,33.342301,30.7117,0.170585,0.282566,0.254249,0.268306,0,0,1.47,7.3,15.5,15.5,956.76,7939.1,1777237834.544,1777237867.0,ok
AZURE,presigned,simultaneous,1024,8,3,37.610008,27.2268,0.340254,0.043402,0.288735,0.06208,0,0,0.75,2.7,15.5,15.5,956.78,7939.1,1777237834.301,1777237870.818,ok
GCP,presigned,simultaneous,1024,8,3,125.445966,8.1629,0.743748,0.565005,0.97733,0.15479,0,0,0.72,2.4,15.48,15.5,955.93,7939.1,1777237834.83,1777237958.606,ok
AWS,presigned,simultaneous,1024,8,4,35.182697,29.1052,0.180295,0.258529,0.269066,0.334526,0,0,4.02,39.0,15.5,15.5,955.39,7939.1,1777237965.545,1777238000.027,ok
AZURE,presigned,simultaneous,1024,8,4,37.737874,27.1345,0.248005,0.050662,0.289401,0.067953,0,0,0.81,2.5,15.5,15.5,955.41,7939.1,1777237965.337,1777238001.862,ok
GCP,presigned,simultaneous,1024,8,4,113.13206,9.0514,0.825092,0.442722,0.880936,0.132736,0,0,0.97,5.2,15.5,15.5,955.73,7939.1,1777237965.74,1777238077.392,ok
AWS,presigned,simultaneous,1024,8,5,34.306241,29.8488,0.318726,0.368228,0.261032,0.141577,0,0,4.83,42.1,15.5,15.5,956.84,7939.1,1777238084.249,1777238116.798,ok
AZURE,presigned,simultaneous,1024,8,5,40.568529,25.2412,0.321986,0.053205,0.31104,0.066589,0,0,0.81,2.4,15.5,15.5,956.96,7939.1,1777238083.934,1777238122.616,ok
GCP,presigned,simultaneous,1024,8,5,113.55071,9.018,0.765666,0.154674,0.884166,0.128597,0,0,0.94,7.5,15.5,15.5,957.35,7939.1,1777238084.051,1777238195.964,ok
AWS,presigned,simultaneous,1024,8,6,31.712275,32.2903,0.600029,0.294238,0.241617,0.23456,0,0,1.9,6.7,15.5,15.5,957.61,7939.1,1777238202.889,1777238233.323,ok
AZURE,presigned,simultaneous,1024,8,6,38.63701,26.5031,0.266904,0.057388,0.297432,0.062274,0,0,0.98,4.1,15.5,15.5,957.68,7939.1,1777238202.657,1777238241.219,ok
GCP,presigned,simultaneous,1024,8,6,115.69616,8.8508,1.209753,0.577002,0.901187,0.141115,0,0,0.68,3.8,15.5,15.5,957.51,7939.1,1777238203.182,1777238318.855,ok
AWS,presigned,simultaneous,1024,8,7,28.368564,36.0963,0.196514,0.273069,0.215472,0.157349,0,0,4.56,39.5,15.5,15.5,956.62,7939.1,1777238324.173,1777238350.544,ok
AZURE,presigned,simultaneous,1024,8,7,38.9942,26.2603,0.332407,0.056094,0.299558,0.063274,0,0,0.64,2.7,15.5,15.5,956.65,7939.1,1777238323.955,1777238362.522,ok
GCP,presigned,simultaneous,1024,8,7,115.730983,8.8481,1.117741,0.435759,0.901527,0.139863,0,0,0.81,5.6,15.5,15.5,956.68,7939.1,1777238324.342,1777238439.983,ok
AWS,presigned,simultaneous,1024,8,8,27.922718,36.6726,0.179478,0.307664,0.212021,0.132288,0,0,1.59,5.8,15.5,15.5,956.69,7939.1,1777238445.393,1777238471.78,ok
AZURE,presigned,simultaneous,1024,8,8,37.908611,27.0123,0.262485,0.041988,0.29112,0.066313,0,0,0.75,3.1,15.5,15.5,956.63,7939.1,1777238445.121,1777238481.623,ok
GCP,presigned,simultaneous,1024,8,8,124.197762,8.2449,1.10148,0.760564,0.967509,0.161222,0,0,0.57,3.4,15.46,15.5,955.62,7939.1,1777238445.849,1777238569.57,ok
AWS,presigned,simultaneous,1024,8,9,31.922399,32.0778,0.954895,0.241402,0.243507,0.190864,0,0,3.67,12.5,15.43,15.5,954.65,7939.1,1777238575.295,1777238605.724,ok
AZURE,presigned,simultaneous,1024,8,9,39.139848,26.1626,0.326224,0.051143,0.300805,0.07277,0,0,0.68,1.7,15.44,15.5,954.9,7939.1,1777238575.101,1777238613.648,ok
GCP,presigned,simultaneous,1024,8,9,114.125041,8.9726,1.072987,0.146074,0.888832,0.1395,0,0,1.58,42.9,15.48,15.5,956.19,7939.1,1777238575.203,1777238688.816,ok
AWS,presigned,simultaneous,1024,8,10,27.067417,37.8315,0.167109,0.33576,0.205486,0.069371,0,0,4.6,30.9,14.96,15.5,916.69,7939.1,1777238694.673,1777238721.037,ok
AZURE,presigned,simultaneous,1024,8,10,37.341993,27.4222,0.26142,0.04928,0.2864,0.064628,0,0,5.36,52.2,14.92,15.5,913.74,7939.1,1777238694.384,1777238729.833,ok
GCP,presigned,simultaneous,1024,8,10,118.165007,8.6658,0.815945,0.548614,0.920491,0.150516,0,0,0.95,19.9,14.49,15.5,879.31,7939.1,1777238694.895,1777238812.539,ok
AWS,server,simultaneous,1024,10,1,21.58579,47.4386,0.0,0.0,0.0,0.0,0,0,81.21,100.0,13.94,14.7,813.3,7939.1,1777239093.052,1777239143.36,ok
AZURE,server,simultaneous,1024,10,1,11.180148,91.5909,0.0,0.0,0.0,0.0,0,0,74.58,100.0,13.93,14.7,813.76,7939.1,1777239093.064,1777239135.421,ok
GCP,server,simultaneous,1024,10,1,73.859307,13.8642,0.0,0.0,0.0,0.0,0,0,36.68,100.0,12.78,14.7,724.28,7939.1,1777239093.059,1777239198.237,ok
AWS,server,simultaneous,1024,10,2,23.819852,42.9894,0.0,0.0,0.0,0.0,0,0,80.78,100.0,13.09,14.4,745.59,7939.1,1777239205.222,1777239254.969,ok
AZURE,server,simultaneous,1024,10,2,10.518089,97.3561,0.0,0.0,0.0,0.0,0,0,83.86,100.0,12.78,14.4,725.19,7939.1,1777239205.212,1777239242.787,ok
GCP,server,simultaneous,1024,10,2,85.874531,11.9244,0.0,0.0,0.0,0.0,0,0,41.09,100.0,13.5,14.4,781.03,7939.1,1777239205.233,1777239317.938,ok
AWS,server,simultaneous,1024,10,3,21.580483,47.4503,0.0,0.0,0.0,0.0,0,0,87.19,100.0,14.95,16.3,893.77,7939.1,1777239324.893,1777239370.618,ok
AZURE,server,simultaneous,1024,10,3,10.367856,98.7668,0.0,0.0,0.0,0.0,0,0,88.28,100.0,14.69,16.2,875.7,7939.1,1777239324.901,1777239362.375,ok
GCP,server,simultaneous,1024,10,3,76.501491,13.3854,0.0,0.0,0.0,0.0,0,0,39.11,100.0,14.93,16.2,895.1,7939.1,1777239324.896,1777239427.428,ok
AWS,server,simultaneous,1024,10,4,27.781425,36.8592,0.0,0.0,0.0,0.0,0,0,85.99,100.0,22.15,54.0,1464.63,7939.1,1777239434.405,1777239488.482,ok
AZURE,server,simultaneous,1024,10,4,10.747158,95.281,0.0,0.0,0.0,0.0,0,0,94.22,100.0,15.04,16.3,903.03,7939.1,1777239434.412,1777239470.09,ok
GCP,server,simultaneous,1024,10,4,81.562649,12.5548,0.0,0.0,0.0,0.0,0,0,47.03,100.0,21.03,73.3,1377.75,7939.1,1777239434.412,1777239543.259,ok
AWS,server,simultaneous,1024,10,5,20.734438,49.3864,0.0,0.0,0.0,0.0,0,0,87.92,100.0,15.17,16.0,912.52,7939.1,1777239549.355,1777239602.89,ok
AZURE,server,simultaneous,1024,10,5,9.866673,103.7837,0.0,0.0,0.0,0.0,0,0,82.43,100.0,14.96,16.0,897.5,7939.1,1777239549.35,1777239590.545,ok
GCP,server,simultaneous,1024,10,5,84.671145,12.0938,0.0,0.0,0.0,0.0,0,0,43.29,100.0,15.01,16.0,902.79,7939.1,1777239549.36,1777239661.687,ok
AWS,server,simultaneous,1024,10,6,20.806297,49.2159,0.0,0.0,0.0,0.0,0,0,83.46,100.0,15.51,16.5,939.47,7939.1,1777239668.82,1777239714.458,ok
AZURE,server,simultaneous,1024,10,6,9.726036,105.2844,0.0,0.0,0.0,0.0,0,0,85.46,100.0,15.31,16.5,924.53,7939.1,1777239668.82,1777239706.296,ok
GCP,server,simultaneous,1024,10,6,84.623929,12.1006,0.0,0.0,0.0,0.0,0,0,38.38,100.0,15.55,16.5,944.24,7939.1,1777239668.826,1777239779.415,ok
AWS,server,simultaneous,1024,10,7,20.957128,48.8617,0.0,0.0,0.0,0.0,0,0,81.41,100.0,16.19,17.2,993.07,7939.1,1777239785.687,1777239833.28,ok
AZURE,server,simultaneous,1024,10,7,10.387072,98.5841,0.0,0.0,0.0,0.0,0,0,89.59,100.0,15.94,17.2,975.41,7939.1,1777239785.705,1777239821.064,ok
GCP,server,simultaneous,1024,10,7,88.148323,11.6168,0.0,0.0,0.0,0.0,0,0,38.24,100.0,15.67,17.2,953.24,7939.1,1777239785.709,1777239900.264,ok
AWS,server,simultaneous,1024,10,8,20.706369,49.4534,0.0,0.0,0.0,0.0,0,0,82.24,100.0,16.17,17.2,990.03,7939.1,1777239906.965,1777239954.441,ok
AZURE,server,simultaneous,1024,10,8,10.224305,100.1535,0.0,0.0,0.0,0.0,0,0,82.54,100.0,15.85,17.2,967.33,7939.1,1777239906.961,1777239942.342,ok
GCP,server,simultaneous,1024,10,8,71.133958,14.3954,0.0,0.0,0.0,0.0,0,0,44.28,100.0,15.89,17.2,970.65,7939.1,1777239906.967,1777240005.158,ok
AWS,server,simultaneous,1024,10,9,20.765352,49.3129,0.0,0.0,0.0,0.0,0,0,83.9,100.0,16.15,17.2,989.98,7939.1,1777240011.559,1777240059.325,ok
AZURE,server,simultaneous,1024,10,9,10.905048,93.9015,0.0,0.0,0.0,0.0,0,0,85.06,100.0,15.88,17.2,971.15,7939.1,1777240011.554,1777240047.106,ok
GCP,server,simultaneous,1024,10,9,78.882918,12.9813,0.0,0.0,0.0,0.0,0,0,44.58,100.0,20.45,78.2,1334.36,7939.1,1777240011.56,1777240116.267,ok
AWS,server,simultaneous,1024,10,10,20.627731,49.6419,0.0,0.0,0.0,0.0,0,0,77.41,100.0,16.11,17.3,988.31,7939.1,1777240122.522,1777240178.139,ok
AZURE,server,simultaneous,1024,10,10,10.757339,95.1908,0.0,0.0,0.0,0.0,0,0,78.99,100.0,15.85,17.2,970.65,7939.1,1777240122.519,1777240165.985,ok
GCP,server,simultaneous,1024,10,10,83.218647,12.3049,0.0,0.0,0.0,0.0,0,0,38.41,100.0,15.83,17.3,966.37,7939.1,1777240122.535,1777240243.026,ok
AWS,presigned,simultaneous,1024,10,1,23.032313,44.4593,0.251661,0.284473,0.216267,0.060257,0,0,4.7,12.9,13.7,13.7,818.52,7939.1,1777240457.458,1777240479.784,ok
AZURE,presigned,simultaneous,1024,10,1,38.021813,26.9319,0.439951,0.079529,0.362991,0.085925,0,0,0.76,2.7,13.7,13.7,818.52,7939.1,1777240457.261,1777240493.836,ok
GCP,presigned,simultaneous,1024,10,1,98.900082,10.3539,1.153748,0.186886,0.956592,0.144266,0,0,1.09,11.8,13.7,13.7,818.73,7939.1,1777240457.376,1777240554.829,ok
AWS,presigned,simultaneous,1024,10,2,25.910187,39.5211,0.184514,0.261167,0.244139,0.15251,0,0,2.05,5.9,13.7,13.7,816.18,7939.1,1777240561.539,1777240585.911,ok
AZURE,presigned,simultaneous,1024,10,2,37.892602,27.0237,0.407508,0.055013,0.362822,0.085331,0,0,0.81,3.0,13.7,13.7,816.25,7939.1,1777240561.33,1777240597.868,ok
GCP,presigned,simultaneous,1024,10,2,98.408808,10.4056,0.847202,0.153347,0.952193,0.162111,0,0,1.36,12.5,13.7,13.7,816.69,7939.1,1777240561.444,1777240658.858,ok
AWS,presigned,simultaneous,1024,10,3,25.145068,40.7237,0.241497,0.339123,0.237051,0.125195,0,0,1.16,3.4,13.7,13.7,816.3,7939.1,1777240665.19,1777240689.545,ok
AZURE,presigned,simultaneous,1024,10,3,36.839547,27.7962,0.230338,0.060507,0.352475,0.081462,0,0,0.69,1.9,13.7,13.7,816.26,7939.1,1777240664.915,1777240701.447,ok
GCP,presigned,simultaneous,1024,10,3,91.854031,11.1481,0.829635,0.762617,0.888294,0.112291,0,0,4.57,32.0,19.3,75.1,1259.31,7939.1,1777240665.623,1777240756.969,ok
AWS,presigned,simultaneous,1024,10,4,24.564741,41.6858,0.312778,0.26702,0.231268,0.17723,0,0,1.78,8.6,13.99,14.1,835.24,7939.1,1777240762.748,1777240787.108,ok
AZURE,presigned,simultaneous,1024,10,4,38.863501,26.3486,0.263451,0.051552,0.371526,0.094367,0,0,0.79,3.2,13.95,14.1,832.37,7939.1,1777240762.537,1777240801.07,ok
GCP,presigned,simultaneous,1024,10,4,101.333993,10.1052,1.156778,0.754263,0.980462,0.152611,0,0,0.7,6.6,13.86,14.1,828.66,7939.1,1777240763.246,1777240862.618,ok
AWS,presigned,simultaneous,1024,10,5,24.711191,41.4387,0.18925,0.253364,0.232922,0.161063,0,0,0.94,4.3,13.8,13.8,826.35,7939.1,1777240869.833,1777240894.205,ok
AZURE,presigned,simultaneous,1024,10,5,40.510746,25.2772,0.448961,0.050858,0.387322,0.092964,0,0,0.7,3.0,13.8,13.8,826.47,7939.1,1777240869.632,1777240908.193,ok
GCP,presigned,simultaneous,1024,10,5,105.047987,9.7479,1.147887,0.435918,1.016178,0.146865,0,0,0.89,5.6,13.81,13.9,826.68,7939.1,1777240870.034,1777240973.585,ok
AWS,presigned,simultaneous,1024,10,6,23.923451,42.8032,0.192661,0.283115,0.225051,0.162503,0,0,1.75,4.8,13.9,13.9,828.43,7939.1,1777240980.377,1777241002.713,ok
AZURE,presigned,simultaneous,1024,10,6,39.804219,25.7259,0.311373,0.05654,0.379953,0.077139,0,0,1.01,3.3,13.9,13.9,828.45,7939.1,1777240980.156,1777241018.71,ok
GCP,presigned,simultaneous,1024,10,6,97.477172,10.505,0.877686,0.752259,0.943176,0.131912,0,0,1.94,50.0,13.68,13.9,812.54,7939.1,1777240980.877,1777241077.15,ok
AWS,presigned,simultaneous,1024,10,7,25.493695,40.1668,0.217257,0.252663,0.240175,0.149715,0,0,3.99,38.9,13.2,13.2,777.29,7939.1,1777241083.589,1777241107.91,ok
AZURE,presigned,simultaneous,1024,10,7,39.244838,26.0926,0.370759,0.05635,0.375106,0.092192,0,0,0.74,3.7,13.2,13.2,777.23,7939.1,1777241083.392,1777241121.925,ok
GCP,presigned,simultaneous,1024,10,7,103.775926,9.8674,1.078816,0.44779,1.004265,0.144708,0,0,0.77,4.4,13.2,13.2,777.41,7939.1,1777241083.8,1777241187.254,ok
AWS,presigned,simultaneous,1024,10,8,25.030097,40.9107,0.224974,0.283933,0.235968,0.199185,0,0,1.58,6.5,13.2,13.2,777.42,7939.1,1777241192.859,1777241217.231,ok
AZURE,presigned,simultaneous,1024,10,8,40.896438,25.0389,0.372487,0.056823,0.39106,0.093037,0,0,0.91,3.4,13.2,13.2,777.41,7939.1,1777241192.632,1777241233.22,ok
GCP,presigned,simultaneous,1024,10,8,98.74222,10.3704,1.177565,0.562401,0.955227,0.143276,0,0,0.89,9.7,13.2,13.2,777.32,7939.1,1777241193.142,1777241290.733,ok
AWS,presigned,simultaneous,1024,10,9,27.100389,37.7854,0.183832,0.229468,0.255837,0.208164,0,0,0.95,2.9,13.2,13.2,777.1,7939.1,1777241297.122,1777241323.509,ok
AZURE,presigned,simultaneous,1024,10,9,39.301183,26.0552,0.3718,0.057947,0.375551,0.087424,0,0,0.8,1.7,13.2,13.2,777.1,7939.1,1777241296.947,1777241335.498,ok
GCP,presigned,simultaneous,1024,10,9,97.861282,10.4638,0.968741,0.448862,0.946871,0.141184,0,0,0.76,3.7,13.2,13.2,777.04,7939.1,1777241297.362,1777241394.813,ok
AWS,presigned,simultaneous,1024,10,10,26.677724,38.3841,0.193057,0.27821,0.251622,0.211589,0,0,6.16,62.2,13.2,13.2,776.84,7939.1,1777241400.492,1777241426.881,ok
AZURE,presigned,simultaneous,1024,10,10,39.051307,26.2219,0.353287,0.044578,0.373404,0.099435,0,0,0.77,3.3,13.2,13.2,776.81,7939.1,1777241400.264,1777241438.862,ok
GCP,presigned,simultaneous,1024,10,10,94.031191,10.89,0.830039,0.794637,0.909744,0.130522,0,0,0.73,6.8,13.2,13.2,776.71,7939.1,1777241401.021,1777241494.419,ok
AWS,server,simultaneous,1024,16,1,20.538004,49.8588,0.0,0.0,0.0,0.0,0,0,81.75,100.0,14.63,16.8,868.5,7939.1,1777241713.927,1777241759.475,ok
AZURE,server,simultaneous,1024,16,1,10.35668,98.8734,0.0,0.0,0.0,0.0,0,0,84.85,100.0,14.15,16.5,833.21,7939.1,1777241713.927,1777241751.376,ok
GCP,server,simultaneous,1024,16,1,60.368389,16.9625,0.0,0.0,0.0,0.0,0,0,46.4,100.0,15.54,16.9,943.0,7939.1,1777241713.94,1777241799.944,ok
AWS,server,simultaneous,1024,16,2,22.118197,46.2967,0.0,0.0,0.0,0.0,0,0,82.4,100.0,17.72,19.8,1113.76,7939.1,1777241805.976,1777241853.701,ok
AZURE,server,simultaneous,1024,16,2,10.333643,99.0938,0.0,0.0,0.0,0.0,0,0,85.84,100.0,17.19,19.5,1073.14,7939.1,1777241805.975,1777241843.494,ok
GCP,server,simultaneous,1024,16,2,59.963215,17.0771,0.0,0.0,0.0,0.0,0,0,48.57,100.0,17.46,19.8,1095.84,7939.1,1777241805.975,1777241892.351,ok
AWS,server,simultaneous,1024,16,3,21.76653,47.0447,0.0,0.0,0.0,0.0,0,0,78.23,100.0,17.87,19.5,1126.93,7939.1,1777241897.977,1777241950.514,ok
AZURE,server,simultaneous,1024,16,3,10.701662,95.6861,0.0,0.0,0.0,0.0,0,0,79.25,100.0,17.45,19.5,1096.23,7939.1,1777241898.004,1777241938.312,ok
GCP,server,simultaneous,1024,16,3,59.495954,17.2113,0.0,0.0,0.0,0.0,0,0,48.99,100.0,17.64,19.5,1109.92,7939.1,1777241897.996,1777241986.984,ok
AWS,server,simultaneous,1024,16,4,21.98668,46.5737,0.0,0.0,0.0,0.0,0,0,80.12,100.0,18.44,19.9,1170.31,7939.1,1777241993.886,1777242042.693,ok
AZURE,server,simultaneous,1024,16,4,9.199667,111.3084,0.0,0.0,0.0,0.0,0,0,88.74,100.0,18.06,19.9,1142.33,7939.1,1777241993.887,1777242032.329,ok
GCP,server,simultaneous,1024,16,4,60.235716,16.9999,0.0,0.0,0.0,0.0,0,0,48.93,100.0,17.97,19.9,1135.12,7939.1,1777241993.885,1777242083.003,ok
AWS,server,simultaneous,1024,16,5,21.54737,47.5232,0.0,0.0,0.0,0.0,0,0,84.79,100.0,18.23,20.0,1153.52,7939.1,1777242088.601,1777242137.294,ok
AZURE,server,simultaneous,1024,16,5,9.402445,108.9078,0.0,0.0,0.0,0.0,0,0,85.34,100.0,17.77,19.8,1120.1,7939.1,1777242088.653,1777242126.124,ok
GCP,server,simultaneous,1024,16,5,52.03854,19.6777,0.0,0.0,0.0,0.0,0,0,56.83,100.0,21.26,61.5,1397.04,7939.1,1777242088.662,1777242164.628,ok
AWS,server,simultaneous,1024,16,6,21.496701,47.6352,0.0,0.0,0.0,0.0,0,0,83.84,100.0,18.22,21.1,1154.7,7939.1,1777242171.553,1777242227.314,ok
AZURE,server,simultaneous,1024,16,6,10.37538,98.6952,0.0,0.0,0.0,0.0,0,0,94.92,100.0,18.1,21.1,1147.3,7939.1,1777242171.547,1777242215.296,ok
GCP,server,simultaneous,1024,16,6,59.576964,17.1879,0.0,0.0,0.0,0.0,0,0,52.48,100.0,17.6,21.1,1106.15,7939.1,1777242171.557,1777242263.93,ok
AWS,server,simultaneous,1024,16,7,24.492188,41.8092,0.0,0.0,0.0,0.0,0,0,84.23,100.0,17.86,19.4,1124.1,7939.1,1777242270.786,1777242322.604,ok
AZURE,server,simultaneous,1024,16,7,10.692721,95.7661,0.0,0.0,0.0,0.0,0,0,88.69,100.0,17.48,19.1,1097.35,7939.1,1777242270.788,1777242312.374,ok
GCP,server,simultaneous,1024,16,7,62.081393,16.4945,0.0,0.0,0.0,0.0,0,0,51.9,100.0,17.69,19.4,1113.55,7939.1,1777242270.793,1777242363.28,ok
AWS,server,simultaneous,1024,16,8,22.339935,45.8372,0.0,0.0,0.0,0.0,0,0,83.84,100.0,18.32,19.9,1162.12,7939.1,1777242369.096,1777242418.856,ok
AZURE,server,simultaneous,1024,16,8,9.977292,102.6331,0.0,0.0,0.0,0.0,0,0,86.12,100.0,18.05,19.7,1142.45,7939.1,1777242369.115,1777242412.711,ok
GCP,server,simultaneous,1024,16,8,52.649242,19.4495,0.0,0.0,0.0,0.0,0,0,56.56,100.0,18.01,20.0,1138.18,7939.1,1777242369.113,1777242453.429,ok
AWS,server,simultaneous,1024,16,9,21.390743,47.8712,0.0,0.0,0.0,0.0,0,0,80.44,100.0,18.39,21.4,1166.98,7939.1,1777242459.797,1777242509.473,ok
AZURE,server,simultaneous,1024,16,9,10.030319,102.0905,0.0,0.0,0.0,0.0,0,0,91.28,100.0,17.73,19.6,1117.1,7939.1,1777242459.793,1777242495.231,ok
GCP,server,simultaneous,1024,16,9,57.16282,17.9137,0.0,0.0,0.0,0.0,0,0,50.68,100.0,17.95,21.4,1133.3,7939.1,1777242459.798,1777242544.047,ok
AWS,server,simultaneous,1024,16,10,26.779486,38.2382,0.0,0.0,0.0,0.0,0,0,76.97,100.0,18.24,19.8,1156.18,7939.1,1777242549.957,1777242608.911,ok
AZURE,server,simultaneous,1024,16,10,10.441571,98.0695,0.0,0.0,0.0,0.0,0,0,79.03,100.0,17.9,19.7,1130.57,7939.1,1777242549.961,1777242596.849,ok
GCP,server,simultaneous,1024,16,10,58.000438,17.655,0.0,0.0,0.0,0.0,0,0,54.87,100.0,17.93,19.8,1131.08,7939.1,1777242549.957,1777242645.548,ok
AWS,presigned,simultaneous,1024,16,1,23.32744,43.8968,0.299651,0.258283,0.354262,0.349045,0,0,2.06,4.5,18.67,20.0,1207.97,7939.1,1777242803.246,1777242825.559,ok
AZURE,presigned,simultaneous,1024,16,1,32.691825,31.3228,0.383602,0.048339,0.501925,0.09413,0,0,0.76,3.5,18.3,20.0,1178.99,7939.1,1777242803.038,1777242835.485,ok
GCP,presigned,simultaneous,1024,16,1,68.300932,14.9925,1.153313,0.590571,1.062349,0.15154,0,0,0.85,2.9,17.77,19.8,1135.1,7939.1,1777242803.586,1777242870.54,ok
AWS,presigned,simultaneous,1024,16,2,20.180354,50.7424,0.244633,0.236492,0.305522,0.242951,0,0,5.4,16.7,17.3,17.3,1096.89,7939.1,1777242877.135,1777242895.394,ok
AZURE,presigned,simultaneous,1024,16,2,30.88868,33.1513,0.406398,0.051032,0.475499,0.084598,0,0,0.62,1.7,17.3,17.3,1096.96,7939.1,1777242876.947,1777242907.426,ok
GCP,presigned,simultaneous,1024,16,2,71.528186,14.316,1.217457,0.146836,1.112643,0.165692,0,0,0.79,4.8,17.3,17.3,1096.96,7939.1,1777242877.068,1777242948.081,ok
AWS,presigned,simultaneous,1024,16,3,18.191257,56.2908,0.256733,0.300181,0.2744,0.053492,0,0,2.53,4.2,17.2,17.2,1094.6,7939.1,1777242953.88,1777242970.123,ok
AZURE,presigned,simultaneous,1024,16,3,32.182997,31.818,0.383341,0.052101,0.494511,0.110588,0,0,0.65,1.2,17.2,17.2,1094.6,7939.1,1777242953.635,1777242984.061,ok
GCP,presigned,simultaneous,1024,16,3,70.068127,14.6143,0.949637,0.138699,1.090052,0.135165,0,0,2.69,50.0,17.2,17.2,1094.67,7939.1,1777242953.735,1777243022.721,ok
AWS,presigned,simultaneous,1024,16,4,17.346747,59.0312,0.238708,0.226577,0.2615,0.043271,0,0,10.8,48.6,17.2,17.2,1088.98,7939.1,1777243029.026,1777243045.25,ok
AZURE,presigned,simultaneous,1024,16,4,31.884012,32.1164,0.606614,0.041008,0.491059,0.102187,0,0,0.68,2.1,17.2,17.2,1089.44,7939.1,1777243028.84,1777243059.304,ok
GCP,presigned,simultaneous,1024,16,4,71.356354,14.3505,1.086471,0.146425,1.109656,0.155634,0,0,1.52,11.1,17.2,17.2,1088.93,7939.1,1777243028.95,1777243099.972,ok
AWS,presigned,simultaneous,1024,16,5,25.019685,40.9278,0.35711,0.251719,0.378997,0.380855,0,0,1.38,4.8,17.2,17.2,1089.0,7939.1,1777243105.568,1777243130.025,ok
AZURE,presigned,simultaneous,1024,16,5,31.779813,32.2217,0.413009,0.037297,0.487114,0.085058,0,0,0.86,3.8,17.2,17.2,1089.0,7939.1,1777243105.351,1777243135.906,ok
GCP,presigned,simultaneous,1024,16,5,68.303835,14.9918,0.927348,0.557714,1.062056,0.152517,0,0,0.94,3.1,17.2,17.2,1088.99,7939.1,1777243105.884,1777243172.893,ok
AWS,presigned,simultaneous,1024,16,6,18.104809,56.5596,0.251126,0.267265,0.273022,0.097008,0,0,0.89,1.8,17.2,17.2,1089.1,7939.1,1777243179.455,1777243195.679,ok
AZURE,presigned,simultaneous,1024,16,6,31.543869,32.4627,0.487443,0.04493,0.484629,0.120275,0,0,0.72,2.7,17.2,17.2,1089.14,7939.1,1777243179.238,1777243209.68,ok
GCP,presigned,simultaneous,1024,16,6,68.745504,14.8955,0.973078,0.316156,1.069072,0.13601,0,0,2.67,47.2,17.2,17.2,1089.15,7939.1,1777243179.515,1777243246.458,ok
AWS,presigned,simultaneous,1024,16,7,17.449808,58.6826,0.281791,0.222399,0.26321,0.041353,0,0,5.8,37.5,17.2,17.2,1089.54,7939.1,1777243253.494,1777243269.747,ok
AZURE,presigned,simultaneous,1024,16,7,31.756382,32.2455,0.446331,0.051577,0.489007,0.111169,0,0,0.78,3.2,17.2,17.2,1089.49,7939.1,1777243253.324,1777243283.768,ok
GCP,presigned,simultaneous,1024,16,7,69.584109,14.716,0.899786,0.151547,1.082474,0.163746,0,0,1.68,9.1,17.19,17.2,1089.36,7939.1,1777243253.43,1777243322.422,ok
AWS,presigned,simultaneous,1024,16,8,18.353177,55.7942,0.248255,0.257136,0.27701,0.120049,0,0,1.88,7.1,17.2,17.2,1088.64,7939.1,1777243328.268,1777243346.543,ok
AZURE,presigned,simultaneous,1024,16,8,30.682518,33.3741,0.405934,0.046784,0.471507,0.096391,0,0,4.88,50.8,16.74,17.2,1054.31,7939.1,1777243328.058,1777243357.489,ok
GCP,presigned,simultaneous,1024,16,8,64.897169,15.7788,0.955184,0.565563,1.00941,0.12176,0,0,2.33,19.0,16.08,17.2,1003.87,7939.1,1777243328.588,1777243391.455,ok
AWS,presigned,simultaneous,1024,16,9,18.883658,54.2268,0.342171,0.23874,0.284906,0.153278,0,0,1.23,2.8,15.5,15.5,960.0,7939.1,1777243398.725,1777243416.992,ok
AZURE,presigned,simultaneous,1024,16,9,31.265188,32.7521,0.52803,0.045135,0.480167,0.120565,0,0,0.64,1.6,15.5,15.5,960.01,7939.1,1777243398.535,1777243428.981,ok
GCP,presigned,simultaneous,1024,16,9,66.195538,15.4693,0.92113,0.551215,1.029755,0.150353,0,0,1.44,23.5,15.5,15.5,960.4,7939.1,1777243399.046,1777243463.967,ok
AWS,presigned,simultaneous,1024,16,10,18.889266,54.2107,0.301641,0.248326,0.28586,0.118615,0,0,0.8,2.7,15.5,15.5,961.03,7939.1,1777243470.499,1777243488.749,ok
AZURE,presigned,simultaneous,1024,16,10,31.093776,32.9326,0.435219,0.045993,0.478989,0.089861,0,0,0.75,1.7,15.5,15.5,961.02,7939.1,1777243470.3,1777243500.75,ok
GCP,presigned,simultaneous,1024,16,10,69.35783,14.764,0.935479,0.556178,1.078897,0.148199,0,0,0.94,3.1,15.5,15.5,961.09,7939.1,1777243470.833,1777243539.768,ok
AWS,server,simultaneous,1024,25,1,21.428954,47.7858,0.0,0.0,0.0,0.0,0,0,79.38,100.0,21.28,24.2,1396.07,7939.1,1777243730.247,1777243779.401,ok
AZURE,server,simultaneous,1024,25,1,10.848299,94.3927,0.0,0.0,0.0,0.0,0,0,83.87,100.0,20.49,23.7,1336.47,7939.1,1777243730.246,1777243767.267,ok
GCP,server,simultaneous,1024,25,1,46.679464,21.9368,0.0,0.0,0.0,0.0,0,0,52.33,100.0,21.08,24.2,1382.69,7939.1,1777243730.235,1777243807.686,ok
AWS,server,simultaneous,1024,25,2,21.639294,47.3213,0.0,0.0,0.0,0.0,0,0,85.18,100.0,21.91,24.0,1447.67,7939.1,1777243813.309,1777243865.044,ok
AZURE,server,simultaneous,1024,25,2,10.377803,98.6721,0.0,0.0,0.0,0.0,0,0,91.79,100.0,21.17,24.0,1390.78,7939.1,1777243813.302,1777243850.875,ok
GCP,server,simultaneous,1024,25,2,42.473202,24.1093,0.0,0.0,0.0,0.0,0,0,61.87,100.0,21.6,24.0,1423.35,7939.1,1777243813.31,1777243887.19,ok
AWS,server,simultaneous,1024,25,3,20.524517,49.8916,0.0,0.0,0.0,0.0,0,0,82.73,100.0,22.5,24.9,1493.6,7939.1,1777243893.889,1777243941.656,ok
AZURE,server,simultaneous,1024,25,3,10.585865,96.7328,0.0,0.0,0.0,0.0,0,0,83.24,100.0,21.72,24.8,1434.29,7939.1,1777243893.924,1777243929.567,ok
GCP,server,simultaneous,1024,25,3,43.811152,23.373,0.0,0.0,0.0,0.0,0,0,61.39,100.0,22.07,24.9,1460.66,7939.1,1777243893.927,1777243964.084,ok
AWS,server,simultaneous,1024,25,4,20.697264,49.4751,0.0,0.0,0.0,0.0,0,0,80.26,100.0,22.14,24.0,1464.64,7939.1,1777243970.117,1777244017.623,ok
AZURE,server,simultaneous,1024,25,4,10.482401,97.6875,0.0,0.0,0.0,0.0,0,0,85.44,100.0,21.65,23.6,1427.83,7939.1,1777243970.149,1777244007.542,ok
GCP,server,simultaneous,1024,25,4,46.000905,22.2604,0.0,0.0,0.0,0.0,0,0,60.09,100.0,21.76,24.0,1436.11,7939.1,1777243970.137,1777244040.02,ok
AWS,server,simultaneous,1024,25,5,21.442977,47.7546,0.0,0.0,0.0,0.0,0,0,83.1,100.0,21.97,24.7,1450.7,7939.1,1777244046.694,1777244096.074,ok
AZURE,server,simultaneous,1024,25,5,9.999742,102.4026,0.0,0.0,0.0,0.0,0,0,91.31,100.0,21.16,24.1,1390.28,7939.1,1777244046.687,1777244081.91,ok
GCP,server,simultaneous,1024,25,5,43.690643,23.4375,0.0,0.0,0.0,0.0,0,0,59.87,100.0,21.54,24.7,1418.03,7939.1,1777244046.689,1777244116.283,ok
AWS,server,simultaneous,1024,25,6,20.118812,50.8976,0.0,0.0,0.0,0.0,0,0,88.11,100.0,21.85,24.4,1440.9,7939.1,1777244121.858,1777244167.555,ok
AZURE,server,simultaneous,1024,25,6,9.849145,103.9684,0.0,0.0,0.0,0.0,0,0,83.82,100.0,21.08,24.3,1381.79,7939.1,1777244121.869,1777244157.359,ok
GCP,server,simultaneous,1024,25,6,46.000691,22.2605,0.0,0.0,0.0,0.0,0,0,59.12,100.0,21.63,24.4,1425.85,7939.1,1777244121.869,1777244193.893,ok
AWS,server,simultaneous,1024,25,7,21.276547,48.1281,0.0,0.0,0.0,0.0,0,0,86.55,100.0,31.86,77.5,2238.02,7939.1,1777244199.449,1777244257.157,ok
AZURE,server,simultaneous,1024,25,7,10.836764,94.4932,0.0,0.0,0.0,0.0,0,0,90.72,100.0,33.37,77.4,2360.23,7939.1,1777244199.466,1777244246.946,ok
GCP,server,simultaneous,1024,25,7,44.35431,23.0868,0.0,0.0,0.0,0.0,0,0,64.23,100.0,29.21,80.9,2027.9,7939.1,1777244199.459,1777244281.328,ok
AWS,server,simultaneous,1024,25,8,21.478206,47.6762,0.0,0.0,0.0,0.0,0,0,85.11,100.0,22.95,25.6,1528.59,7939.1,1777244286.641,1777244334.364,ok
AZURE,server,simultaneous,1024,25,8,10.801947,94.7977,0.0,0.0,0.0,0.0,0,0,85.07,100.0,22.05,25.5,1459.9,7939.1,1777244286.64,1777244322.059,ok
GCP,server,simultaneous,1024,25,8,45.228607,22.6405,0.0,0.0,0.0,0.0,0,0,58.97,100.0,22.78,25.6,1515.57,7939.1,1777244286.644,1777244360.751,ok
AWS,server,simultaneous,1024,25,9,22.921645,44.6739,0.0,0.0,0.0,0.0,0,0,79.52,100.0,23.94,26.2,1607.98,7939.1,1777244366.152,1777244418.029,ok
AZURE,server,simultaneous,1024,25,9,10.802408,94.7937,0.0,0.0,0.0,0.0,0,0,79.71,100.0,23.09,26.1,1543.44,7939.1,1777244366.154,1777244403.454,ok
GCP,server,simultaneous,1024,25,9,40.773261,25.1145,0.0,0.0,0.0,0.0,0,0,61.02,100.0,23.8,26.2,1597.49,7939.1,1777244366.161,1777244434.268,ok
AWS,server,simultaneous,1024,25,10,22.054664,46.4301,0.0,0.0,0.0,0.0,0,0,81.3,100.0,24.27,26.8,1633.65,7939.1,1777244441.173,1777244492.703,ok
AZURE,server,simultaneous,1024,25,10,10.534688,97.2027,0.0,0.0,0.0,0.0,0,0,87.04,100.0,23.68,26.5,1589.63,7939.1,1777244441.167,1777244480.546,ok
GCP,server,simultaneous,1024,25,10,47.279134,21.6586,0.0,0.0,0.0,0.0,0,0,62.72,100.0,23.98,26.8,1612.47,7939.1,1777244441.175,1777244514.91,ok
AWS,presigned,simultaneous,1024,25,1,15.685079,65.285,0.425394,0.249982,0.367004,0.117586,0,0,0.88,2.4,22.3,22.3,1499.94,7939.1,1777244629.422,1777244643.618,ok
AZURE,presigned,simultaneous,1024,25,1,31.455467,32.554,0.588242,0.040304,0.756739,0.159874,0,0,0.96,2.8,22.3,22.3,1499.89,7939.1,1777244629.211,1777244659.649,ok
GCP,presigned,simultaneous,1024,25,1,51.58802,19.8496,1.384183,0.555359,1.240784,0.165898,0,0,0.88,3.1,22.3,22.3,1499.85,7939.1,1777244629.727,1777244680.662,ok
AWS,presigned,simultaneous,1024,25,2,16.039532,63.8423,0.371126,0.201209,0.363876,0.112547,0,0,1.38,3.2,22.3,22.3,1499.74,7939.1,1777244686.546,1777244700.762,ok
AZURE,presigned,simultaneous,1024,25,2,29.887088,34.2623,0.709121,0.034232,0.718299,0.137316,0,0,0.72,2.9,22.3,22.3,1497.41,7939.1,1777244686.388,1777244714.761,ok
GCP,presigned,simultaneous,1024,25,2,50.604248,20.2355,1.36964,0.447196,1.227257,0.155692,0,0,1.4,14.6,22.3,22.3,1495.56,7939.1,1777244686.813,1777244736.563,ok
AWS,presigned,simultaneous,1024,25,3,14.602617,70.1244,0.366486,0.220309,0.341969,0.02653,0,0,2.09,9.1,22.3,22.3,1492.7,7939.1,1777244742.634,1777244756.82,ok
AZURE,presigned,simultaneous,1024,25,3,30.971999,33.0621,0.732374,0.03689,0.746102,0.13728,0,0,0.76,2.6,22.3,22.3,1492.76,7939.1,1777244742.446,1777244772.872,ok
GCP,presigned,simultaneous,1024,25,3,54.221091,18.8856,1.129722,0.143544,1.315318,0.128855,0,0,2.17,27.3,22.3,22.3,1492.77,7939.1,1777244742.56,1777244795.301,ok
AWS,presigned,simultaneous,1024,25,4,16.178488,63.2939,0.376127,0.215617,0.376928,0.096934,0,0,4.15,17.9,24.95,40.5,1703.64,7939.1,1777244802.005,1777244816.222,ok
AZURE,presigned,simultaneous,1024,25,4,29.750122,34.42,0.765849,0.041705,0.713026,0.15005,0,0,10.45,33.8,36.07,73.9,2587.71,7939.1,1777244801.831,1777244830.294,ok
GCP,presigned,simultaneous,1024,25,4,50.813885,20.152,1.219182,0.261011,1.229821,0.144284,0,0,6.07,35.1,30.89,74.5,2177.13,7939.1,1777244802.059,1777244852.847,ok
AWS,presigned,simultaneous,1024,25,5,16.168419,63.3333,0.323805,0.217125,0.37945,0.093815,0,0,5.95,16.0,22.5,22.6,1509.88,7939.1,1777244858.106,1777244872.329,ok
AZURE,presigned,simultaneous,1024,25,5,29.130246,35.1525,0.997241,0.041159,0.698125,0.125741,0,0,0.83,2.4,22.5,22.6,1509.49,7939.1,1777244857.951,1777244886.406,ok
GCP,presigned,simultaneous,1024,25,5,51.275724,19.9705,1.33317,0.161773,1.243031,0.158102,0,0,3.62,65.2,22.5,22.6,1508.96,7939.1,1777244858.064,1777244908.829,ok
AWS,presigned,simultaneous,1024,25,6,16.09742,63.6127,0.353193,0.271985,0.377915,0.135914,0,0,1.74,4.8,22.45,22.5,1507.64,7939.1,1777244914.618,1777244928.834,ok
AZURE,presigned,simultaneous,1024,25,6,29.360963,34.8762,0.643485,0.04521,0.704369,0.141599,0,0,1.24,8.7,22.43,22.5,1507.31,7939.1,1777244914.392,1777244942.89,ok
GCP,presigned,simultaneous,1024,25,6,48.069859,21.3023,1.31073,0.719785,1.164044,0.145723,0,0,0.72,2.0,22.42,22.5,1507.01,7939.1,1777244915.085,1777244961.991,ok
AWS,presigned,simultaneous,1024,25,7,15.048859,68.045,0.566604,0.243624,0.351046,0.048074,0,0,1.28,5.7,22.4,22.4,1506.86,7939.1,1777244968.391,1777244982.581,ok
AZURE,presigned,simultaneous,1024,25,7,28.936924,35.3873,0.649906,0.047854,0.696302,0.130951,0,0,0.61,2.1,22.4,22.4,1506.83,7939.1,1777244968.201,1777244996.598,ok
GCP,presigned,simultaneous,1024,25,7,49.955796,20.4981,1.379746,0.55244,1.211077,0.164877,0,0,1.01,4.1,22.4,22.4,1506.82,7939.1,1777244968.706,1777245017.387,ok
AWS,presigned,simultaneous,1024,25,8,16.206318,63.1852,0.381077,0.212567,0.381435,0.193168,0,0,1.28,5.4,22.4,22.4,1506.6,7939.1,1777245023.881,1777245038.093,ok
AZURE,presigned,simultaneous,1024,25,8,29.405143,34.8238,0.905728,0.042049,0.704923,0.132969,0,0,0.72,2.5,22.4,22.4,1506.71,7939.1,1777245023.715,1777245052.104,ok
GCP,presigned,simultaneous,1024,25,8,51.053307,20.0575,1.308228,0.435481,1.237697,0.158445,0,0,1.18,6.2,22.4,22.4,1506.72,7939.1,1777245024.12,1777245074.888,ok
AWS,presigned,simultaneous,1024,25,9,14.932355,68.5759,0.360837,0.19755,0.350021,0.032527,0,0,1.26,4.2,22.4,22.4,1506.84,7939.1,1777245080.371,1777245094.581,ok
AZURE,presigned,simultaneous,1024,25,9,28.275472,36.2151,0.84647,0.050458,0.677238,0.119291,0,0,0.73,1.6,22.4,22.4,1506.84,7939.1,1777245080.229,1777245106.639,ok
GCP,presigned,simultaneous,1024,25,9,50.687368,20.2023,1.078113,0.428869,1.228947,0.145152,0,0,0.98,4.0,22.4,22.4,1506.88,7939.1,1777245080.608,1777245129.29,ok
AWS,presigned,simultaneous,1024,25,10,14.493069,70.6545,0.334604,0.176446,0.339542,0.022095,0,0,1.44,4.0,22.4,22.4,1506.6,7939.1,1777245136.475,1777245150.688,ok
AZURE,presigned,simultaneous,1024,25,10,29.379775,34.8539,0.703244,0.046969,0.707324,0.198462,0,0,3.8,28.7,20.79,22.4,1377.25,7939.1,1777245136.351,1777245164.78,ok
GCP,presigned,simultaneous,1024,25,10,47.989609,21.338,1.285993,0.453009,1.163329,0.138456,0,0,4.8,50.7,20.22,22.4,1331.1,7939.1,1777245136.757,1777245184.595,ok
AWS,server,simultaneous,1024,50,1,22.441349,45.6301,0.0,0.0,0.0,0.0,0,0,84.1,100.0,24.1,29.1,1619.5,7939.1,1777245340.787,1777245390.352,ok
AZURE,server,simultaneous,1024,50,1,10.078299,101.6044,0.0,0.0,0.0,0.0,0,0,91.27,100.0,22.62,28.4,1505.7,7939.1,1777245340.789,1777245378.277,ok
GCP,server,simultaneous,1024,50,1,34.571234,29.62,0.0,0.0,0.0,0.0,0,0,71.52,100.0,23.64,29.1,1584.72,7939.1,1777245340.788,1777245400.523,ok
AWS,server,simultaneous,1024,50,2,21.713927,47.1587,0.0,0.0,0.0,0.0,0,0,90.72,100.0,33.52,76.7,2372.38,7939.1,1777245406.794,1777245473.816,ok
AZURE,server,simultaneous,1024,50,2,12.410194,82.5128,0.0,0.0,0.0,0.0,0,0,95.93,100.0,34.45,77.0,2445.67,7939.1,1777245406.788,1777245463.791,ok
GCP,server,simultaneous,1024,50,2,35.186763,29.1019,0.0,0.0,0.0,0.0,0,0,77.07,100.0,31.5,76.4,2213.25,7939.1,1777245406.79,1777245490.192,ok
AWS,server,simultaneous,1024,50,3,20.651657,49.5844,0.0,0.0,0.0,0.0,0,0,81.22,100.0,22.17,26.7,1463.6,7939.1,1777245496.893,1777245547.465,ok
AZURE,server,simultaneous,1024,50,3,11.084387,92.3822,0.0,0.0,0.0,0.0,0,0,88.41,100.0,20.59,26.4,1340.48,7939.1,1777245496.889,1777245533.071,ok
GCP,server,simultaneous,1024,50,3,31.955449,32.0446,0.0,0.0,0.0,0.0,0,0,69.07,100.0,21.63,26.7,1422.18,7939.1,1777245496.892,1777245557.602,ok
AWS,server,simultaneous,1024,50,4,20.718974,49.4233,0.0,0.0,0.0,0.0,0,0,79.64,100.0,21.11,25.7,1384.09,7939.1,1777245563.091,1777245612.004,ok
AZURE,server,simultaneous,1024,50,4,10.620476,96.4175,0.0,0.0,0.0,0.0,0,0,86.86,100.0,19.97,25.3,1295.52,7939.1,1777245563.125,1777245599.807,ok
GCP,server,simultaneous,1024,50,4,34.585207,29.608,0.0,0.0,0.0,0.0,0,0,65.83,100.0,20.69,25.7,1350.5,7939.1,1777245563.14,1777245626.15,ok
AWS,server,simultaneous,1024,50,5,21.177473,48.3533,0.0,0.0,0.0,0.0,0,0,86.32,100.0,21.8,26.5,1437.83,7939.1,1777245632.633,1777245678.324,ok
AZURE,server,simultaneous,1024,50,5,9.702105,105.5441,0.0,0.0,0.0,0.0,0,0,88.19,100.0,20.92,26.5,1368.76,7939.1,1777245632.639,1777245670.168,ok
GCP,server,simultaneous,1024,50,5,33.001935,31.0285,0.0,0.0,0.0,0.0,0,0,67.29,100.0,21.28,26.5,1396.52,7939.1,1777245632.64,1777245692.424,ok
AWS,server,simultaneous,1024,50,6,20.459023,50.0513,0.0,0.0,0.0,0.0,0,0,80.0,100.0,22.08,27.8,1459.18,7939.1,1777245699.417,1777245745.184,ok
AZURE,server,simultaneous,1024,50,6,9.92995,103.1224,0.0,0.0,0.0,0.0,0,0,87.02,100.0,20.74,26.6,1354.48,7939.1,1777245699.442,1777245735.146,ok
GCP,server,simultaneous,1024,50,6,33.041215,30.9916,0.0,0.0,0.0,0.0,0,0,72.39,100.0,21.5,27.8,1414.89,7939.1,1777245699.44,1777245757.479,ok
AWS,server,simultaneous,1024,50,7,20.714683,49.4335,0.0,0.0,0.0,0.0,0,0,88.45,100.0,21.78,27.0,1436.04,7939.1,1777245762.906,1777245808.581,ok
AZURE,server,simultaneous,1024,50,7,10.061019,101.779,0.0,0.0,0.0,0.0,0,0,87.48,100.0,20.87,27.1,1364.88,7939.1,1777245762.927,1777245800.487,ok
GCP,server,simultaneous,1024,50,7,30.785316,33.2626,0.0,0.0,0.0,0.0,0,0,73.81,100.0,21.4,27.0,1406.84,7939.1,1777245762.929,1777245820.696,ok
AWS,server,simultaneous,1024,50,8,20.927838,48.93,0.0,0.0,0.0,0.0,0,0,80.96,100.0,22.43,27.8,1486.96,7939.1,1777245826.14,1777245874.014,ok
AZURE,server,simultaneous,1024,50,8,10.089841,101.4882,0.0,0.0,0.0,0.0,0,0,87.23,100.0,20.97,27.0,1373.2,7939.1,1777245826.131,1777245861.926,ok
GCP,server,simultaneous,1024,50,8,33.862948,30.2395,0.0,0.0,0.0,0.0,0,0,67.16,100.0,21.95,27.9,1449.28,7939.1,1777245826.136,1777245886.235,ok
AWS,server,simultaneous,1024,50,9,21.358566,47.9433,0.0,0.0,0.0,0.0,0,0,85.86,100.0,22.36,27.2,1481.28,7939.1,1777245893.255,1777245938.59,ok
AZURE,server,simultaneous,1024,50,9,9.808907,104.3949,0.0,0.0,0.0,0.0,0,0,82.51,100.0,21.77,27.1,1435.71,7939.1,1777245893.259,1777245932.539,ok
GCP,server,simultaneous,1024,50,9,32.701406,31.3136,0.0,0.0,0.0,0.0,0,0,73.56,100.0,21.76,27.1,1433.78,7939.1,1777245893.263,1777245952.873,ok
AWS,server,simultaneous,1024,50,10,21.154949,48.4047,0.0,0.0,0.0,0.0,0,0,81.38,100.0,22.36,27.2,1481.63,7939.1,1777245958.309,1777246005.958,ok
AZURE,server,simultaneous,1024,50,10,9.906212,103.3695,0.0,0.0,0.0,0.0,0,0,87.07,100.0,20.96,27.2,1372.64,7939.1,1777245958.334,1777245993.815,ok
GCP,server,simultaneous,1024,50,10,32.125806,31.8747,0.0,0.0,0.0,0.0,0,0,75.95,100.0,22.08,27.2,1460.16,7939.1,1777245958.337,1777246014.134,ok
AWS,presigned,simultaneous,1024,50,1,14.490682,70.6661,0.580655,0.180277,0.663585,0.346415,0,0,7.86,16.7,19.3,19.3,1256.96,7939.1,1777246094.988,1777246109.213,ok
AZURE,presigned,simultaneous,1024,50,1,28.834766,35.5127,1.732543,0.042906,1.321334,0.298059,0,0,0.69,3.2,19.3,19.3,1256.95,7939.1,1777246094.821,1777246123.245,ok
GCP,presigned,simultaneous,1024,50,1,34.973239,29.2795,1.506013,0.148212,1.627152,0.162278,0,0,1.74,7.1,19.3,19.3,1256.94,7939.1,1777246094.957,1777246129.448,ok
AWS,presigned,simultaneous,1024,50,2,13.555068,75.5437,0.567175,0.220647,0.592199,0.13722,0,0,1.04,2.2,19.3,19.3,1256.86,7939.1,1777246135.128,1777246147.318,ok
AZURE,presigned,simultaneous,1024,50,2,26.977952,37.9569,1.474656,0.051415,1.239021,0.234019,0,0,0.71,2.7,19.3,19.3,1256.83,7939.1,1777246134.966,1777246161.326,ok
GCP,presigned,simultaneous,1024,50,2,34.290598,29.8624,1.796849,0.563024,1.607229,0.167937,0,0,2.22,20.2,19.3,19.3,1256.82,7939.1,1777246135.481,1777246167.949,ok
AWS,presigned,simultaneous,1024,50,3,14.655698,69.8704,0.556229,0.180417,0.640586,0.351972,0,0,2.11,7.1,19.3,19.3,1256.79,7939.1,1777246174.975,1777246189.218,ok
AZURE,presigned,simultaneous,1024,50,3,24.959551,41.0264,1.250411,0.045921,1.170805,0.20093,0,0,0.69,1.6,19.3,19.3,1256.75,7939.1,1777246174.828,1777246199.177,ok
GCP,presigned,simultaneous,1024,50,3,35.482993,28.8589,1.515096,0.150356,1.650635,0.131828,0,0,1.47,7.1,19.3,19.3,1256.72,7939.1,1777246174.956,1777246209.487,ok
AWS,presigned,simultaneous,1024,50,4,13.974674,73.2754,0.558219,0.180969,0.609329,0.160444,0,0,8.53,25.0,19.3,19.3,1256.57,7939.1,1777246215.637,1777246227.827,ok
AZURE,presigned,simultaneous,1024,50,4,27.619684,37.075,1.275362,0.038767,1.239476,0.222886,0,0,0.54,1.6,19.3,19.3,1256.54,7939.1,1777246215.464,1777246241.941,ok
GCP,presigned,simultaneous,1024,50,4,34.083043,30.0443,1.773637,0.14586,1.577271,0.180797,0,0,1.62,6.7,19.3,19.3,1256.53,7939.1,1777246215.601,1777246248.414,ok
AWS,presigned,simultaneous,1024,50,5,14.069211,72.783,0.586787,0.311105,0.556283,0.056899,0,0,5.57,22.0,19.3,19.3,1256.46,7939.1,1777246255.13,1777246267.38,ok
AZURE,presigned,simultaneous,1024,50,5,27.556554,37.1599,1.278104,0.151068,1.245687,0.221374,0,0,0.81,2.6,19.3,19.3,1256.43,7939.1,1777246254.921,1777246281.325,ok
GCP,presigned,simultaneous,1024,50,5,34.817173,29.4108,1.474121,0.227798,1.619894,0.157592,0,0,1.44,4.5,19.3,19.3,1256.42,7939.1,1777246255.05,1777246289.583,ok
AWS,presigned,simultaneous,1024,50,6,12.595211,81.3007,0.56319,0.178051,0.571913,0.052352,0,0,7.51,28.6,19.3,19.3,1256.4,7939.1,1777246295.006,1777246307.218,ok
AZURE,presigned,simultaneous,1024,50,6,27.022551,37.8943,1.110584,0.041545,1.227619,0.280531,0,0,0.69,2.7,19.27,19.3,1254.06,7939.1,1777246294.861,1777246321.29,ok
GCP,presigned,simultaneous,1024,50,6,36.428599,28.1098,1.744063,0.421899,1.681564,0.187837,0,0,1.36,2.6,19.26,19.3,1252.77,7939.1,1777246295.245,1777246329.783,ok
AWS,presigned,simultaneous,1024,50,7,15.098267,67.8224,0.570116,0.17329,0.662284,0.436912,0,0,3.48,12.5,19.2,19.2,1248.3,7939.1,1777246336.874,1777246351.092,ok
AZURE,presigned,simultaneous,1024,50,7,28.61619,35.7839,1.494723,0.041436,1.311147,0.197708,0,0,0.95,3.0,19.2,19.2,1248.26,7939.1,1777246336.722,1777246365.169,ok
GCP,presigned,simultaneous,1024,50,7,35.56478,28.7925,1.698233,0.144142,1.665022,0.127194,0,0,2.73,15.8,19.2,19.2,1248.25,7939.1,1777246336.83,1777246371.351,ok
AWS,presigned,simultaneous,1024,50,8,12.53436,81.6954,0.591402,0.173988,0.571632,0.081731,0,0,1.76,8.0,19.2,19.2,1248.2,7939.1,1777246377.583,1777246389.754,ok
AZURE,presigned,simultaneous,1024,50,8,27.499469,37.2371,1.516488,0.039297,1.261766,0.261495,0,0,0.54,1.1,19.2,19.2,1248.19,7939.1,1777246377.442,1777246403.81,ok
GCP,presigned,simultaneous,1024,50,8,35.534869,28.8168,1.746438,0.450568,1.654816,0.153567,0,0,2.15,13.5,19.2,19.2,1248.17,7939.1,1777246377.86,1777246412.312,ok
AWS,presigned,simultaneous,1024,50,9,12.994306,78.8037,0.599888,0.174745,0.564441,0.044865,0,0,1.76,8.3,19.2,19.2,1248.04,7939.1,1777246418.589,1777246430.759,ok
AZURE,presigned,simultaneous,1024,50,9,25.665568,39.8978,1.445177,0.049362,1.204568,0.210076,0,0,0.57,1.3,19.2,19.2,1247.98,7939.1,1777246418.459,1777246442.8,ok
GCP,presigned,simultaneous,1024,50,9,34.572053,29.6193,1.69051,0.213738,1.608538,0.134772,0,0,1.76,8.1,19.2,19.2,1247.96,7939.1,1777246418.649,1777246453.126,ok
AWS,presigned,simultaneous,1024,50,10,12.38661,82.6699,0.559526,0.201226,0.561109,0.055187,0,0,4.0,20.0,19.2,19.2,1247.9,7939.1,1777246458.405,1777246470.605,ok
AZURE,presigned,simultaneous,1024,50,10,27.895176,36.7089,2.474415,0.046502,1.279644,0.351295,0,0,0.66,1.3,19.2,19.2,1247.9,7939.1,1777246458.253,1777246484.625,ok
GCP,presigned,simultaneous,1024,50,10,35.408637,28.9195,1.478263,0.257652,1.648972,0.150617,0,0,2.52,10.5,19.2,19.2,1247.88,7939.1,1777246458.501,1777246493.01,ok
AWS,server,simultaneous,1024,100,1,25.508752,40.1431,0.0,0.0,0.0,0.0,0,0,89.19,100.0,31.88,66.3,2236.85,7939.1,1777246625.93,1777246677.649,ok
AZURE,server,simultaneous,1024,100,1,12.269397,83.4597,0.0,0.0,0.0,0.0,0,0,86.66,100.0,23.02,37.8,1536.37,7939.1,1777246625.942,1777246661.41,ok
GCP,server,simultaneous,1024,100,1,30.758236,33.2919,0.0,0.0,0.0,0.0,0,0,85.77,100.0,31.02,65.6,2168.84,7939.1,1777246625.942,1777246681.829,ok
AWS,server,simultaneous,1024,100,2,21.753465,47.073,0.0,0.0,0.0,0.0,0,0,91.31,100.0,24.7,33.0,1666.95,7939.1,1777246688.537,1777246737.232,ok
AZURE,server,simultaneous,1024,100,2,10.903811,93.9121,0.0,0.0,0.0,0.0,0,0,83.87,100.0,23.45,33.0,1568.21,7939.1,1777246688.522,1777246732.285,ok
GCP,server,simultaneous,1024,100,2,28.112802,36.4247,0.0,0.0,0.0,0.0,0,0,71.73,100.0,23.46,33.1,1568.91,7939.1,1777246688.533,1777246750.561,ok
AWS,server,simultaneous,1024,100,3,21.039709,48.6699,0.0,0.0,0.0,0.0,0,0,88.15,100.0,24.07,33.4,1617.2,7939.1,1777246755.782,1777246803.81,ok
AZURE,server,simultaneous,1024,100,3,11.051381,92.6581,0.0,0.0,0.0,0.0,0,0,85.34,100.0,20.99,33.0,1375.46,7939.1,1777246755.789,1777246791.517,ok
GCP,server,simultaneous,1024,100,3,24.939351,41.0596,0.0,0.0,0.0,0.0,0,0,75.24,100.0,23.54,33.4,1576.33,7939.1,1777246755.785,1777246809.866,ok
AWS,server,simultaneous,1024,100,4,20.149024,50.8213,0.0,0.0,0.0,0.0,0,0,91.88,100.0,24.46,33.6,1649.23,7939.1,1777246815.127,1777246860.904,ok
AZURE,server,simultaneous,1024,100,4,10.1759,100.6299,0.0,0.0,0.0,0.0,0,0,90.66,100.0,22.62,33.6,1504.18,7939.1,1777246815.142,1777246852.759,ok
GCP,server,simultaneous,1024,100,4,26.278437,38.9673,0.0,0.0,0.0,0.0,0,0,77.38,100.0,24.06,33.7,1617.73,7939.1,1777246815.14,1777246867.002,ok
AWS,server,simultaneous,1024,100,5,20.475294,50.0115,0.0,0.0,0.0,0.0,0,0,86.84,100.0,24.54,34.1,1655.03,7939.1,1777246873.07,1777246920.583,ok
AZURE,server,simultaneous,1024,100,5,11.007769,93.0252,0.0,0.0,0.0,0.0,0,0,87.02,100.0,22.27,33.5,1476.81,7939.1,1777246873.086,1777246910.428,ok
GCP,server,simultaneous,1024,100,5,26.489001,38.6576,0.0,0.0,0.0,0.0,0,0,78.74,100.0,24.24,34.1,1630.97,7939.1,1777246873.077,1777246924.528,ok
AWS,server,simultaneous,1024,100,6,20.80387,49.2216,0.0,0.0,0.0,0.0,0,0,82.4,100.0,24.77,35.2,1674.32,7939.1,1777246929.939,1777246979.068,ok
AZURE,server,simultaneous,1024,100,6,10.706314,95.6445,0.0,0.0,0.0,0.0,0,0,78.77,100.0,21.57,33.7,1423.37,7939.1,1777246929.943,1777246966.852,ok
GCP,server,simultaneous,1024,100,6,26.124088,39.1975,0.0,0.0,0.0,0.0,0,0,81.75,100.0,24.6,35.4,1660.98,7939.1,1777246929.937,1777246982.964,ok
AWS,server,simultaneous,1024,100,7,21.318333,48.0338,0.0,0.0,0.0,0.0,0,0,83.9,100.0,25.09,34.2,1697.73,7939.1,1777246988.843,1777247036.109,ok
AZURE,server,simultaneous,1024,100,7,9.812346,104.3583,0.0,0.0,0.0,0.0,0,0,93.96,100.0,22.84,33.6,1521.66,7939.1,1777246988.858,1777247025.931,ok
GCP,server,simultaneous,1024,100,7,26.231201,39.0375,0.0,0.0,0.0,0.0,0,0,75.92,100.0,24.84,34.2,1678.55,7939.1,1777246988.855,1777247040.084,ok
AWS,server,simultaneous,1024,100,8,21.92111,46.713,0.0,0.0,0.0,0.0,0,0,85.43,100.0,25.25,35.0,1710.88,7939.1,1777247047.012,1777247094.607,ok
AZURE,server,simultaneous,1024,100,8,10.086412,101.5227,0.0,0.0,0.0,0.0,0,0,88.44,100.0,22.71,33.8,1509.98,7939.1,1777247047.034,1777247084.377,ok
GCP,server,simultaneous,1024,100,8,26.315781,38.912,0.0,0.0,0.0,0.0,0,0,79.92,100.0,25.05,35.0,1695.76,7939.1,1777247047.031,1777247098.525,ok
AWS,server,simultaneous,1024,100,9,20.670174,49.54,0.0,0.0,0.0,0.0,0,0,87.2,100.0,24.83,34.3,1678.07,7939.1,1777247103.837,1777247151.18,ok
AZURE,server,simultaneous,1024,100,9,10.457901,97.9164,0.0,0.0,0.0,0.0,0,0,90.99,100.0,21.8,33.6,1439.92,7939.1,1777247103.823,1777247139.002,ok
GCP,server,simultaneous,1024,100,9,27.31905,37.483,0.0,0.0,0.0,0.0,0,0,78.87,100.0,24.41,34.3,1644.12,7939.1,1777247103.844,1777247157.123,ok
AWS,server,simultaneous,1024,100,10,20.004329,51.1889,0.0,0.0,0.0,0.0,0,0,85.08,100.0,24.54,34.1,1654.87,7939.1,1777247163.451,1777247208.983,ok
AZURE,server,simultaneous,1024,100,10,9.876673,103.6786,0.0,0.0,0.0,0.0,0,0,85.0,100.0,21.24,33.6,1396.8,7939.1,1777247163.452,1777247196.771,ok
GCP,server,simultaneous,1024,100,10,27.963524,36.6191,0.0,0.0,0.0,0.0,0,0,82.13,100.0,23.98,34.1,1610.75,7939.1,1777247163.448,1777247217.143,ok
AWS,presigned,simultaneous,1024,100,1,11.947218,85.7103,1.023437,0.252203,0.977333,0.215699,0,0,8.2,35.6,19.62,34.9,1281.37,7939.1,1777247283.356,1777247293.501,ok
AZURE,presigned,simultaneous,1024,100,1,25.400996,40.3134,1.995494,1.372237,2.223788,0.510912,0,0,7.64,62.8,15.39,17.5,946.92,7939.1,1777247284.469,1777247308.815,ok
GCP,presigned,simultaneous,1024,100,1,26.730908,38.3077,2.252576,0.162464,2.357571,0.387332,0,0,6.58,39.4,17.04,39.7,1077.25,7939.1,1777247283.244,1777247309.641,ok
AWS,presigned,simultaneous,1024,100,2,12.190614,83.999,1.005704,0.188907,1.013402,0.274551,0,0,0.88,1.5,12.68,13.0,733.95,7939.1,1777247315.171,1777247325.364,ok
AZURE,presigned,simultaneous,1024,100,2,26.006257,39.3751,2.092821,0.045694,2.275866,0.639423,0,0,0.85,1.7,12.58,13.0,726.73,7939.1,1777247315.024,1777247339.375,ok
GCP,presigned,simultaneous,1024,100,2,26.626696,38.4576,2.47119,0.420606,2.351915,0.398485,0,0,1.9,5.3,12.57,12.9,725.1,7939.1,1777247315.408,1777247341.794,ok
AWS,presigned,simultaneous,1024,100,3,12.680604,80.7533,1.070897,0.194724,1.051665,0.330883,0,0,9.47,44.7,12.6,12.6,724.64,7939.1,1777247347.268,1777247359.453,ok
AZURE,presigned,simultaneous,1024,100,3,23.141355,44.2498,2.193296,0.037999,2.00526,0.509713,0,0,0.74,1.9,12.59,12.6,724.33,7939.1,1777247347.079,1777247369.434,ok
GCP,presigned,simultaneous,1024,100,3,26.626835,38.4574,2.341519,0.145267,2.349332,0.312724,0,0,2.06,8.3,12.6,12.6,724.63,7939.1,1777247347.19,1777247373.585,ok
AWS,presigned,simultaneous,1024,100,4,11.526975,88.8351,1.007447,0.187741,0.947313,0.214015,0,0,1.35,3.7,12.6,12.6,724.6,7939.1,1777247379.054,1777247389.202,ok
AZURE,presigned,simultaneous,1024,100,4,26.33044,38.8903,2.577812,0.041865,2.293238,0.565248,0,0,0.65,2.3,12.6,12.6,724.6,7939.1,1777247378.867,1777247403.256,ok
GCP,presigned,simultaneous,1024,100,4,27.891274,36.714,2.340858,0.149168,2.459621,0.344128,0,0,5.54,40.0,12.6,12.6,724.59,7939.1,1777247378.976,1777247405.339,ok
AWS,presigned,simultaneous,1024,100,5,11.743918,87.1941,0.99902,0.204026,0.969253,0.19259,0,0,1.32,3.2,12.6,12.6,724.5,7939.1,1777247412.077,1777247422.216,ok
AZURE,presigned,simultaneous,1024,100,5,25.141159,40.73,2.355458,0.045918,2.197406,0.57505,0,0,1.04,2.7,12.6,12.6,724.5,7939.1,1777247411.917,1777247436.282,ok
GCP,presigned,simultaneous,1024,100,5,26.643617,38.4332,2.340931,0.741288,2.354189,0.36868,0,0,0.95,2.1,12.6,12.6,724.49,7939.1,1777247412.634,1777247439.031,ok
AWS,presigned,simultaneous,1024,100,6,12.85462,79.6601,1.001079,0.168937,0.997076,0.17114,0,0,2.19,10.3,12.6,12.6,724.3,7939.1,1777247444.46,1777247457.255,ok
AZURE,presigned,simultaneous,1024,100,6,28.183239,36.3337,2.732684,0.045931,2.232622,0.573082,0,0,0.73,1.5,12.6,12.6,724.18,7939.1,1777247444.315,1777247471.521,ok
GCP,presigned,simultaneous,1024,100,6,32.522256,31.4861,2.604477,0.147977,2.781759,1.085977,0,0,1.81,8.7,12.6,12.6,724.11,7939.1,1777247444.432,1777247475.817,ok
AWS,presigned,simultaneous,1024,100,7,12.176393,84.0972,1.081433,0.179756,0.954238,0.215625,0,0,9.15,16.7,12.6,12.6,723.6,7939.1,1777247482.186,1777247492.324,ok
AZURE,presigned,simultaneous,1024,100,7,27.305801,37.5012,3.092777,0.053628,2.359636,0.653401,0,0,0.58,1.4,12.6,12.6,723.6,7939.1,1777247482.019,1777247508.379,ok
GCP,presigned,simultaneous,1024,100,7,27.330462,37.4674,2.369754,0.130619,2.391516,0.27988,0,0,1.94,6.7,12.6,12.6,723.59,7939.1,1777247482.152,1777247508.534,ok
AWS,presigned,simultaneous,1024,100,8,11.690337,87.5937,1.007701,0.166184,0.961044,0.207039,0,0,6.83,16.7,12.6,12.6,723.5,7939.1,1777247514.637,1777247524.79,ok
AZURE,presigned,simultaneous,1024,100,8,28.479817,35.9553,2.683739,0.048928,2.448662,0.691313,0,0,0.8,2.7,12.6,12.6,723.47,7939.1,1777247514.486,1777247542.941,ok
GCP,presigned,simultaneous,1024,100,8,27.267158,37.5543,2.606567,0.138676,2.364,0.398632,0,0,1.68,8.0,12.6,12.6,723.49,7939.1,1777247514.608,1777247541.171,ok
AWS,presigned,simultaneous,1024,100,9,11.932525,85.8159,1.033998,0.168716,0.956473,0.202621,0,0,0.45,1.0,12.6,12.6,723.3,7939.1,1777247548.17,1777247558.333,ok
AZURE,presigned,simultaneous,1024,100,9,26.883392,38.0904,2.751091,0.044478,2.350165,0.645691,0,0,0.7,2.9,12.6,12.6,723.3,7939.1,1777247548.027,1777247574.419,ok
GCP,presigned,simultaneous,1024,100,9,26.52719,38.6019,2.309559,0.147468,2.327672,0.29838,0,0,1.53,4.5,12.6,12.6,723.3,7939.1,1777247548.145,1777247574.546,ok
AWS,presigned,simultaneous,1024,100,10,11.850106,86.4127,0.996489,0.185869,0.966948,0.212399,0,0,8.63,22.2,12.6,12.6,723.5,7939.1,1777247580.155,1777247590.308,ok
AZURE,presigned,simultaneous,1024,100,10,25.775563,39.7276,2.306313,0.077467,2.249572,0.587972,0,0,0.97,3.2,12.6,12.6,723.47,7939.1,1777247580.002,1777247604.373,ok
GCP,presigned,simultaneous,1024,100,10,26.924307,38.0325,2.392622,0.133674,2.371118,0.392911,0,0,1.0,5.0,12.6,12.6,723.47,7939.1,1777247580.098,1777247606.503,ok
AWS,server,simultaneous,2048,5,1,47.765792,42.8759,0.0,0.0,0.0,0.0,0,0,81.4,100.0,14.56,15.4,857.78,7939.1,1777254231.098,1777254398.168,ok
AZURE,server,simultaneous,2048,5,1,20.276402,101.0041,0.0,0.0,0.0,0.0,0,0,82.03,100.0,14.43,15.4,849.1,7939.1,1777254231.083,1777254373.724,ok
GCP,server,simultaneous,2048,5,1,276.855584,7.3974,0.0,0.0,0.0,0.0,0,0,28.87,100.0,14.4,15.4,838.63,7939.1,1777254231.104,1777254627.36,ok
AWS,server,simultaneous,2048,5,2,41.740764,49.0647,0.0,0.0,0.0,0.0,0,0,84.96,100.0,20.91,76.0,1363.19,7939.1,1777254633.184,1777254809.511,ok
AZURE,server,simultaneous,2048,5,2,22.139398,92.5048,0.0,0.0,0.0,0.0,0,0,90.23,100.0,22.16,75.7,1466.06,7939.1,1777254633.184,1777254786.999,ok
GCP,server,simultaneous,2048,5,2,273.87234,7.4779,0.0,0.0,0.0,0.0,0,0,31.33,100.0,15.79,75.8,951.92,7939.1,1777254633.197,1777255041.136,ok
AWS,server,simultaneous,2048,5,3,43.379346,47.2114,0.0,0.0,0.0,0.0,0,0,76.62,100.0,13.67,14.3,786.3,7939.1,1777255047.731,1777255197.442,ok
AZURE,server,simultaneous,2048,5,3,20.111789,101.8308,0.0,0.0,0.0,0.0,0,0,77.47,100.0,13.55,14.4,779.18,7939.1,1777255047.705,1777255175.289,ok
GCP,server,simultaneous,2048,5,3,270.220849,7.579,0.0,0.0,0.0,0.0,0,0,26.41,100.0,14.71,75.0,863.02,7939.1,1777255047.733,1777255423.279,ok
AWS,server,simultaneous,2048,5,4,42.997705,47.6304,0.0,0.0,0.0,0.0,0,0,72.3,100.0,13.55,14.6,778.46,7939.1,1777255428.867,1777255636.782,ok
AZURE,server,simultaneous,2048,5,4,21.445908,95.4961,0.0,0.0,0.0,0.0,0,0,78.85,100.0,13.35,14.1,766.24,7939.1,1777255428.909,1777255604.456,ok
GCP,server,simultaneous,2048,5,4,263.765356,7.7645,0.0,0.0,0.0,0.0,0,0,28.0,100.0,13.48,14.4,764.94,7939.1,1777255428.892,1777255856.649,ok
AWS,server,simultaneous,2048,5,5,49.789498,41.1332,0.0,0.0,0.0,0.0,0,0,82.71,100.0,20.09,80.7,1297.25,7939.1,1777255863.205,1777256057.974,ok
AZURE,server,simultaneous,2048,5,5,22.647502,90.4294,0.0,0.0,0.0,0.0,0,0,87.26,100.0,21.54,81.2,1415.45,7939.1,1777255863.183,1777256029.732,ok
GCP,server,simultaneous,2048,5,5,270.411572,7.5736,0.0,0.0,0.0,0.0,0,0,34.95,100.0,16.18,81.1,984.53,7939.1,1777255863.216,1777256275.421,ok
AWS,server,simultaneous,2048,5,6,46.189373,44.3392,0.0,0.0,0.0,0.0,0,0,78.68,100.0,14.09,14.9,820.11,7939.1,1777256281.791,1777256428.35,ok
AZURE,server,simultaneous,2048,5,6,21.235652,96.4416,0.0,0.0,0.0,0.0,0,0,81.32,100.0,13.98,14.9,812.81,7939.1,1777256281.784,1777256409.843,ok
GCP,server,simultaneous,2048,5,6,276.412025,7.4092,0.0,0.0,0.0,0.0,0,0,26.32,100.0,15.56,71.5,931.59,7939.1,1777256281.774,1777256660.062,ok
AWS,server,simultaneous,2048,5,7,44.505282,46.017,0.0,0.0,0.0,0.0,0,0,79.12,100.0,15.14,15.8,903.28,7939.1,1777256666.885,1777256839.578,ok
AZURE,server,simultaneous,2048,5,7,19.523237,104.9006,0.0,0.0,0.0,0.0,0,0,80.2,100.0,14.96,15.7,891.68,7939.1,1777256666.846,1777256813.009,ok
GCP,server,simultaneous,2048,5,7,276.319996,7.4117,0.0,0.0,0.0,0.0,0,0,28.55,100.0,14.33,15.9,834.06,7939.1,1777256666.873,1777257069.966,ok
AWS,server,simultaneous,2048,5,8,42.383115,48.3211,0.0,0.0,0.0,0.0,0,0,80.75,100.0,13.49,14.3,772.74,7939.1,1777257076.045,1777257244.003,ok
AZURE,server,simultaneous,2048,5,8,22.90985,89.3939,0.0,0.0,0.0,0.0,0,0,78.56,100.0,13.56,14.3,781.42,7939.1,1777257076.039,1777257219.45,ok
GCP,server,simultaneous,2048,5,8,291.132844,7.0346,0.0,0.0,0.0,0.0,0,0,23.61,100.0,13.07,14.3,735.75,7939.1,1777257076.05,1777257489.731,ok
AWS,server,simultaneous,2048,5,9,50.515127,40.5423,0.0,0.0,0.0,0.0,0,0,74.06,100.0,13.3,14.0,754.99,7939.1,1777257495.624,1777257696.388,ok
AZURE,server,simultaneous,2048,5,9,23.162658,88.4182,0.0,0.0,0.0,0.0,0,0,79.85,100.0,12.96,13.5,733.7,7939.1,1777257495.625,1777257647.358,ok
GCP,server,simultaneous,2048,5,9,279.249337,7.3339,0.0,0.0,0.0,0.0,0,0,29.18,100.0,14.54,74.1,850.39,7939.1,1777257495.631,1777257921.997,ok
AWS,server,simultaneous,2048,5,10,43.906113,46.645,0.0,0.0,0.0,0.0,0,0,79.74,100.0,14.1,14.8,814.37,7939.1,1777257929.101,1777258094.096,ok
AZURE,server,simultaneous,2048,5,10,20.21267,101.3226,0.0,0.0,0.0,0.0,0,0,82.27,100.0,13.99,14.8,807.25,7939.1,1777257929.082,1777258076.013,ok
GCP,server,simultaneous,2048,5,10,277.734589,7.3739,0.0,0.0,0.0,0.0,0,0,26.83,100.0,13.91,14.8,791.51,7939.1,1777257929.087,1777258334.229,ok
AWS,presigned,simultaneous,2048,5,1,70.626941,28.9974,0.131923,0.492988,0.167751,0.059546,0,0,2.47,54.2,11.2,11.2,607.05,7939.1,1777259110.547,1777259179.662,ok
AZURE,presigned,simultaneous,2048,5,1,106.390339,19.2499,0.282442,0.066064,0.255471,0.07245,0,0,0.7,2.4,11.2,11.2,607.4,7939.1,1777259110.124,1777259215.9,ok
GCP,presigned,simultaneous,2048,5,1,375.498462,5.4541,0.823673,0.609274,0.911062,0.154225,0,0,2.63,13.9,11.2,11.2,606.7,7939.1,1777259110.696,1777259484.459,ok
AWS,presigned,simultaneous,2048,5,2,70.956138,28.8629,0.15349,0.465399,0.166694,0.035748,0,0,0.98,3.8,11.2,11.2,607.86,7939.1,1777259491.651,1777259560.82,ok
AZURE,presigned,simultaneous,2048,5,2,105.208864,19.466,0.366864,0.060512,0.252327,0.077301,0,0,0.73,3.2,11.2,11.2,607.2,7939.1,1777259491.25,1777259595.085,ok
GCP,presigned,simultaneous,2048,5,2,384.579361,5.3253,0.755771,0.560121,0.935567,0.155113,0,0,0.88,44.6,11.22,11.3,609.19,7939.1,1777259491.754,1777259874.452,ok
AWS,presigned,simultaneous,2048,5,3,70.117856,29.208,0.174229,0.483147,0.166343,0.099774,0,0,0.95,2.5,11.2,11.2,608.33,7939.1,1777259881.845,1777259950.897,ok
AZURE,presigned,simultaneous,2048,5,3,102.025668,20.0734,0.196501,0.069015,0.245087,0.0658,0,0,0.8,11.2,11.2,11.2,608.37,7939.1,1777259881.436,1777259983.004,ok
GCP,presigned,simultaneous,2048,5,3,387.035075,5.2915,1.048615,0.575418,0.941531,0.149194,0,0,0.85,16.7,11.2,11.2,608.39,7939.1,1777259881.947,1777260267.984,ok
AWS,presigned,simultaneous,2048,5,4,67.457225,30.36,0.153226,0.48934,0.159366,0.092875,0,0,1.39,3.5,11.26,11.3,612.05,7939.1,1777260274.481,1777260341.512,ok
AZURE,presigned,simultaneous,2048,5,4,97.133114,21.0845,0.23115,0.0654,0.233269,0.057545,0,0,0.95,6.1,11.25,11.3,611.01,7939.1,1777260274.059,1777260369.499,ok
GCP,presigned,simultaneous,2048,5,4,372.939073,5.4915,0.746093,0.566744,0.907527,0.159039,0,0,0.89,11.5,11.21,11.3,608.36,7939.1,1777260274.567,1777260646.158,ok
AWS,presigned,simultaneous,2048,5,5,70.862203,28.9012,0.227512,0.576696,0.168259,0.043471,0,0,14.12,66.0,11.82,13.8,657.37,7939.1,1777260653.114,1777260722.224,ok
AZURE,presigned,simultaneous,2048,5,5,106.048138,19.312,0.244847,0.066713,0.254776,0.082872,0,0,7.66,58.0,11.82,13.8,656.61,7939.1,1777260652.61,1777260758.56,ok
GCP,presigned,simultaneous,2048,5,5,362.100531,5.6559,1.026671,0.781073,0.881047,0.151397,0,0,2.69,86.8,11.71,13.3,647.44,7939.1,1777260653.334,1777261014.911,ok
AWS,presigned,simultaneous,2048,5,6,74.338157,27.5498,0.156646,0.59425,0.176469,0.098564,0,0,1.13,7.5,11.47,11.5,632.11,7939.1,1777261021.033,1777261094.418,ok
AZURE,presigned,simultaneous,2048,5,6,105.487635,19.4146,0.350559,0.065345,0.252967,0.080345,0,0,0.72,3.8,11.45,11.5,630.66,7939.1,1777261020.735,1777261124.532,ok
GCP,presigned,simultaneous,2048,5,6,367.771395,5.5687,0.658259,0.835552,0.894549,0.162751,0,0,1.34,50.7,10.55,11.5,556.41,7939.1,1777261021.283,1777261387.807,ok
AWS,presigned,simultaneous,2048,5,7,69.708676,29.3794,0.145301,0.481552,0.164237,0.068858,0,0,1.04,4.1,10.2,10.2,529.09,7939.1,1777261394.595,1777261463.714,ok
AZURE,presigned,simultaneous,2048,5,7,105.38228,19.434,0.198813,0.073089,0.253244,0.070852,0,0,0.72,3.3,10.2,10.2,529.28,7939.1,1777261394.18,1777261497.691,ok
GCP,presigned,simultaneous,2048,5,7,364.406414,5.6201,0.747247,0.560493,0.885417,0.154401,0,0,1.05,43.0,10.2,10.2,527.92,7939.1,1777261394.691,1777261758.39,ok
AWS,presigned,simultaneous,2048,5,8,72.529531,28.2368,0.143648,0.559029,0.168524,0.113847,0,0,2.46,11.8,10.25,10.3,531.98,7939.1,1777261764.675,1777261836.081,ok
AZURE,presigned,simultaneous,2048,5,8,107.757668,19.0056,0.396313,0.068001,0.258919,0.078335,0,0,1.06,16.5,10.26,10.3,532.3,7939.1,1777261764.175,1777261871.893,ok
GCP,presigned,simultaneous,2048,5,8,380.93877,5.3762,0.79394,0.474815,0.926992,0.15839,0,0,0.56,3.1,10.22,10.3,531.37,7939.1,1777261764.602,1777262144.167,ok
AWS,presigned,simultaneous,2048,5,9,77.879929,26.2969,0.162672,0.483294,0.184944,0.092299,0,0,1.06,4.2,10.28,10.3,536.03,7939.1,1777262151.027,1777262228.39,ok
AZURE,presigned,simultaneous,2048,5,9,109.329431,18.7324,0.248593,0.053556,0.262352,0.082446,0,0,2.02,50.7,10.27,10.3,534.76,7939.1,1777262150.598,1777262259.269,ok
GCP,presigned,simultaneous,2048,5,9,383.852763,5.3354,0.64573,0.585467,0.933913,0.162943,0,0,0.97,18.2,10.16,10.3,526.54,7939.1,1777262151.134,1777262533.519,ok
AWS,presigned,simultaneous,2048,5,10,70.446352,29.0718,0.259248,0.820064,0.166197,0.055401,0,0,2.73,66.4,10.15,10.2,525.13,7939.1,1777262540.875,1777262610.012,ok
AZURE,presigned,simultaneous,2048,5,10,118.495342,17.2834,0.324064,0.122222,0.284836,0.079576,0,0,0.67,2.2,10.17,10.2,525.19,7939.1,1777262540.178,1777262656.68,ok
GCP,presigned,simultaneous,2048,5,10,387.864036,5.2802,1.025138,0.928773,0.943728,0.161557,0,0,0.93,9.1,10.15,10.2,525.05,7939.1,1777262541.008,1777262926.943,ok
AWS,server,simultaneous,2048,8,1,48.426519,42.2909,0.0,0.0,0.0,0.0,0,0,77.52,100.0,13.8,14.8,794.69,7939.1,1777263677.39,1777263908.625,ok
AZURE,server,simultaneous,2048,8,1,23.090042,88.6962,0.0,0.0,0.0,0.0,0,0,84.56,100.0,13.28,13.8,758.08,7939.1,1777263677.418,1777263857.451,ok
GCP,server,simultaneous,2048,8,1,199.688676,10.256,0.0,0.0,0.0,0.0,0,0,37.12,100.0,13.91,14.8,800.48,7939.1,1777263677.418,1777264058.951,ok
AWS,server,simultaneous,2048,8,2,43.077717,47.542,0.0,0.0,0.0,0.0,0,0,80.19,100.0,14.15,15.4,825.1,7939.1,1777264066.437,1777264251.17,ok
AZURE,server,simultaneous,2048,8,2,21.518783,95.1727,0.0,0.0,0.0,0.0,0,0,77.16,100.0,14.24,15.4,832.96,7939.1,1777264066.474,1777264240.974,ok
GCP,server,simultaneous,2048,8,2,177.62574,11.5299,0.0,0.0,0.0,0.0,0,0,40.72,100.0,15.0,78.4,892.23,7939.1,1777264066.492,1777264365.043,ok
AWS,server,simultaneous,2048,8,3,47.958227,42.7038,0.0,0.0,0.0,0.0,0,0,80.27,100.0,12.98,14.3,731.06,7939.1,1777264371.68,1777264557.366,ok
AZURE,server,simultaneous,2048,8,3,22.427249,91.3175,0.0,0.0,0.0,0.0,0,0,87.54,100.0,12.69,14.3,709.89,7939.1,1777264371.692,1777264531.113,ok
GCP,server,simultaneous,2048,8,3,199.645392,10.2582,0.0,0.0,0.0,0.0,0,0,39.26,100.0,13.0,14.3,724.98,7939.1,1777264371.684,1777264705.894,ok
AWS,server,simultaneous,2048,8,4,50.305082,40.7116,0.0,0.0,0.0,0.0,0,0,74.95,100.0,15.44,46.4,915.65,7939.1,1777264713.407,1777264887.247,ok
AZURE,server,simultaneous,2048,8,4,22.378498,91.5164,0.0,0.0,0.0,0.0,0,0,80.3,100.0,13.29,14.9,747.64,7939.1,1777264713.405,1777264856.838,ok
GCP,server,simultaneous,2048,8,4,178.052077,11.5023,0.0,0.0,0.0,0.0,0,0,41.29,100.0,15.76,56.1,942.92,7939.1,1777264713.432,1777265005.829,ok
AWS,server,simultaneous,2048,8,5,43.211783,47.3945,0.0,0.0,0.0,0.0,0,0,79.79,100.0,15.05,16.3,895.57,7939.1,1777265013.014,1777265194.798,ok
AZURE,server,simultaneous,2048,8,5,23.443616,87.3585,0.0,0.0,0.0,0.0,0,0,83.75,100.0,14.57,15.9,861.22,7939.1,1777265013.035,1777265160.352,ok
GCP,server,simultaneous,2048,8,5,200.398375,10.2196,0.0,0.0,0.0,0.0,0,0,33.15,100.0,15.1,16.3,894.75,7939.1,1777265013.026,1777265361.523,ok
AWS,server,simultaneous,2048,8,6,47.925589,42.7329,0.0,0.0,0.0,0.0,0,0,82.24,100.0,16.47,38.2,1007.82,7939.1,1777265367.868,1777265529.508,ok
AZURE,server,simultaneous,2048,8,6,24.623638,83.1721,0.0,0.0,0.0,0.0,0,0,84.54,100.0,16.41,37.2,1005.72,7939.1,1777265367.875,1777265505.144,ok
GCP,server,simultaneous,2048,8,6,177.001391,11.5705,0.0,0.0,0.0,0.0,0,0,38.48,100.0,16.01,39.4,967.29,7939.1,1777265367.879,1777265657.509,ok
AWS,server,simultaneous,2048,8,7,44.798681,45.7156,0.0,0.0,0.0,0.0,0,0,80.69,100.0,16.08,17.6,977.58,7939.1,1777265664.36,1777265825.166,ok
AZURE,server,simultaneous,2048,8,7,21.913051,93.4603,0.0,0.0,0.0,0.0,0,0,80.9,100.0,15.84,17.2,960.19,7939.1,1777265664.338,1777265807.437,ok
GCP,server,simultaneous,2048,8,7,201.126487,10.1826,0.0,0.0,0.0,0.0,0,0,32.71,100.0,16.12,17.5,976.21,7939.1,1777265664.369,1777265985.653,ok
AWS,server,simultaneous,2048,8,8,48.285352,42.4145,0.0,0.0,0.0,0.0,0,0,85.18,100.0,22.05,78.0,1453.16,7939.1,1777265992.51,1777266204.493,ok
AZURE,server,simultaneous,2048,8,8,24.055671,85.1359,0.0,0.0,0.0,0.0,0,0,84.49,100.0,21.72,78.0,1427.94,7939.1,1777265992.53,1777266194.303,ok
GCP,server,simultaneous,2048,8,8,198.152681,10.3355,0.0,0.0,0.0,0.0,0,0,38.67,100.0,18.73,78.1,1183.37,7939.1,1777265992.526,1777266370.66,ok
AWS,server,simultaneous,2048,8,9,43.562063,47.0134,0.0,0.0,0.0,0.0,0,0,77.16,100.0,16.46,17.4,1007.4,7939.1,1777266376.601,1777266515.707,ok
AZURE,server,simultaneous,2048,8,9,23.738792,86.2723,0.0,0.0,0.0,0.0,0,0,79.68,100.0,16.28,17.3,994.37,7939.1,1777266376.598,1777266497.347,ok
GCP,server,simultaneous,2048,8,9,195.134799,10.4953,0.0,0.0,0.0,0.0,0,0,34.69,100.0,16.07,17.4,971.81,7939.1,1777266376.603,1777266667.703,ok
AWS,server,simultaneous,2048,8,10,43.092466,47.5257,0.0,0.0,0.0,0.0,0,0,80.33,100.0,16.48,19.6,1008.64,7939.1,1777266673.408,1777266838.052,ok
AZURE,server,simultaneous,2048,8,10,22.316847,91.7692,0.0,0.0,0.0,0.0,0,0,81.72,100.0,16.4,19.3,1004.13,7939.1,1777266673.394,1777266820.755,ok
GCP,server,simultaneous,2048,8,10,193.3173,10.594,0.0,0.0,0.0,0.0,0,0,34.33,100.0,16.09,18.9,973.91,7939.1,1777266673.375,1777266994.008,ok
AWS,presigned,simultaneous,2048,8,1,59.45302,34.4474,0.211247,0.431272,0.224532,0.164745,0,0,1.22,4.8,13.8,13.8,815.64,7939.1,1777267515.73,1777267574.557,ok
AZURE,presigned,simultaneous,2048,8,1,84.632495,24.1987,0.456551,0.063547,0.326583,0.085519,0,0,0.68,3.2,13.8,13.8,815.72,7939.1,1777267515.369,1777267598.574,ok
GCP,presigned,simultaneous,2048,8,1,245.411838,8.3452,1.146792,0.768941,0.956589,0.176991,0,0,1.43,50.6,13.51,13.8,793.55,7939.1,1777267516.077,1777267760.221,ok
AWS,presigned,simultaneous,2048,8,2,52.151289,39.2704,0.224173,0.385663,0.199031,0.087089,0,0,2.85,54.0,12.2,12.2,689.61,7939.1,1777267766.885,1777267817.649,ok
AZURE,presigned,simultaneous,2048,8,2,84.83866,24.1399,0.28081,0.065067,0.327493,0.075411,0,0,0.57,1.5,12.2,12.2,690.56,7939.1,1777267766.559,1777267849.773,ok
GCP,presigned,simultaneous,2048,8,2,237.643459,8.618,1.11384,0.579995,0.926251,0.152447,0,0,0.68,5.3,12.14,12.2,686.43,7939.1,1777267767.081,1777268004.338,ok
AWS,presigned,simultaneous,2048,8,3,57.25817,35.7678,0.182576,0.427283,0.215093,0.064362,0,0,0.97,2.9,12.2,12.2,688.73,7939.1,1777268010.161,1777268065.905,ok
AZURE,presigned,simultaneous,2048,8,3,91.946729,22.2738,0.440945,0.066273,0.349718,0.085979,0,0,1.01,13.2,12.2,12.2,689.82,7939.1,1777268009.806,1777268100.024,ok
GCP,presigned,simultaneous,2048,8,3,256.582279,7.9818,1.138429,0.800433,0.996002,0.176991,0,0,0.6,3.7,12.2,12.2,690.28,7939.1,1777268010.559,1777268266.961,ok
AWS,presigned,simultaneous,2048,8,4,53.435149,38.3268,0.202996,0.491606,0.203737,0.097655,0,0,1.21,6.4,12.2,12.2,692.95,7939.1,1777268272.64,1777268325.387,ok
AZURE,presigned,simultaneous,2048,8,4,87.741698,23.3412,0.279177,0.067143,0.338405,0.124338,0,0,0.94,5.8,12.2,12.2,692.81,7939.1,1777268272.22,1777268359.471,ok
GCP,presigned,simultaneous,2048,8,4,252.821997,8.1006,0.841601,0.805106,0.985422,0.262055,0,0,0.63,4.7,12.2,12.2,691.27,7939.1,1777268272.963,1777268524.711,ok
AWS,presigned,simultaneous,2048,8,5,56.394103,36.3159,0.18303,0.38151,0.215353,0.18082,0,0,4.55,54.0,12.2,12.2,689.28,7939.1,1777268531.173,1777268587.309,ok
AZURE,presigned,simultaneous,2048,8,5,87.436432,23.4227,0.428828,0.057032,0.337122,0.108196,0,0,0.7,2.6,12.2,12.2,689.03,7939.1,1777268530.848,1777268617.604,ok
GCP,presigned,simultaneous,2048,8,5,236.057992,8.6758,1.114431,0.574833,0.919521,0.15599,0,0,1.51,50.3,11.79,12.2,656.57,7939.1,1777268531.372,1777268766.337,ok
AWS,presigned,simultaneous,2048,8,6,54.062863,37.8818,0.20358,0.517083,0.205869,0.114129,0,0,1.14,5.7,10.84,10.9,582.72,7939.1,1777268772.962,1777268825.791,ok
AZURE,presigned,simultaneous,2048,8,6,86.475098,23.6831,0.535891,0.057034,0.33356,0.108078,0,0,0.77,3.8,10.87,10.9,583.21,7939.1,1777268772.493,1777268857.711,ok
GCP,presigned,simultaneous,2048,8,6,236.722399,8.6515,0.85398,0.519071,0.92225,0.140372,0,0,2.01,33.3,10.89,10.9,584.36,7939.1,1777268772.979,1777269008.214,ok
AWS,presigned,simultaneous,2048,8,7,50.062943,40.9085,0.180043,0.388068,0.19043,0.058867,0,0,1.93,6.1,10.9,10.9,587.09,7939.1,1777269015.089,1777269063.789,ok
AZURE,presigned,simultaneous,2048,8,7,83.898417,24.4105,0.323845,0.067645,0.323669,0.077348,0,0,0.64,2.8,10.9,10.9,587.56,7939.1,1777269014.768,1777269098.007,ok
GCP,presigned,simultaneous,2048,8,7,249.418594,8.2111,1.104553,0.278828,0.971922,0.219027,0,0,0.84,8.3,10.87,10.9,586.36,7939.1,1777269014.986,1777269264.264,ok
AWS,presigned,simultaneous,2048,8,8,50.160793,40.8287,0.178104,0.366375,0.19079,0.064273,0,0,1.26,4.7,10.82,10.9,583.31,7939.1,1777269269.789,1777269318.507,ok
AZURE,presigned,simultaneous,2048,8,8,87.941541,23.2882,0.302471,0.047943,0.339482,0.082539,0,0,0.72,1.6,10.81,10.9,583.0,7939.1,1777269269.462,1777269356.683,ok
GCP,presigned,simultaneous,2048,8,8,239.251479,8.56,0.962439,0.579854,0.932255,0.166489,0,0,1.12,36.2,10.81,10.9,582.83,7939.1,1777269270.002,1777269507.318,ok
AWS,presigned,simultaneous,2048,8,9,53.623713,38.1921,0.166335,0.379196,0.20424,0.132845,0,0,1.19,5.3,10.9,10.9,585.7,7939.1,1777269514.641,1777269567.435,ok
AZURE,presigned,simultaneous,2048,8,9,84.289863,24.2971,0.305516,0.060331,0.325114,0.082109,0,0,0.78,3.0,10.9,10.9,586.68,7939.1,1777269514.316,1777269597.649,ok
GCP,presigned,simultaneous,2048,8,9,255.995323,8.0001,1.140973,0.570094,0.996366,0.323487,0,0,0.67,5.3,10.89,10.9,585.93,7939.1,1777269514.837,1777269770.334,ok
AWS,presigned,simultaneous,2048,8,10,66.489949,30.8016,0.168059,0.389299,0.252834,0.215152,0,0,3.62,22.2,10.9,10.9,585.42,7939.1,1777269776.225,1777269841.181,ok
AZURE,presigned,simultaneous,2048,8,10,94.469493,21.679,0.488717,0.050124,0.36491,0.092352,0,0,0.67,2.2,10.9,10.9,585.74,7939.1,1777269775.887,1777269869.424,ok
GCP,presigned,simultaneous,2048,8,10,262.942361,7.7888,0.770816,0.339711,1.024853,0.39988,0,0,1.7,61.4,10.89,10.9,584.71,7939.1,1777269776.182,1777270037.637,ok
